target,height_cm,trial,sample_i,u,v,latency_ms
1,10,1,0,0.19,0.15252,64.37
1,10,1,1,0.18986,0.15415,78.62
1,10,1,2,0.18968,0.15497,49.7
1,10,1,3,0.18955,0.15656,41.57
1,10,1,4,0.1898,0.15668,46.05
1,10,1,5,0.19025,0.15644,67.39
1,10,1,6,0.19033,0.1554,38.87
1,10,1,7,0.19026,0.1544,42.14
1,10,1,8,0.1901,0.15313,45.47
1,10,1,9,0.18985,0.15047,44.21
1,10,1,10,0.18937,0.14925,38.87
1,10,1,11,0.18901,0.14672,45.18
1,10,1,12,0.1887,0.14348,35.63
1,10,1,13,0.18852,0.1417,65.01
1,10,1,14,0.18841,0.14073,35.97
1,10,1,15,0.1884,0.14009,67.75
1,10,1,16,0.18839,0.13968,80.01
1,10,1,17,0.18841,0.14038,46.22
1,10,1,18,0.18817,0.14178,33.68
1,10,1,19,0.18819,0.14363,38.89
1,10,1,20,0.18836,0.1446,61.07
1,10,1,21,0.18826,0.14577,75.98
1,10,1,22,0.18841,0.14712,56.66
1,10,1,23,0.18863,0.14955,40.66
1,10,1,24,0.18884,0.15066,45.93
1,10,1,25,0.18906,0.15217,39.49
1,10,1,26,0.18954,0.15369,68.9
1,10,1,27,0.18979,0.15595,43.47
1,10,1,28,0.18991,0.15656,41.27
1,10,1,29,0.18991,0.15634,62.9
1,10,1,30,0.18988,0.15675,69.11
1,10,1,31,0.18944,0.15634,47.37
1,10,1,32,0.18911,0.1556,43.45
1,10,1,33,0.18891,0.15745,39.2
1,10,1,34,0.18901,0.1561,47.37
1,10,1,35,0.18918,0.15393,41.97
1,10,1,36,0.18956,0.15369,43.73
1,10,1,37,0.18972,0.15462,41.07
1,10,1,38,0.18952,0.15587,36.13
1,10,1,39,0.18922,0.15706,46.46
1,10,1,40,0.18885,0.15847,49.6
1,10,1,41,0.1885,0.15934,47.38
1,10,1,42,0.18854,0.16021,35.82
1,10,1,43,0.18866,0.16032,90.67
1,10,1,44,0.18884,0.15921,49.73
1,10,1,45,0.1889,0.15637,42.55
1,10,1,46,0.18891,0.15323,53.66
1,10,1,47,0.18928,0.1518,49.37
1,10,1,48,0.18974,0.1533,42.67
1,10,1,49,0.19029,0.15551,38.17
1,10,1,50,0.19084,0.15801,41.96
1,10,1,51,0.19136,0.16024,44.37
1,10,1,52,0.19179,0.16234,36.84
1,10,1,53,0.19188,0.16465,42.76
1,10,1,54,0.19176,0.16491,39.05
1,10,1,55,0.19157,0.16454,36.86
1,10,1,56,0.19142,0.16428,39.78
1,10,1,57,0.19119,0.16317,45.78
1,10,1,58,0.19095,0.16233,72.0
1,10,1,59,0.19094,0.16102,51.0
1,10,1,60,0.19095,0.15883,44.89
1,10,1,61,0.19096,0.15562,69.48
1,10,1,62,0.19094,0.15297,57.9
1,10,1,63,0.19119,0.14999,45.66
1,10,1,64,0.1916,0.14551,41.29
1,10,1,65,0.19194,0.14294,38.91
1,10,1,66,0.19272,0.14018,35.67
1,10,1,67,0.19355,0.13729,36.71
1,10,1,68,0.19405,0.13608,37.42
1,10,1,69,0.19407,0.13606,38.35
1,10,1,70,0.19382,0.13616,46.01
1,10,1,71,0.19341,0.13572,55.88
1,10,1,72,0.19313,0.137,79.68
1,10,1,73,0.19303,0.14065,63.45
1,10,1,74,0.19293,0.14587,45.0
1,10,1,75,0.19252,0.15063,40.66
1,10,1,76,0.19248,0.15573,45.37
1,10,1,77,0.19258,0.15929,39.87
1,10,1,78,0.19268,0.16198,43.26
1,10,1,79,0.19273,0.16461,42.32
1,10,1,80,0.19297,0.16479,39.02
1,10,1,81,0.19298,0.16369,39.04
1,10,1,82,0.19319,0.16216,45.88
1,10,1,83,0.19322,0.16232,39.28
1,10,1,84,0.19318,0.16398,42.01
1,10,1,85,0.19308,0.1665,48.17
1,10,1,86,0.19294,0.16843,37.09
1,10,1,87,0.19266,0.16797,42.02
1,10,1,88,0.1928,0.16672,40.64
1,10,1,89,0.19265,0.16357,39.9
1,10,1,90,0.19269,0.16049,35.92
1,10,1,91,0.19282,0.15891,38.11
1,10,1,92,0.193,0.15562,41.97
1,10,1,93,0.19326,0.15282,53.66
1,10,1,94,0.19326,0.1517,89.89
1,10,1,95,0.19316,0.15264,76.75
1,10,1,96,0.19335,0.15346,52.26
1,10,1,97,0.1933,0.15432,37.89
1,10,1,98,0.19311,0.15529,65.22
1,10,1,99,0.19288,0.1567,45.13
1,10,1,100,0.19252,0.15685,37.86
1,10,1,101,0.19262,0.15822,49.48
1,10,1,102,0.1926,0.15949,44.97
1,10,1,103,0.19251,0.16102,48.47
1,10,1,104,0.19271,0.16133,39.53
1,10,1,105,0.19265,0.16012,37.59
1,10,1,106,0.19252,0.15931,45.97
1,10,1,107,0.19235,0.15854,39.45
1,10,1,108,0.19225,0.15944,40.84
1,10,1,109,0.19218,0.16106,48.91
1,10,1,110,0.19211,0.16231,65.45
1,10,1,111,0.19202,0.16184,56.23
1,10,1,112,0.19194,0.16203,45.38
1,10,1,113,0.1919,0.16303,36.29
1,10,1,114,0.19186,0.16339,33.98
1,10,1,115,0.19144,0.16271,44.8
1,10,1,116,0.19124,0.16174,42.37
1,10,1,117,0.19125,0.16101,41.32
1,10,1,118,0.19136,0.15999,42.72
1,10,1,119,0.19149,0.15908,53.08
1,10,1,120,0.19166,0.15825,94.55
1,10,1,121,0.19186,0.15884,75.55
1,10,1,122,0.192,0.15817,92.3
1,10,1,123,0.19226,0.15959,43.75
1,10,1,124,0.19242,0.16139,42.94
1,10,1,125,0.19247,0.16235,42.12
1,10,1,126,0.19249,0.16264,38.44
1,10,1,127,0.19244,0.16248,46.1
1,10,1,128,0.19232,0.16159,40.53
1,10,1,129,0.19217,0.15993,47.31
1,10,1,130,0.19217,0.15985,55.27
1,10,1,131,0.19226,0.15966,37.81
1,10,1,132,0.19212,0.15926,40.04
1,10,1,133,0.19143,0.15652,39.44
1,10,1,134,0.19105,0.15456,49.05
1,10,1,135,0.19053,0.154,52.07
1,10,1,136,0.1898,0.15312,42.49
1,10,1,137,0.18974,0.15226,47.09
1,10,1,138,0.1896,0.15098,88.26
1,10,1,139,0.18977,0.15077,75.96
1,10,1,140,0.19008,0.15189,48.83
1,10,1,141,0.19045,0.15341,48.31
1,10,1,142,0.19097,0.15244,42.44
1,10,1,143,0.19144,0.15019,55.23
1,10,1,144,0.19177,0.14777,48.89
1,10,1,145,0.19204,0.14373,45.25
1,10,1,146,0.19223,0.14059,43.67
1,10,1,147,0.19213,0.13738,64.46
1,10,1,148,0.19184,0.13451,38.47
1,10,1,149,0.19161,0.13445,39.11
1,10,1,150,0.19113,0.13616,33.49
1,10,1,151,0.19093,0.13873,33.58
1,10,1,152,0.19063,0.14062,36.07
1,10,1,153,0.19035,0.14317,36.66
1,10,1,154,0.1904,0.14615,38.03
1,10,1,155,0.19056,0.14703,41.3
1,10,1,156,0.19046,0.14816,38.57
1,10,1,157,0.19031,0.14943,63.36
1,10,1,158,0.19039,0.15066,65.04
1,10,1,159,0.1906,0.15277,36.09
1,10,1,160,0.19075,0.15299,42.45
1,10,1,161,0.19127,0.15254,38.26
1,10,1,162,0.1917,0.15016,34.85
1,10,1,163,0.19211,0.14667,37.91
1,10,1,164,0.19211,0.14356,46.5
1,10,1,165,0.1922,0.13891,36.21
1,10,1,166,0.19227,0.13489,45.23
1,10,1,167,0.19231,0.1316,40.41
1,10,1,168,0.19205,0.12907,43.48
1,10,1,169,0.19206,0.12842,42.33
1,10,1,170,0.19186,0.12741,39.58
1,10,1,171,0.19183,0.12585,39.98
1,10,1,172,0.19161,0.12573,37.52
1,10,1,173,0.19138,0.12585,50.17
1,10,1,174,0.19123,0.12687,42.21
1,10,1,175,0.19104,0.12815,36.21
1,10,1,176,0.19116,0.12802,35.67
1,10,1,177,0.19143,0.12732,44.31
1,10,1,178,0.1918,0.12837,39.05
1,10,1,179,0.19208,0.12943,41.48
1,10,1,180,0.19224,0.12856,36.75
1,10,1,181,0.1923,0.12671,39.14
1,10,1,182,0.1923,0.1242,44.8
1,10,2,0,0.18303,0.11513,51.95
1,10,2,1,0.18357,0.11045,43.9
1,10,2,2,0.18425,0.10524,33.18
1,10,2,3,0.18451,0.1013,37.05
1,10,2,4,0.18465,0.09828,40.53
1,10,2,5,0.18462,0.09443,47.27
1,10,2,6,0.18461,0.09313,39.95
1,10,2,7,0.1846,0.09276,37.83
1,10,2,8,0.18442,0.09667,44.55
1,10,2,9,0.18374,0.1019,48.41
1,10,2,10,0.18292,0.1078,37.9
1,10,2,11,0.18217,0.1132,47.15
1,10,2,12,0.1815,0.11839,34.71
1,10,2,13,0.18084,0.12311,37.75
1,10,2,14,0.18048,0.12552,41.02
1,10,2,15,0.18064,0.12477,45.09
1,10,2,16,0.18113,0.12546,36.33
1,10,2,17,0.18136,0.12647,40.15
1,10,2,18,0.18145,0.12926,40.9
1,10,2,19,0.18141,0.12986,45.98
1,10,2,20,0.18068,0.13047,72.17
1,10,2,21,0.17983,0.12986,74.29
1,10,2,22,0.17869,0.12595,40.24
1,10,2,23,0.17777,0.12225,40.33
1,10,2,24,0.17659,0.12051,34.11
1,10,2,25,0.17534,0.11996,37.55
1,10,2,26,0.1745,0.12107,36.34
1,10,2,27,0.17367,0.1235,31.67
1,10,2,28,0.17331,0.12276,44.43
1,10,2,29,0.17314,0.12202,54.0
1,10,2,30,0.17334,0.12045,41.42
1,10,2,31,0.17328,0.11756,40.68
1,10,2,32,0.17316,0.11707,38.02
1,10,2,33,0.1734,0.11814,34.3
1,10,2,34,0.17342,0.11658,48.72
1,10,2,35,0.17336,0.1154,44.18
1,10,2,36,0.1736,0.11341,40.61
1,10,2,37,0.17455,0.11336,40.78
1,10,2,38,0.17559,0.11301,38.69
1,10,2,39,0.17656,0.11025,36.47
1,10,2,40,0.17769,0.1074,59.87
1,10,2,41,0.17891,0.10833,57.02
1,10,2,42,0.17983,0.10892,43.14
1,10,2,43,0.18043,0.10869,38.85
1,10,2,44,0.18078,0.10776,46.07
1,10,2,45,0.1814,0.10616,50.71
1,10,2,46,0.18187,0.10957,43.54
1,10,2,47,0.18251,0.11405,41.91
1,10,2,48,0.18322,0.11703,44.19
1,10,2,49,0.18396,0.12147,73.48
1,10,2,50,0.18463,0.12643,54.97
1,10,2,51,0.18553,0.13272,39.85
1,10,2,52,0.18568,0.13527,53.53
1,10,2,53,0.18589,0.13669,56.87
1,10,2,54,0.18591,0.14183,74.74
1,10,2,55,0.18608,0.14439,57.0
1,10,2,56,0.1863,0.14674,35.45
1,10,2,57,0.18669,0.14699,82.54
1,10,2,58,0.1871,0.14547,64.2
1,10,2,59,0.18763,0.14313,70.91
1,10,2,60,0.18799,0.14076,65.55
1,10,2,61,0.1885,0.13888,48.38
1,10,2,62,0.18909,0.13575,41.35
1,10,2,63,0.18932,0.13415,52.3
1,10,2,64,0.18962,0.13254,45.87
1,10,2,65,0.18964,0.13029,36.28
1,10,2,66,0.18945,0.1269,42.76
1,10,2,67,0.18955,0.12402,52.24
1,10,2,68,0.18949,0.1221,41.86
1,10,2,69,0.18943,0.12143,75.92
1,10,2,70,0.18912,0.12147,66.24
1,10,2,71,0.18906,0.12204,73.56
1,10,2,72,0.18887,0.12291,46.02
1,10,2,73,0.18864,0.12593,47.11
1,10,2,74,0.18845,0.12993,41.73
1,10,2,75,0.18832,0.13222,45.17
1,10,2,76,0.1879,0.13445,42.01
1,10,2,77,0.18748,0.13574,43.19
1,10,2,78,0.18655,0.13456,36.91
1,10,2,79,0.18543,0.13364,37.82
1,10,2,80,0.18387,0.13044,46.47
1,10,2,81,0.18266,0.12684,36.63
1,10,2,82,0.18202,0.12485,50.09
1,10,2,83,0.1817,0.1226,39.8
1,10,2,84,0.18152,0.12116,42.44
1,10,2,85,0.18181,0.12075,65.68
1,10,2,86,0.18187,0.12054,44.74
1,10,2,87,0.18211,0.11952,39.64
1,10,2,88,0.18245,0.11972,36.48
1,10,2,89,0.18277,0.119,40.11
1,10,2,90,0.18333,0.11989,52.02
1,10,2,91,0.18397,0.1217,42.01
1,10,2,92,0.18461,0.12319,120.68
1,10,2,93,0.18513,0.12441,121.65
1,10,2,94,0.18581,0.12422,81.44
1,10,2,95,0.1861,0.1236,47.8
1,10,2,96,0.18632,0.12258,45.71
1,10,2,97,0.18655,0.12287,37.9
1,10,2,98,0.18678,0.12513,43.71
1,10,2,99,0.18701,0.12835,47.37
1,10,2,100,0.18721,0.13194,38.61
1,10,2,101,0.18734,0.13143,35.87
1,10,2,102,0.18745,0.13102,38.31
1,10,2,103,0.18763,0.13153,37.39
1,10,2,104,0.18784,0.13358,44.59
1,10,2,105,0.18796,0.13469,44.9
1,10,2,106,0.18831,0.13588,41.92
1,10,2,107,0.18837,0.13738,34.77
1,10,2,108,0.18855,0.13769,45.76
1,10,2,109,0.18846,0.1382,46.2
1,10,2,110,0.18858,0.13932,45.94
1,10,2,111,0.18839,0.13937,52.49
1,10,2,112,0.18802,0.13646,43.55
1,10,2,113,0.18771,0.13554,46.46
1,10,2,114,0.18793,0.13623,34.69
1,10,2,115,0.18795,0.13716,41.78
1,10,2,116,0.18778,0.13515,46.05
1,10,2,117,0.18789,0.13314,38.99
1,10,2,118,0.18788,0.13225,44.54
1,10,2,119,0.18787,0.13208,42.63
1,10,2,120,0.18782,0.1313,48.9
1,10,2,121,0.18746,0.12972,41.17
1,10,2,122,0.18711,0.12954,34.68
1,10,2,123,0.18679,0.12933,40.45
1,10,2,124,0.18648,0.12955,40.75
1,10,2,125,0.18622,0.1293,42.13
1,10,2,126,0.18601,0.12954,41.83
1,10,2,127,0.18583,0.12974,37.03
1,10,2,128,0.18596,0.12794,80.1
1,10,2,129,0.18621,0.12544,71.92
1,10,2,130,0.18662,0.12387,48.01
1,10,2,131,0.18694,0.12169,42.15
1,10,2,132,0.18695,0.12091,50.78
1,10,2,133,0.18705,0.11996,43.07
1,10,2,134,0.1869,0.11982,70.64
1,10,2,135,0.18659,0.11966,46.69
1,10,2,136,0.18623,0.11964,41.43
1,10,2,137,0.18619,0.12025,47.26
1,10,2,138,0.18628,0.12112,72.47
1,10,2,139,0.18644,0.12286,79.2
1,10,2,140,0.18629,0.12548,47.2
1,10,2,141,0.18633,0.12745,101.19
1,10,2,142,0.18642,0.12799,80.35
1,10,2,143,0.18656,0.129,60.89
1,10,2,144,0.18678,0.13047,66.26
1,10,2,145,0.187,0.13232,45.54
1,10,2,146,0.18716,0.13322,48.5
1,10,2,147,0.18726,0.13379,39.5
1,10,2,148,0.1874,0.13436,46.6
1,10,2,149,0.18714,0.13342,38.68
1,10,2,150,0.18674,0.13193,60.97
1,10,2,151,0.18633,0.13078,38.4
1,10,2,152,0.18584,0.12978,34.13
1,10,2,153,0.18535,0.12655,37.26
1,10,2,154,0.18485,0.12398,61.11
1,10,2,155,0.18481,0.12278,43.45
1,10,2,156,0.18542,0.12265,41.57
1,10,2,157,0.18612,0.1229,40.51
1,10,2,158,0.18673,0.12258,55.09
1,10,2,159,0.18706,0.12399,50.84
1,10,2,160,0.18765,0.12684,52.52
1,10,2,161,0.18833,0.13088,46.69
1,10,2,162,0.18901,0.13594,36.26
1,10,2,163,0.18912,0.13835,37.29
1,10,2,164,0.18923,0.13898,33.09
1,10,2,165,0.18944,0.13862,47.57
1,10,2,166,0.18956,0.13663,42.26
1,10,2,167,0.18935,0.13558,39.79
1,10,2,168,0.18904,0.13519,68.09
1,10,2,169,0.18869,0.13385,40.57
1,10,2,170,0.18844,0.13316,39.71
1,10,2,171,0.18823,0.13287,38.44
1,10,2,172,0.18842,0.13174,54.85
1,10,2,173,0.18842,0.13029,40.26
1,10,2,174,0.18835,0.1286,51.4
1,10,2,175,0.18838,0.13043,44.01
1,10,2,176,0.18804,0.13264,41.45
1,10,2,177,0.18794,0.13489,37.05
1,10,2,178,0.1879,0.13426,52.99
1,10,2,179,0.18764,0.13353,49.04
1,10,2,180,0.18754,0.13121,36.23
1,10,2,181,0.18751,0.13012,81.6
1,10,2,182,0.18719,0.12942,58.85
1,10,2,183,0.18667,0.1313,46.65
1,10,2,184,0.18665,0.13367,36.01
1,10,2,185,0.1868,0.13658,41.1
1,10,2,186,0.18666,0.13875,40.25
1,10,2,187,0.1868,0.14143,31.53
1,10,2,188,0.18697,0.14463,37.37
1,10,2,189,0.18729,0.14344,59.26
1,10,2,190,0.18757,0.14094,41.86
1,10,2,191,0.18785,0.1374,47.52
1,10,2,192,0.18846,0.13408,37.86
1,10,2,193,0.18904,0.13078,38.36
1,10,2,194,0.18961,0.12846,39.78
1,10,2,195,0.19006,0.12488,41.26
1,10,2,196,0.19049,0.12211,41.24
1,10,2,197,0.19082,0.12052,41.03
1,10,2,198,0.19106,0.11898,38.05
1,10,2,199,0.19127,0.11785,33.96
1,10,2,200,0.19144,0.11774,40.43
1,10,2,201,0.19159,0.11794,37.37
1,10,2,202,0.19172,0.11855,40.94
1,10,2,203,0.19173,0.11793,46.92
1,10,2,204,0.19204,0.11832,51.02
1,10,2,205,0.19242,0.11908,44.77
1,10,2,206,0.1929,0.11966,43.13
1,10,2,207,0.1937,0.12033,40.63
1,10,2,208,0.19417,0.12066,38.57
1,10,2,209,0.19444,0.12117,34.89
1,10,2,210,0.19453,0.12232,40.59
1,10,2,211,0.19485,0.1232,41.48
1,10,2,212,0.19515,0.1224,67.61
1,10,2,213,0.1955,0.12277,47.41
1,10,2,214,0.19584,0.1225,37.45
1,10,2,215,0.19615,0.12317,50.43
1,10,2,216,0.19648,0.12438,44.74
1,10,2,217,0.1967,0.12549,35.57
1,10,2,218,0.19656,0.12466,40.43
1,10,2,219,0.19627,0.12264,50.04
1,10,2,220,0.19597,0.12064,46.23
1,10,2,221,0.19572,0.11922,74.44
1,10,2,222,0.19547,0.11801,57.09
1,10,2,223,0.19522,0.11595,41.15
1,10,2,224,0.19514,0.11642,49.49
1,10,2,225,0.19503,0.11752,37.78
1,10,2,226,0.19486,0.11838,63.43
1,10,2,227,0.19499,0.11983,42.03
1,10,2,228,0.19527,0.12092,50.48
1,10,2,229,0.19557,0.12323,38.85
1,10,2,230,0.19595,0.12583,44.21
1,10,2,231,0.19633,0.1275,43.65
1,10,2,232,0.1964,0.13031,47.82
1,10,2,233,0.19627,0.13106,43.72
1,10,2,234,0.19611,0.13147,45.12
1,10,2,235,0.1956,0.1307,37.67
1,10,2,236,0.19527,0.12882,36.46
1,10,2,237,0.19485,0.12679,40.21
1,10,2,238,0.1944,0.12456,54.09
1,10,2,239,0.194,0.12352,42.37
1,10,2,240,0.19397,0.12379,88.37
1,10,2,241,0.19378,0.12422,87.55
1,10,2,242,0.1938,0.12493,63.92
1,10,2,243,0.19392,0.12528,59.03
1,10,2,244,0.19404,0.12609,45.43
1,10,2,245,0.19416,0.12532,75.24
1,10,2,246,0.19429,0.12493,55.03
1,10,2,247,0.19443,0.12509,44.73
1,10,3,0,0.197,0.1192,49.03
1,10,3,1,0.19592,0.11709,43.09
1,10,3,2,0.19539,0.11607,56.28
1,10,3,3,0.19483,0.11421,40.37
1,10,3,4,0.19415,0.11183,40.14
1,10,3,5,0.1938,0.10939,44.5
1,10,3,6,0.19367,0.10909,42.97
1,10,3,7,0.19393,0.1085,51.53
1,10,3,8,0.19431,0.10793,34.26
1,10,3,9,0.19467,0.10714,59.36
1,10,3,10,0.1952,0.10624,44.85
1,10,3,11,0.19584,0.10644,66.45
1,10,3,12,0.19642,0.10741,99.04
1,10,3,13,0.19692,0.10779,76.56
1,10,3,14,0.19736,0.10786,78.1
1,10,3,15,0.19779,0.10895,56.37
1,10,3,16,0.1978,0.11025,40.18
1,10,3,17,0.19789,0.10945,40.4
1,10,3,18,0.19773,0.10802,39.99
1,10,3,19,0.19784,0.10723,71.56
1,10,3,20,0.19773,0.10597,47.97
1,10,3,21,0.1975,0.10392,44.31
1,10,3,22,0.19727,0.10274,52.13
1,10,3,23,0.19714,0.1027,43.07
1,10,3,24,0.19741,0.1039,37.57
1,10,3,25,0.19746,0.10518,87.13
1,10,3,26,0.19767,0.10567,69.3
1,10,3,27,0.19757,0.10471,41.77
1,10,3,28,0.19734,0.10359,37.59
1,10,3,29,0.19705,0.10241,39.43
1,10,3,30,0.19682,0.10197,46.42
1,10,3,31,0.19665,0.10349,38.9
1,10,3,32,0.19654,0.1045,42.5
1,10,3,33,0.19676,0.10557,37.59
1,10,3,34,0.19711,0.10665,41.4
1,10,3,35,0.19746,0.10712,38.22
1,10,3,36,0.19779,0.10759,40.67
1,10,3,37,0.19833,0.1086,42.05
1,10,3,38,0.199,0.11009,38.5
1,10,3,39,0.19962,0.11147,39.74
1,10,3,40,0.20014,0.11195,39.71
1,10,3,41,0.20058,0.1149,53.42
1,10,3,42,0.20063,0.11773,34.09
1,10,3,43,0.20048,0.11846,45.28
1,10,3,44,0.20029,0.11807,42.87
1,10,3,45,0.20008,0.11577,76.18
1,10,3,46,0.19994,0.11382,70.51
1,10,3,47,0.19955,0.11149,52.88
1,10,3,48,0.19905,0.10945,36.78
1,10,3,49,0.19832,0.10932,41.6
1,10,3,50,0.19744,0.10819,38.26
1,10,3,51,0.19668,0.10684,37.73
1,10,3,52,0.19607,0.10628,47.9
1,10,3,53,0.19526,0.10507,41.16
1,10,3,54,0.19428,0.1064,44.32
1,10,3,55,0.19363,0.10625,71.83
1,10,3,56,0.19312,0.10571,56.4
1,10,3,57,0.1923,0.10475,54.45
1,10,3,58,0.19178,0.10439,44.49
1,10,3,59,0.19119,0.10469,48.53
1,10,3,60,0.19075,0.10636,39.32
1,10,3,61,0.19065,0.10659,42.8
1,10,3,62,0.19005,0.10536,50.44
1,10,3,63,0.18934,0.10332,40.97
1,10,3,64,0.18841,0.10018,39.92
1,10,3,65,0.18746,0.09871,46.15
1,10,3,66,0.18667,0.09783,35.69
1,10,3,67,0.18592,0.09753,55.79
1,10,3,68,0.18557,0.09687,42.08
1,10,3,69,0.18541,0.09605,33.8
1,10,3,70,0.18541,0.09644,46.42
1,10,3,71,0.18556,0.10013,81.27
1,10,3,72,0.18566,0.1031,56.47
1,10,3,73,0.18577,0.10644,44.16
1,10,3,74,0.18587,0.10905,38.4
1,10,3,75,0.186,0.11157,49.22
1,10,3,76,0.18616,0.11522,41.58
1,10,3,77,0.18622,0.11667,47.54
1,10,3,78,0.18617,0.11729,78.76
1,10,3,79,0.18636,0.11805,71.57
1,10,3,80,0.18639,0.11878,46.95
1,10,3,81,0.18666,0.11876,39.01
1,10,3,82,0.18702,0.1192,41.26
1,10,3,83,0.18739,0.11943,39.32
1,10,3,84,0.18775,0.12027,39.68
1,10,3,85,0.18806,0.12129,40.5
1,10,3,86,0.18825,0.12103,68.54
1,10,3,87,0.18861,0.11949,81.03
1,10,3,88,0.18875,0.11862,67.89
1,10,3,89,0.18864,0.11629,75.66
1,10,3,90,0.18847,0.11396,50.57
1,10,3,91,0.18833,0.11258,41.7
1,10,3,92,0.18793,0.11283,41.21
1,10,3,93,0.18747,0.11244,44.89
1,10,3,94,0.18693,0.11097,60.12
1,10,3,95,0.1866,0.10993,71.51
1,10,3,96,0.18621,0.10797,46.05
1,10,3,97,0.18594,0.1086,44.1
1,10,3,98,0.18571,0.10978,81.05
1,10,3,99,0.18553,0.11205,50.38
1,10,3,100,0.18536,0.11527,41.45
1,10,3,101,0.18545,0.11553,43.14
1,10,3,102,0.18566,0.11447,45.65
1,10,3,103,0.18599,0.11266,33.08
1,10,3,104,0.18603,0.1119,44.42
1,10,3,105,0.18632,0.11196,75.49
1,10,3,106,0.1866,0.11175,54.8
1,10,3,107,0.18699,0.11265,45.28
1,10,3,108,0.18722,0.11222,43.61
1,10,3,109,0.18744,0.11191,35.87
1,10,3,110,0.18763,0.11091,46.16
1,10,3,111,0.18772,0.11043,50.63
1,10,3,112,0.1878,0.11021,40.73
1,10,3,113,0.18785,0.11067,38.94
1,10,3,114,0.18782,0.11083,38.63
1,10,3,115,0.18781,0.11067,44.93
1,10,3,116,0.18781,0.11009,67.25
1,10,3,117,0.18785,0.10941,85.81
1,10,3,118,0.18799,0.11046,71.63
1,10,3,119,0.18814,0.11175,34.12
1,10,3,120,0.1887,0.11406,33.04
1,10,3,121,0.18878,0.11455,43.21
1,10,3,122,0.18909,0.11464,40.11
1,10,3,123,0.18929,0.11565,49.29
1,10,3,124,0.18937,0.11834,49.53
1,10,3,125,0.18955,0.11749,39.52
1,10,3,126,0.18978,0.11547,44.05
1,10,3,127,0.18971,0.114,34.08
1,10,3,128,0.18973,0.11176,41.03
1,10,3,129,0.18981,0.10957,46.05
1,10,3,130,0.18994,0.10649,36.19
1,10,3,131,0.19007,0.10512,42.36
1,10,3,132,0.19022,0.10396,39.37
1,10,3,133,0.18998,0.10303,42.44
1,10,3,134,0.18987,0.1023,36.83
1,10,3,135,0.18978,0.10159,33.35
1,10,3,136,0.18972,0.10152,40.04
1,10,3,137,0.19009,0.10326,73.63
1,10,3,138,0.19057,0.1056,49.61
1,10,3,139,0.19081,0.10842,39.0
1,10,3,140,0.19125,0.11133,44.19
1,10,3,141,0.19138,0.11233,82.93
1,10,3,142,0.19127,0.11033,58.02
1,10,3,143,0.19109,0.10668,49.16
1,10,3,144,0.19093,0.10286,45.53
1,10,3,145,0.19083,0.09935,34.78
1,10,3,146,0.19074,0.09639,40.07
1,10,3,147,0.19068,0.09392,50.11
1,10,3,148,0.19065,0.09247,37.17
1,10,3,149,0.19027,0.09106,39.02
1,10,3,150,0.18986,0.09206,39.19
1,10,3,151,0.18942,0.09317,42.71
1,10,3,152,0.18936,0.09413,41.79
1,10,3,153,0.1891,0.09579,43.92
1,10,3,154,0.18877,0.09743,38.78
1,10,3,155,0.18884,0.09876,43.46
1,10,3,156,0.189,0.09987,36.16
1,10,3,157,0.1892,0.10059,41.19
1,10,3,158,0.18933,0.10081,47.01
1,10,3,159,0.18969,0.09897,52.03
1,10,3,160,0.19014,0.09618,45.19
1,10,3,161,0.19074,0.09694,40.71
1,10,3,162,0.19115,0.09728,78.67
1,10,3,163,0.19144,0.09772,44.44
1,10,3,164,0.19198,0.09747,41.0
1,10,3,165,0.19225,0.0949,41.05
1,10,3,166,0.19243,0.09165,37.34
1,10,3,167,0.19249,0.08864,33.28
1,10,3,168,0.1926,0.08823,40.03
1,10,3,169,0.19271,0.08955,36.64
1,10,3,170,0.19269,0.08997,51.46
1,10,3,171,0.1926,0.08993,68.59
1,10,3,172,0.19278,0.08971,69.1
1,10,3,173,0.19305,0.08868,46.65
1,10,3,174,0.19333,0.08723,38.47
1,10,3,175,0.19351,0.08463,42.51
1,10,3,176,0.19392,0.08112,44.75
1,10,3,177,0.19426,0.076,72.68
1,10,3,178,0.1944,0.07426,48.14
1,10,3,179,0.1941,0.07467,38.08
1,10,3,180,0.19319,0.07591,48.86
1,10,3,181,0.1919,0.07979,44.56
1,10,3,182,0.19015,0.08544,42.12
1,10,3,183,0.18778,0.09161,42.01
1,10,3,184,0.18585,0.09834,46.56
1,10,3,185,0.18366,0.10502,40.29
1,10,3,186,0.18202,0.11028,36.41
1,10,3,187,0.18072,0.11275,41.47
1,10,3,188,0.17979,0.11373,41.99
1,10,3,189,0.17937,0.11536,54.08
1,10,3,190,0.1793,0.11731,37.54
1,10,3,191,0.17939,0.11977,37.9
1,10,3,192,0.17949,0.1205,39.21
1,10,3,193,0.17917,0.11726,39.34
1,10,3,194,0.17897,0.11192,41.44
1,10,3,195,0.17931,0.10888,39.42
1,10,3,196,0.17951,0.10752,42.31
1,10,3,197,0.17992,0.1059,35.08
1,10,3,198,0.18033,0.10492,42.67
1,10,3,199,0.18135,0.10483,40.67
1,10,3,200,0.18296,0.10467,39.96
1,10,3,201,0.18437,0.10247,41.14
1,10,3,202,0.18575,0.10061,48.35
1,10,3,203,0.18675,0.09894,45.03
1,10,4,0,0.18109,0.10576,58.87
1,10,4,1,0.18022,0.10559,42.22
1,10,4,2,0.17956,0.10399,41.61
1,10,4,3,0.17897,0.10162,42.61
1,10,4,4,0.17843,0.10019,64.07
1,10,4,5,0.17802,0.09966,42.91
1,10,4,6,0.17765,0.09958,35.5
1,10,4,7,0.17733,0.09861,40.21
1,10,4,8,0.17703,0.09824,53.94
1,10,4,9,0.1765,0.09782,84.29
1,10,4,10,0.17616,0.09796,64.28
1,10,4,11,0.17601,0.09796,34.16
1,10,4,12,0.17601,0.09801,64.1
1,10,4,13,0.17605,0.09878,69.54
1,10,4,14,0.17661,0.1031,58.95
1,10,4,15,0.17719,0.10569,47.87
1,10,4,16,0.178,0.11001,39.15
1,10,4,17,0.17851,0.11281,35.0
1,10,4,18,0.17905,0.11554,38.15
1,10,4,19,0.17944,0.11712,47.06
1,10,4,20,0.17936,0.11671,44.7
1,10,4,21,0.17907,0.11589,40.71
1,10,4,22,0.17872,0.11511,63.55
1,10,4,23,0.17858,0.11301,41.92
1,10,4,24,0.17859,0.11081,44.04
1,10,4,25,0.1788,0.11075,70.86
1,10,4,26,0.1791,0.11271,49.67
1,10,4,27,0.17936,0.11551,47.28
1,10,4,28,0.17989,0.1185,49.57
1,10,4,29,0.18066,0.12154,44.49
1,10,4,30,0.18109,0.12179,76.78
1,10,4,31,0.18145,0.12308,66.96
1,10,4,32,0.18183,0.12409,48.39
1,10,4,33,0.18219,0.12486,45.25
1,10,4,34,0.18238,0.12377,42.69
1,10,4,35,0.18255,0.12197,41.67
1,10,4,36,0.18263,0.11968,38.55
1,10,4,37,0.18266,0.11746,34.92
1,10,4,38,0.1827,0.11591,54.46
1,10,4,39,0.18311,0.11624,73.38
1,10,4,40,0.18349,0.11336,70.68
1,10,4,41,0.18374,0.10887,38.85
1,10,4,42,0.1839,0.10402,42.62
1,10,4,43,0.18438,0.10016,35.9
1,10,4,44,0.18484,0.09619,54.87
1,10,4,45,0.18504,0.09439,37.19
1,10,4,46,0.18561,0.09323,41.69
1,10,4,47,0.18608,0.09432,58.25
1,10,4,48,0.18657,0.0973,47.08
1,10,4,49,0.18686,0.09875,37.78
1,10,4,50,0.18703,0.09939,34.84
1,10,4,51,0.18754,0.10094,78.44
1,10,4,52,0.18809,0.10219,74.98
1,10,4,53,0.18855,0.10225,48.3
1,10,4,54,0.18887,0.10177,36.55
1,10,4,55,0.18935,0.10117,49.41
1,10,4,56,0.18991,0.09959,58.3
1,10,4,57,0.19047,0.09801,79.13
1,10,4,58,0.191,0.09764,43.05
1,10,4,59,0.19107,0.09648,65.1
1,10,4,60,0.19137,0.09646,57.23
1,10,4,61,0.19146,0.09793,39.57
1,10,4,62,0.19166,0.09904,45.76
1,10,4,63,0.19189,0.09967,70.15
1,10,4,64,0.19228,0.09899,71.59
1,10,4,65,0.19291,0.09909,50.44
1,10,4,66,0.19327,0.10002,45.81
1,10,4,67,0.19362,0.10237,37.66
1,10,4,68,0.19346,0.10333,76.57
1,10,4,69,0.19326,0.10423,82.74
1,10,4,70,0.19276,0.1071,48.96
1,10,4,71,0.19183,0.11001,38.81
1,10,4,72,0.19053,0.11104,40.87
1,10,4,73,0.18901,0.11118,40.28
1,10,4,74,0.18807,0.11218,42.14
1,10,4,75,0.18753,0.11375,35.45
1,10,4,76,0.18673,0.11209,51.77
1,10,4,77,0.18593,0.11065,63.11
1,10,4,78,0.18515,0.11015,68.58
1,10,4,79,0.18373,0.10818,42.67
1,10,4,80,0.18228,0.10337,57.47
1,10,4,81,0.18077,0.09596,82.3
1,10,4,82,0.17934,0.08805,66.47
1,10,4,83,0.17786,0.08044,36.48
1,10,4,84,0.1763,0.0731,41.99
1,10,4,85,0.17571,0.06923,30.42
1,10,4,86,0.17505,0.06673,48.98
1,10,4,87,0.17483,0.06639,66.11
1,10,4,88,0.17454,0.06755,44.02
1,10,4,89,0.17419,0.06962,47.03
1,10,4,90,0.17412,0.07003,51.27
1,10,4,91,0.17387,0.06966,55.72
1,10,4,92,0.17393,0.07026,68.33
1,10,4,93,0.17378,0.07137,74.05
1,10,4,94,0.1739,0.07364,74.73
1,10,4,95,0.17414,0.07502,81.52
1,10,4,96,0.17436,0.07626,47.62
1,10,4,97,0.17465,0.07774,53.39
1,10,4,98,0.17491,0.08025,41.45
1,10,4,99,0.17507,0.08136,52.49
1,10,4,100,0.17523,0.08305,45.44
1,10,4,101,0.17529,0.08389,44.45
1,10,4,102,0.17505,0.08532,60.14
1,10,4,103,0.1747,0.08672,45.43
1,10,4,104,0.1746,0.08676,39.82
1,10,4,105,0.17464,0.08677,47.0
1,10,4,106,0.17472,0.08687,66.03
1,10,4,107,0.17445,0.08652,37.85
1,10,4,108,0.17435,0.08604,56.4
1,10,4,109,0.17436,0.08569,43.69
1,10,4,110,0.17443,0.08524,67.01
1,10,4,111,0.17421,0.08359,49.45
1,10,4,112,0.17388,0.08242,43.73
1,10,4,113,0.17361,0.08202,39.9
1,10,4,114,0.17368,0.08169,39.89
1,10,4,115,0.17358,0.08097,38.17
1,10,4,116,0.17337,0.08115,50.38
1,10,4,117,0.17373,0.08277,41.47
1,10,4,118,0.17439,0.08589,46.9
1,10,4,119,0.17507,0.08858,39.6
1,10,4,120,0.1756,0.08959,35.96
1,10,4,121,0.17634,0.08994,37.79
1,10,4,122,0.17686,0.09058,47.17
1,10,4,123,0.17725,0.09202,39.87
1,10,4,124,0.17774,0.0917,38.65
1,10,4,125,0.17827,0.09111,44.29
1,10,4,126,0.17854,0.09186,40.04
1,10,4,127,0.1785,0.09078,34.87
1,10,4,128,0.17866,0.08913,48.28
1,10,4,129,0.17887,0.08609,41.36
1,10,4,130,0.17879,0.08278,68.08
1,10,4,131,0.1787,0.08216,55.63
1,10,4,132,0.17866,0.08298,45.25
1,10,4,133,0.17871,0.08548,38.37
1,10,4,134,0.17874,0.08688,40.4
1,10,4,135,0.17871,0.08798,50.91
1,10,4,136,0.17894,0.08835,43.74
1,10,4,137,0.17928,0.08823,42.87
1,10,4,138,0.17961,0.08773,33.21
1,10,4,139,0.18002,0.08674,41.71
1,10,4,140,0.17991,0.08598,38.89
1,10,4,141,0.18003,0.08624,41.59
1,10,4,142,0.18018,0.08557,38.76
1,10,4,143,0.1803,0.08432,41.65
1,10,4,144,0.18043,0.08443,45.69
1,10,4,145,0.18093,0.08635,72.0
1,10,4,146,0.1813,0.08598,52.75
1,10,4,147,0.18174,0.08568,49.92
1,10,4,148,0.18222,0.08666,45.78
1,10,4,149,0.18275,0.08991,39.89
1,10,4,150,0.18319,0.09254,34.42
1,10,4,151,0.1833,0.09478,50.01
1,10,4,152,0.18314,0.09439,33.86
1,10,4,153,0.18286,0.09354,43.32
1,10,4,154,0.18285,0.09163,43.53
1,10,4,155,0.18315,0.09318,45.12
1,10,4,156,0.1835,0.09571,38.85
1,10,4,157,0.18388,0.0992,40.15
1,10,4,158,0.18426,0.1027,43.07
1,10,4,159,0.18461,0.10689,44.07
1,10,4,160,0.18483,0.1094,44.85
1,10,4,161,0.18505,0.1124,43.07
1,10,4,162,0.18493,0.11508,37.09
1,10,4,163,0.18469,0.11744,32.22
1,10,4,164,0.18395,0.11551,73.78
1,10,4,165,0.18315,0.1128,54.02
1,10,4,166,0.18203,0.11007,47.86
1,10,4,167,0.18085,0.11014,36.36
1,10,4,168,0.17985,0.11092,38.08
1,10,4,169,0.1793,0.10965,35.12
1,10,4,170,0.179,0.10899,46.1
1,10,4,171,0.17911,0.10823,45.76
1,10,4,172,0.17939,0.10751,35.49
1,10,4,173,0.17997,0.10694,71.0
1,10,4,174,0.1807,0.10639,40.16
1,10,4,175,0.18146,0.10583,43.59
1,10,4,176,0.18216,0.1051,35.04
1,10,4,177,0.18275,0.10592,45.98
1,10,4,178,0.18286,0.1043,46.02
1,10,4,179,0.18285,0.10408,37.92
1,10,4,180,0.18297,0.10229,40.33
1,10,4,181,0.18314,0.10074,89.49
1,10,4,182,0.18332,0.09986,80.82
1,10,4,183,0.18354,0.09902,50.34
1,10,4,184,0.18379,0.09937,47.3
1,10,4,185,0.18437,0.10043,41.56
1,10,5,0,0.18895,0.08919,65.88
1,10,5,1,0.18882,0.08732,44.37
1,10,5,2,0.18851,0.08691,61.7
1,10,5,3,0.18814,0.08697,47.15
1,10,5,4,0.18804,0.08695,36.43
1,10,5,5,0.18784,0.08781,42.52
1,10,5,6,0.1879,0.08898,41.5
1,10,5,7,0.18801,0.08943,43.34
1,10,5,8,0.18812,0.08924,39.0
1,10,5,9,0.18817,0.08858,42.02
1,10,5,10,0.18827,0.08903,45.96
1,10,5,11,0.18839,0.09012,42.19
1,10,5,12,0.18856,0.09299,63.45
1,10,5,13,0.18904,0.09621,42.77
1,10,5,14,0.18959,0.09771,74.04
1,10,5,15,0.19009,0.09814,47.6
1,10,5,16,0.19055,0.09901,49.35
1,10,5,17,0.19116,0.09965,52.49
1,10,5,18,0.19158,0.10111,45.45
1,10,5,19,0.19181,0.10096,37.06
1,10,5,20,0.19166,0.10134,39.53
1,10,5,21,0.19138,0.10177,74.06
1,10,5,22,0.19142,0.1027,46.8
1,10,5,23,0.19155,0.10198,36.97
1,10,5,24,0.19127,0.09892,84.56
1,10,5,25,0.19095,0.09587,60.61
1,10,5,26,0.19087,0.09391,69.44
1,10,5,27,0.19061,0.09326,88.07
1,10,5,28,0.19054,0.09306,58.64
1,10,5,29,0.19097,0.09248,42.44
1,10,5,30,0.19114,0.09173,47.87
1,10,5,31,0.19154,0.09088,42.76
1,10,5,32,0.19168,0.09032,42.5
1,10,5,33,0.19167,0.08909,40.43
1,10,5,34,0.19159,0.08764,37.97
1,10,5,35,0.1918,0.08614,54.77
1,10,5,36,0.19209,0.08507,42.19
1,10,5,37,0.19205,0.08239,45.51
1,10,5,38,0.19182,0.07891,40.11
1,10,5,39,0.19177,0.07994,44.7
1,10,5,40,0.19153,0.08414,42.55
1,10,5,41,0.1916,0.08921,37.47
1,10,5,42,0.1914,0.09294,45.25
1,10,5,43,0.19152,0.09729,39.78
1,10,5,44,0.19186,0.10222,43.75
1,10,5,45,0.19211,0.10552,37.45
1,10,5,46,0.19222,0.10738,36.39
1,10,5,47,0.19227,0.10839,41.98
1,10,5,48,0.19261,0.10882,35.87
1,10,5,49,0.19268,0.10823,70.74
1,10,5,50,0.19261,0.10711,43.47
1,10,5,51,0.19248,0.10535,38.44
1,10,5,52,0.19233,0.10214,35.13
1,10,5,53,0.19225,0.10057,38.64
1,10,5,54,0.19195,0.10034,35.26
1,10,5,55,0.19193,0.10165,64.84
1,10,5,56,0.19191,0.10039,39.46
1,10,5,57,0.19184,0.09797,41.26
1,10,5,58,0.19178,0.09629,52.93
1,10,5,59,0.19169,0.09499,34.82
1,10,5,60,0.19196,0.09485,34.48
1,10,5,61,0.19205,0.09529,39.43
1,10,5,62,0.19235,0.09592,46.59
1,10,5,63,0.19244,0.09702,48.54
1,10,5,64,0.19247,0.09828,44.33
1,10,5,65,0.19237,0.09867,42.85
1,10,5,66,0.1923,0.09889,38.27
1,10,5,67,0.19218,0.0982,61.11
1,10,5,68,0.19217,0.09923,57.84
1,10,5,69,0.19219,0.10094,69.37
1,10,5,70,0.19218,0.10272,33.28
1,10,5,71,0.19217,0.10512,32.35
1,10,5,72,0.19217,0.10735,48.8
1,10,5,73,0.19213,0.10827,49.42
1,10,5,74,0.19235,0.10617,63.11
1,10,5,75,0.19264,0.1029,41.16
1,10,5,76,0.19294,0.09914,47.15
1,10,5,77,0.19287,0.09515,34.11
1,10,5,78,0.19274,0.09304,42.64
1,10,5,79,0.19259,0.09221,52.47
1,10,5,80,0.19243,0.09222,41.11
1,10,5,81,0.19251,0.09045,40.85
1,10,5,82,0.19236,0.08746,34.67
1,10,5,83,0.19249,0.08686,40.67
1,10,5,84,0.19302,0.08722,50.87
1,10,5,85,0.19361,0.08688,50.32
1,10,5,86,0.19389,0.08612,35.76
1,10,5,87,0.19403,0.08694,44.15
1,10,5,88,0.19411,0.08754,43.76
1,10,5,89,0.19419,0.08846,51.96
1,10,5,90,0.19398,0.08971,40.47
1,10,5,91,0.194,0.09237,41.33
1,10,5,92,0.19407,0.09423,36.22
1,10,5,93,0.19444,0.09558,56.51
1,10,5,94,0.19489,0.09672,54.63
1,10,5,95,0.1953,0.09774,61.93
1,10,5,96,0.19532,0.09807,56.14
1,10,5,97,0.1955,0.09763,66.28
1,10,5,98,0.1954,0.09663,82.54
1,10,5,99,0.19521,0.09633,91.32
1,10,5,100,0.19498,0.09472,65.82
1,10,5,101,0.19475,0.09305,74.3
1,10,5,102,0.19488,0.09212,44.07
1,10,5,103,0.19526,0.09174,38.0
1,10,5,104,0.19572,0.09272,72.39
1,10,5,105,0.19579,0.09417,44.38
1,10,5,106,0.19572,0.09508,38.95
1,10,5,107,0.19562,0.0954,34.66
1,10,5,108,0.19551,0.09516,38.64
1,10,5,109,0.19536,0.09425,36.56
1,10,5,110,0.19521,0.09436,76.03
1,10,5,111,0.19498,0.09261,71.66
1,10,5,112,0.19504,0.09007,34.01
1,10,5,113,0.19491,0.08622,42.5
1,10,5,114,0.19479,0.08525,38.04
1,10,5,115,0.19474,0.08667,62.3
1,10,5,116,0.19468,0.08685,49.65
1,10,5,117,0.19461,0.08583,40.45
1,10,5,118,0.19459,0.08596,36.31
1,10,5,119,0.19458,0.08687,42.81
1,10,5,120,0.19488,0.08797,45.42
1,10,5,121,0.19524,0.08889,36.78
1,10,5,122,0.19547,0.08789,41.49
1,10,5,123,0.1956,0.08587,44.5
1,10,5,124,0.19566,0.08362,43.28
1,10,5,125,0.1957,0.08161,41.06
1,10,5,126,0.19576,0.0805,34.38
1,10,5,127,0.19593,0.08172,34.93
1,10,5,128,0.19584,0.08329,42.3
1,10,5,129,0.19563,0.08598,43.46
1,10,5,130,0.19574,0.08825,58.22
1,10,5,131,0.19565,0.08983,43.09
1,10,5,132,0.19578,0.09103,48.25
1,10,5,133,0.19596,0.0913,40.82
1,10,5,134,0.1962,0.09213,51.41
1,10,5,135,0.1965,0.09383,43.0
1,10,5,136,0.19667,0.09334,34.26
1,10,5,137,0.19676,0.09215,41.07
1,10,5,138,0.19681,0.09073,74.12
1,10,5,139,0.19671,0.08711,49.13
1,10,5,140,0.19654,0.08364,49.72
1,10,5,141,0.19672,0.08167,39.87
1,10,5,142,0.19704,0.08034,40.59
1,10,5,143,0.1971,0.08006,40.93
1,10,5,144,0.19741,0.08205,42.55
1,10,5,145,0.19779,0.0841,45.27
1,10,5,146,0.19807,0.09041,46.81
1,10,5,147,0.19816,0.09632,43.19
1,10,5,148,0.19843,0.10057,43.56
1,10,5,149,0.19846,0.10331,38.67
1,10,5,150,0.19863,0.1039,44.19
1,10,5,151,0.19893,0.10441,62.48
1,10,5,152,0.19879,0.10412,40.25
1,10,5,153,0.19851,0.10358,41.52
1,10,5,154,0.19847,0.10272,47.64
1,10,5,155,0.19861,0.10182,58.85
1,10,5,156,0.1989,0.10273,54.73
1,10,5,157,0.19927,0.10458,47.08
1,10,5,158,0.19956,0.10521,41.62
1,10,5,159,0.19979,0.10469,44.12
1,10,5,160,0.19974,0.10586,45.57
1,10,5,161,0.19959,0.108,30.97
1,10,5,162,0.19918,0.10532,58.59
1,10,5,163,0.19882,0.10375,60.73
2,10,1,0,0.4663,0.11745,51.82
2,10,1,1,0.46681,0.11699,38.09
2,10,1,2,0.46728,0.11655,33.25
2,10,1,3,0.46777,0.11719,46.05
2,10,1,4,0.46779,0.11751,67.06
2,10,1,5,0.46805,0.11792,35.22
2,10,1,6,0.46846,0.11938,56.4
2,10,1,7,0.46882,0.12068,45.69
2,10,1,8,0.4692,0.1221,37.5
2,10,1,9,0.46943,0.1247,40.42
2,10,1,10,0.4696,0.12737,38.27
2,10,1,11,0.46971,0.12913,39.01
2,10,1,12,0.46976,0.12986,44.47
2,10,1,13,0.46989,0.12936,48.82
2,10,1,14,0.47008,0.12675,44.65
2,10,1,15,0.4702,0.12453,45.24
2,10,1,16,0.47035,0.12287,44.75
2,10,1,17,0.47048,0.12325,54.56
2,10,1,18,0.47055,0.12326,42.31
2,10,1,19,0.47054,0.12354,57.42
2,10,1,20,0.47052,0.12233,82.62
2,10,1,21,0.47045,0.12186,65.63
2,10,1,22,0.47041,0.12097,54.22
2,10,1,23,0.47036,0.12007,52.98
2,10,1,24,0.47005,0.11907,56.94
2,10,1,25,0.46997,0.11665,88.17
2,10,1,26,0.4697,0.11348,52.66
2,10,1,27,0.46937,0.10878,43.29
2,10,1,28,0.46933,0.10397,66.91
2,10,1,29,0.46916,0.09918,38.1
2,10,1,30,0.46899,0.09303,64.69
2,10,1,31,0.46885,0.08896,43.18
2,10,1,32,0.46871,0.08641,52.36
2,10,1,33,0.46857,0.08443,63.7
2,10,1,34,0.46847,0.0836,58.4
2,10,1,35,0.46841,0.08256,44.01
2,10,1,36,0.46833,0.08242,41.36
2,10,1,37,0.46827,0.08395,39.31
2,10,1,38,0.46828,0.08512,48.83
2,10,1,39,0.46829,0.08577,47.98
2,10,1,40,0.46828,0.0865,40.29
2,10,1,41,0.46832,0.08658,55.75
2,10,1,42,0.46835,0.08651,39.77
2,10,1,43,0.46835,0.08657,39.17
2,10,1,44,0.46836,0.08588,37.26
2,10,1,45,0.46866,0.08646,41.37
2,10,1,46,0.46907,0.08517,77.15
2,10,1,47,0.46941,0.08646,43.89
2,10,1,48,0.46975,0.08914,38.37
2,10,1,49,0.46996,0.09203,52.11
2,10,1,50,0.47011,0.09301,40.75
2,10,1,51,0.4703,0.09072,40.52
2,10,1,52,0.47076,0.08743,41.33
2,10,1,53,0.471,0.08464,50.75
2,10,1,54,0.47115,0.08132,38.04
2,10,1,55,0.47154,0.07882,37.92
2,10,1,56,0.47198,0.07623,47.66
2,10,1,57,0.47259,0.07431,45.09
2,10,1,58,0.47324,0.07293,55.28
2,10,1,59,0.47423,0.0724,61.96
2,10,1,60,0.4751,0.07411,44.95
2,10,1,61,0.47587,0.07688,44.31
2,10,1,62,0.47681,0.0786,64.72
2,10,1,63,0.47767,0.07739,46.83
2,10,1,64,0.47822,0.07643,59.94
2,10,1,65,0.47864,0.0741,54.25
2,10,1,66,0.47905,0.07115,46.06
2,10,1,67,0.47939,0.06859,37.8
2,10,1,68,0.47962,0.06617,41.72
2,10,1,69,0.47974,0.06484,64.08
2,10,1,70,0.47979,0.06415,45.6
2,10,1,71,0.47981,0.06261,38.05
2,10,1,72,0.4798,0.06227,62.78
2,10,1,73,0.47982,0.06331,42.52
2,10,1,74,0.47982,0.06456,37.38
2,10,1,75,0.47983,0.06429,38.23
2,10,1,76,0.47984,0.06465,40.31
2,10,1,77,0.47986,0.06532,38.48
2,10,1,78,0.47986,0.06588,34.77
2,10,1,79,0.47983,0.06662,39.65
2,10,1,80,0.47973,0.06951,43.82
2,10,1,81,0.47964,0.07161,89.65
2,10,1,82,0.47957,0.07271,70.61
2,10,1,83,0.47982,0.07358,31.0
2,10,1,84,0.48012,0.07386,64.9
2,10,1,85,0.48041,0.0751,44.19
2,10,2,0,0.47652,0.07104,78.89
2,10,2,1,0.4764,0.07094,52.38
2,10,2,2,0.47632,0.07053,83.96
2,10,2,3,0.47591,0.0726,59.84
2,10,2,4,0.47528,0.07608,44.01
2,10,2,5,0.47465,0.08068,40.65
2,10,2,6,0.47418,0.08416,84.09
2,10,2,7,0.47375,0.08792,57.78
2,10,2,8,0.47338,0.09264,46.05
2,10,2,9,0.47344,0.09845,40.82
2,10,2,10,0.4734,0.10146,37.43
2,10,2,11,0.47329,0.10279,38.57
2,10,2,12,0.47321,0.10175,49.7
2,10,2,13,0.47313,0.09966,60.75
2,10,2,14,0.47304,0.09918,46.89
2,10,2,15,0.47291,0.09952,58.83
2,10,2,16,0.47286,0.09995,84.03
2,10,2,17,0.47285,0.09893,82.31
2,10,2,18,0.47289,0.09525,54.04
2,10,2,19,0.47259,0.09246,46.96
2,10,2,20,0.47212,0.08847,35.96
2,10,2,21,0.47202,0.08485,41.51
2,10,2,22,0.47202,0.08399,58.07
2,10,2,23,0.47208,0.08359,58.58
2,10,2,24,0.47222,0.08376,73.65
2,10,2,25,0.47244,0.08354,45.96
2,10,2,26,0.47235,0.08411,45.4
2,10,2,27,0.47216,0.08346,44.93
2,10,2,28,0.47194,0.08335,43.18
2,10,2,29,0.47167,0.0835,42.81
2,10,2,30,0.47136,0.08479,32.56
2,10,2,31,0.47105,0.08687,38.6
2,10,2,32,0.47086,0.08758,37.56
2,10,2,33,0.47077,0.08881,42.22
2,10,2,34,0.47076,0.08872,46.12
2,10,2,35,0.47046,0.08835,43.02
2,10,2,36,0.4701,0.088,40.8
2,10,2,37,0.46976,0.08682,37.59
2,10,2,38,0.46938,0.08594,49.26
2,10,2,39,0.46933,0.08518,40.13
2,10,2,40,0.46912,0.08694,48.26
2,10,2,41,0.46882,0.0886,47.75
2,10,2,42,0.46888,0.09007,40.22
2,10,2,43,0.46909,0.09015,48.54
2,10,2,44,0.46937,0.09122,39.92
2,10,2,45,0.46956,0.09248,35.48
2,10,2,46,0.46946,0.09354,38.89
2,10,2,47,0.46956,0.09355,30.18
2,10,2,48,0.46937,0.09368,43.86
2,10,2,49,0.46925,0.09065,39.69
2,10,2,50,0.4691,0.08904,45.86
2,10,2,51,0.4689,0.08701,49.69
2,10,2,52,0.46872,0.08662,49.04
2,10,2,53,0.46853,0.08619,42.2
2,10,2,54,0.46841,0.08548,75.32
2,10,2,55,0.46829,0.08467,47.65
2,10,2,56,0.46821,0.0836,50.81
2,10,2,57,0.46843,0.08184,37.96
2,10,2,58,0.46879,0.07997,47.5
2,10,2,59,0.46888,0.07929,39.05
2,10,2,60,0.46909,0.08063,45.42
2,10,2,61,0.46941,0.08151,45.41
2,10,2,62,0.46945,0.08265,42.35
2,10,2,63,0.4693,0.0843,38.72
2,10,2,64,0.46949,0.08403,41.11
2,10,2,65,0.46952,0.08132,44.68
2,10,2,66,0.46978,0.07791,39.56
2,10,2,67,0.46978,0.07608,42.85
2,10,2,68,0.46967,0.07502,39.29
2,10,2,69,0.46984,0.07475,58.34
2,10,2,70,0.46978,0.07563,43.53
2,10,2,71,0.46964,0.07591,46.48
2,10,2,72,0.4695,0.07522,36.25
2,10,2,73,0.46924,0.07611,42.38
2,10,2,74,0.46925,0.07852,37.5
2,10,2,75,0.46938,0.07938,40.31
2,10,2,76,0.46958,0.07962,42.5
2,10,2,77,0.46982,0.07986,46.65
2,10,2,78,0.46997,0.08009,44.04
2,10,2,79,0.4702,0.07766,53.7
2,10,2,80,0.47038,0.07631,40.1
2,10,2,81,0.4702,0.07566,50.0
2,10,2,82,0.46975,0.07532,40.94
2,10,2,83,0.46972,0.07426,38.45
2,10,2,84,0.46958,0.07329,63.13
2,10,2,85,0.46971,0.07376,39.25
2,10,2,86,0.46963,0.07445,66.27
2,10,2,87,0.46947,0.07601,42.64
2,10,2,88,0.46921,0.07796,39.88
2,10,2,89,0.46904,0.07858,43.84
2,10,2,90,0.46887,0.08033,40.73
2,10,2,91,0.46897,0.0834,41.78
2,10,2,92,0.46914,0.08742,52.98
2,10,2,93,0.46933,0.08983,46.95
2,10,2,94,0.46955,0.09174,39.23
2,10,2,95,0.46982,0.09259,42.43
2,10,2,96,0.47006,0.09363,51.28
2,10,2,97,0.47034,0.09155,41.48
2,10,2,98,0.47052,0.08915,38.12
2,10,2,99,0.47058,0.08849,37.2
2,10,2,100,0.47062,0.08878,53.89
2,10,2,101,0.47066,0.08731,61.58
2,10,2,102,0.47063,0.08698,61.2
2,10,2,103,0.47061,0.08575,60.26
2,10,2,104,0.47066,0.08427,37.06
2,10,2,105,0.47072,0.08443,43.64
2,10,2,106,0.47081,0.08551,44.29
2,10,2,107,0.47094,0.08648,40.43
2,10,2,108,0.47099,0.08832,92.39
2,10,2,109,0.47098,0.08904,72.35
2,10,2,110,0.47093,0.08918,51.88
2,10,2,111,0.47076,0.09234,43.84
2,10,2,112,0.47064,0.09394,41.54
2,10,2,113,0.47053,0.09486,37.44
2,10,2,114,0.47042,0.09643,38.9
2,10,2,115,0.47034,0.09821,40.4
2,10,2,116,0.4703,0.09838,46.58
2,10,2,117,0.47024,0.09908,46.43
2,10,2,118,0.47017,0.10081,38.53
2,10,2,119,0.4701,0.10354,43.6
2,10,2,120,0.47001,0.10703,41.94
2,10,2,121,0.46988,0.11025,46.04
2,10,2,122,0.46981,0.11202,48.35
2,10,2,123,0.46981,0.11212,43.6
2,10,2,124,0.46984,0.11122,35.3
2,10,2,125,0.46981,0.11125,59.79
2,10,2,126,0.46979,0.1102,48.74
2,10,2,127,0.46981,0.10758,71.13
2,10,2,128,0.4699,0.10299,50.24
2,10,2,129,0.47002,0.09766,42.69
2,10,2,130,0.47013,0.09191,41.7
2,10,2,131,0.47028,0.08863,67.02
2,10,2,132,0.47008,0.08769,82.63
2,10,2,133,0.47009,0.08555,47.69
2,10,2,134,0.46977,0.08416,41.22
2,10,2,135,0.46974,0.08311,40.57
2,10,2,136,0.46983,0.08207,43.89
2,10,2,137,0.46998,0.08169,39.57
2,10,2,138,0.4701,0.08181,35.41
2,10,2,139,0.47017,0.08274,42.38
2,10,2,140,0.4702,0.08433,43.96
2,10,2,141,0.47017,0.08788,38.97
2,10,2,142,0.47014,0.09022,37.87
2,10,2,143,0.47014,0.09158,54.88
2,10,2,144,0.47012,0.09225,61.95
2,10,2,145,0.47007,0.09433,79.03
2,10,2,146,0.47,0.09706,46.45
2,10,2,147,0.46999,0.09819,48.39
2,10,2,148,0.46993,0.09988,46.35
2,10,2,149,0.46993,0.10002,44.42
2,10,2,150,0.46998,0.09954,35.06
2,10,2,151,0.47005,0.09979,40.14
2,10,2,152,0.47011,0.10019,41.42
2,10,2,153,0.47018,0.09903,45.09
2,10,2,154,0.4703,0.09713,42.24
2,10,2,155,0.47046,0.09235,42.63
2,10,2,156,0.4709,0.0875,38.71
2,10,2,157,0.4714,0.08303,40.41
2,10,2,158,0.47167,0.07789,62.88
2,10,2,159,0.47171,0.07576,40.35
2,10,2,160,0.47162,0.0762,44.85
2,10,3,0,0.47181,0.09896,39.74
2,10,3,1,0.47166,0.09851,57.93
2,10,3,2,0.47152,0.09631,64.98
2,10,3,3,0.47144,0.09595,69.91
2,10,3,4,0.47135,0.09618,44.88
2,10,3,5,0.47119,0.09618,47.09
2,10,3,6,0.47108,0.09393,39.18
2,10,3,7,0.47106,0.09129,41.14
2,10,3,8,0.47105,0.08888,40.7
2,10,3,9,0.47067,0.08836,44.02
2,10,3,10,0.47055,0.08625,36.64
2,10,3,11,0.4703,0.084,37.5
2,10,3,12,0.47002,0.08126,37.63
2,10,3,13,0.47005,0.07978,67.11
2,10,3,14,0.47015,0.07887,62.47
2,10,3,15,0.47004,0.07858,71.84
2,10,3,16,0.46986,0.07662,43.44
2,10,3,17,0.46996,0.07529,35.46
2,10,3,18,0.47011,0.07448,38.89
2,10,3,19,0.46999,0.0739,42.04
2,10,3,20,0.4698,0.07425,43.51
2,10,3,21,0.46952,0.07524,52.1
2,10,3,22,0.46932,0.07616,42.85
2,10,3,23,0.46914,0.07497,40.24
2,10,3,24,0.46896,0.07418,51.05
2,10,3,25,0.46881,0.07371,39.93
2,10,3,26,0.46867,0.07348,43.68
2,10,3,27,0.46855,0.07378,64.27
2,10,3,28,0.46878,0.0738,46.02
2,10,3,29,0.46882,0.07501,54.68
2,10,3,30,0.46886,0.07481,39.58
2,10,3,31,0.46883,0.0749,39.41
2,10,3,32,0.46877,0.07512,32.69
2,10,3,33,0.46872,0.07445,34.04
2,10,3,34,0.46868,0.07374,36.53
2,10,3,35,0.46868,0.07282,40.64
2,10,3,36,0.4687,0.07216,41.6
2,10,3,37,0.46873,0.07188,43.24
2,10,3,38,0.46872,0.07395,48.7
2,10,3,39,0.46867,0.08031,42.76
2,10,3,40,0.46863,0.08293,36.15
2,10,3,41,0.46853,0.08635,79.73
2,10,3,42,0.46842,0.09131,47.55
2,10,3,43,0.46827,0.09868,44.78
2,10,3,44,0.46813,0.10437,67.36
2,10,3,45,0.46803,0.10712,52.42
2,10,3,46,0.46791,0.10918,37.57
2,10,3,47,0.4676,0.10412,42.62
2,10,3,48,0.46756,0.09675,36.44
2,10,3,49,0.46752,0.09484,41.45
2,10,3,50,0.46712,0.09503,36.25
2,10,3,51,0.46693,0.09754,48.15
2,10,3,52,0.4668,0.10147,48.05
2,10,3,53,0.46678,0.10403,39.65
2,10,3,54,0.46685,0.104,44.16
2,10,3,55,0.46695,0.10339,72.68
2,10,3,56,0.46712,0.101,58.36
2,10,3,57,0.46729,0.09776,55.21
2,10,3,58,0.46744,0.09465,43.4
2,10,3,59,0.46758,0.09235,78.65
2,10,3,60,0.4677,0.0919,70.37
2,10,3,61,0.46777,0.09386,37.82
2,10,3,62,0.46784,0.09522,39.39
2,10,3,63,0.46797,0.09539,40.74
2,10,3,64,0.46816,0.09264,51.81
2,10,3,65,0.46832,0.09074,72.5
2,10,3,66,0.46847,0.08946,53.16
2,10,3,67,0.4686,0.08988,39.49
2,10,3,68,0.46871,0.09148,39.84
2,10,3,69,0.46879,0.09218,40.04
2,10,3,70,0.46879,0.09242,45.29
2,10,3,71,0.46883,0.08953,40.99
2,10,3,72,0.46886,0.08529,49.58
2,10,3,73,0.46882,0.08316,49.57
2,10,3,74,0.46881,0.08049,40.93
2,10,3,75,0.46876,0.07976,46.24
2,10,3,76,0.46871,0.08066,47.19
2,10,3,77,0.46872,0.0813,35.74
2,10,3,78,0.46874,0.08327,39.33
2,10,3,79,0.46879,0.08353,39.5
2,10,3,80,0.46879,0.08338,38.69
2,10,3,81,0.46875,0.0829,44.03
2,10,3,82,0.46872,0.08156,44.3
2,10,3,83,0.46868,0.07978,45.9
2,10,3,84,0.46834,0.07791,37.74
2,10,3,85,0.46815,0.08074,33.53
2,10,3,86,0.46803,0.08637,37.72
2,10,3,87,0.46798,0.09196,73.78
2,10,3,88,0.468,0.09355,42.11
2,10,3,89,0.46807,0.0936,41.47
2,10,3,90,0.46813,0.09485,39.42
2,10,3,91,0.46814,0.09617,66.8
2,10,3,92,0.46816,0.09698,72.57
2,10,3,93,0.46823,0.09642,67.62
2,10,3,94,0.46831,0.09285,44.27
2,10,3,95,0.4684,0.08713,46.68
2,10,3,96,0.46838,0.08567,39.22
2,10,3,97,0.4683,0.08626,38.75
2,10,3,98,0.46824,0.08781,39.51
2,10,3,99,0.46822,0.08968,44.46
2,10,3,100,0.46815,0.09273,40.36
2,10,3,101,0.46806,0.09533,40.16
2,10,3,102,0.4681,0.09438,39.18
2,10,3,103,0.46808,0.09496,36.37
2,10,3,104,0.46803,0.09626,38.41
2,10,3,105,0.46796,0.09707,46.68
2,10,3,106,0.46788,0.09945,42.06
2,10,3,107,0.46787,0.10058,36.26
2,10,3,108,0.4678,0.10386,67.38
2,10,3,109,0.46775,0.10528,71.36
2,10,3,110,0.46772,0.10708,54.98
2,10,3,111,0.46771,0.11143,52.48
2,10,3,112,0.46767,0.11519,47.42
2,10,3,113,0.46761,0.12104,49.01
2,10,3,114,0.46763,0.12364,44.57
2,10,3,115,0.46739,0.12506,33.95
2,10,3,116,0.4674,0.12594,39.1
2,10,3,117,0.46711,0.12617,59.23
2,10,3,118,0.46701,0.12774,42.97
2,10,3,119,0.46706,0.13035,45.36
2,10,3,120,0.46716,0.12981,46.27
2,10,3,121,0.4672,0.12923,53.11
2,10,3,122,0.46723,0.12726,44.16
2,10,3,123,0.46729,0.12604,49.28
2,10,3,124,0.46731,0.12536,54.36
2,10,3,125,0.46736,0.12487,49.64
2,10,3,126,0.46748,0.12171,41.15
2,10,3,127,0.46758,0.1203,36.52
2,10,3,128,0.46767,0.11977,41.79
2,10,3,129,0.46776,0.11723,39.19
2,10,3,130,0.46781,0.11379,45.68
2,10,3,131,0.46788,0.11022,45.85
2,10,3,132,0.4677,0.10556,39.77
2,10,3,133,0.46768,0.10088,40.33
2,10,3,134,0.46746,0.09736,40.84
2,10,3,135,0.46715,0.09387,69.08
2,10,3,136,0.46684,0.09306,58.33
2,10,3,137,0.4666,0.08945,38.95
2,10,3,138,0.46639,0.08717,42.92
2,10,3,139,0.46623,0.08643,67.45
2,10,3,140,0.46643,0.08537,39.84
2,10,3,141,0.46684,0.08211,75.78
2,10,3,142,0.46689,0.08207,50.76
2,10,3,143,0.46682,0.0805,49.26
2,10,3,144,0.46666,0.081,37.69
2,10,3,145,0.4665,0.08126,54.03
2,10,3,146,0.46638,0.08144,45.03
2,10,3,147,0.46624,0.08244,40.54
2,10,3,148,0.46641,0.08326,39.32
2,10,3,149,0.46672,0.0827,36.89
2,10,3,150,0.46676,0.08149,67.05
2,10,3,151,0.46695,0.08048,50.73
2,10,3,152,0.4669,0.0814,70.77
2,10,3,153,0.46705,0.08187,43.8
2,10,3,154,0.46697,0.08273,50.92
2,10,3,155,0.46683,0.08255,73.82
2,10,3,156,0.4667,0.08205,51.4
2,10,3,157,0.46682,0.08279,47.91
2,10,3,158,0.46672,0.08434,73.88
2,10,3,159,0.46657,0.0851,76.02
2,10,3,160,0.46676,0.08421,41.37
2,10,3,161,0.46672,0.08567,52.18
2,10,3,162,0.46658,0.08744,41.04
2,10,3,163,0.46644,0.08747,42.42
2,10,3,164,0.46627,0.0887,40.75
2,10,3,165,0.46612,0.0897,36.04
2,10,3,166,0.46601,0.09038,43.4
2,10,3,167,0.4659,0.09179,53.69
2,10,3,168,0.46572,0.09237,42.25
2,10,3,169,0.46552,0.09457,43.71
2,10,3,170,0.46536,0.09535,49.65
2,10,3,171,0.46526,0.09421,39.74
2,10,3,172,0.46512,0.0947,60.79
2,10,3,173,0.46503,0.09579,49.87
2,10,3,174,0.46492,0.09793,68.65
2,10,3,175,0.46488,0.09894,47.58
2,10,3,176,0.46488,0.09931,47.71
2,10,3,177,0.46482,0.09949,44.57
2,10,3,178,0.46507,0.09958,40.23
2,10,3,179,0.46522,0.09924,39.87
2,10,3,180,0.46526,0.09861,62.11
2,10,3,181,0.4655,0.10035,48.25
2,10,3,182,0.46552,0.10372,44.5
2,10,3,183,0.4658,0.10539,45.55
2,10,3,184,0.46631,0.1037,73.66
2,10,3,185,0.46646,0.10236,69.32
2,10,3,186,0.46643,0.10189,67.07
2,10,3,187,0.46629,0.10335,61.3
2,10,3,188,0.46616,0.10376,46.4
2,10,3,189,0.46602,0.10288,45.03
2,10,3,190,0.46629,0.09948,44.29
2,10,3,191,0.46632,0.09604,80.43
2,10,3,192,0.46623,0.09388,58.28
2,10,4,0,0.46599,0.09079,88.33
2,10,4,1,0.46608,0.08989,60.74
2,10,4,2,0.46606,0.08985,36.3
2,10,4,3,0.46599,0.09026,44.06
2,10,4,4,0.46589,0.0917,46.96
2,10,4,5,0.46576,0.09358,41.47
2,10,4,6,0.46566,0.09337,66.45
2,10,4,7,0.46562,0.09231,48.94
2,10,4,8,0.46558,0.09093,42.78
2,10,4,9,0.46561,0.08662,39.09
2,10,4,10,0.46568,0.08177,34.56
2,10,4,11,0.46571,0.07889,35.65
2,10,4,12,0.46576,0.07724,44.53
2,10,4,13,0.46551,0.07429,71.01
2,10,4,14,0.46548,0.07202,39.35
2,10,4,15,0.46554,0.0699,49.08
2,10,4,16,0.46563,0.06683,34.87
2,10,4,17,0.46575,0.06356,49.86
2,10,4,18,0.46582,0.06251,48.65
2,10,4,19,0.46587,0.06315,44.79
2,10,4,20,0.46558,0.06358,43.48
2,10,4,21,0.4655,0.06383,37.43
2,10,4,22,0.46521,0.06402,33.54
2,10,4,23,0.46523,0.06456,58.74
2,10,4,24,0.46531,0.06572,38.03
2,10,4,25,0.46549,0.06526,45.12
2,10,4,26,0.46571,0.06398,39.74
2,10,4,27,0.46562,0.06081,62.43
2,10,4,28,0.46538,0.05691,45.05
2,10,4,29,0.46541,0.0537,36.81
2,10,4,30,0.46555,0.05276,42.72
2,10,4,31,0.46542,0.05287,41.4
2,10,4,32,0.46514,0.0538,39.5
2,10,4,33,0.46511,0.05505,37.5
2,10,4,34,0.46517,0.05615,65.33
2,10,4,35,0.46532,0.05544,46.46
2,10,4,36,0.46518,0.05405,45.5
2,10,4,37,0.4652,0.05407,39.48
2,10,4,38,0.46528,0.05579,42.92
2,10,4,39,0.46547,0.05553,45.46
2,10,4,40,0.4657,0.05435,44.01
2,10,4,41,0.46561,0.05457,42.51
2,10,4,42,0.46568,0.05475,55.32
2,10,4,43,0.4658,0.05492,39.36
2,10,4,44,0.46595,0.05547,35.94
2,10,4,45,0.4657,0.05607,44.23
2,10,4,46,0.46531,0.05658,64.16
2,10,4,47,0.46496,0.05763,32.47
2,10,4,48,0.4646,0.05721,39.28
2,10,4,49,0.46435,0.05594,39.88
2,10,4,50,0.46444,0.05502,43.32
2,10,4,51,0.46433,0.05607,59.42
2,10,4,52,0.46449,0.05633,66.05
2,10,4,53,0.46477,0.05621,41.08
2,10,4,54,0.4648,0.05689,71.38
2,10,4,55,0.46496,0.05792,43.56
2,10,4,56,0.46491,0.05904,41.67
2,10,4,57,0.46474,0.0601,33.45
2,10,4,58,0.46452,0.06227,39.98
2,10,4,59,0.46462,0.06362,39.34
2,10,4,60,0.46455,0.06546,42.88
2,10,4,61,0.46434,0.06983,40.69
2,10,4,62,0.46409,0.07525,35.22
2,10,4,63,0.46375,0.08055,43.92
2,10,4,64,0.46355,0.08091,42.73
2,10,4,65,0.46384,0.07718,48.26
2,10,4,66,0.46391,0.07584,39.49
2,10,4,67,0.46388,0.07557,39.52
2,10,4,68,0.46386,0.07353,48.43
2,10,4,69,0.46411,0.0728,50.98
2,10,4,70,0.46414,0.07328,58.6
2,10,4,71,0.46408,0.07607,54.34
2,10,4,72,0.46395,0.07971,42.91
2,10,4,73,0.4638,0.08096,43.62
2,10,4,74,0.46364,0.0809,39.86
2,10,4,75,0.46349,0.08167,48.92
2,10,4,76,0.46333,0.08302,39.62
2,10,4,77,0.46356,0.0837,40.02
2,10,4,78,0.46361,0.08372,39.55
2,10,4,79,0.46361,0.08103,45.25
2,10,4,80,0.4636,0.07742,48.82
2,10,4,81,0.46384,0.0755,44.1
2,10,4,82,0.46422,0.07651,42.36
2,10,4,83,0.46432,0.07607,45.35
2,10,4,84,0.46427,0.07616,40.37
2,10,4,85,0.46412,0.07846,37.72
2,10,4,86,0.46393,0.08006,41.7
2,10,4,87,0.46377,0.08094,42.29
2,10,4,88,0.46359,0.08454,38.48
2,10,4,89,0.46345,0.08617,46.8
2,10,4,90,0.46329,0.08872,42.73
2,10,4,91,0.46312,0.09257,55.43
2,10,4,92,0.46295,0.09359,40.16
2,10,4,93,0.46287,0.09297,43.38
2,10,4,94,0.46277,0.09313,36.78
2,10,4,95,0.46271,0.09333,85.87
2,10,4,96,0.46266,0.09447,60.26
2,10,4,97,0.4626,0.09615,36.77
2,10,4,98,0.46257,0.09701,44.81
2,10,4,99,0.46256,0.09783,39.62
2,10,4,100,0.46263,0.09595,42.07
2,10,4,101,0.46267,0.09553,44.42
2,10,4,102,0.46259,0.0975,43.74
2,10,4,103,0.46252,0.10019,41.85
2,10,4,104,0.46249,0.1003,83.35
2,10,4,105,0.46245,0.10182,61.01
2,10,4,106,0.46236,0.1037,43.58
2,10,4,107,0.4623,0.10571,46.41
2,10,4,108,0.46223,0.10682,42.83
2,10,4,109,0.46222,0.10675,44.53
2,10,4,110,0.46218,0.1072,37.22
2,10,4,111,0.4622,0.10718,42.61
2,10,4,112,0.46224,0.10668,45.62
2,10,4,113,0.46229,0.10534,40.55
2,10,4,114,0.46229,0.10606,41.07
2,10,4,115,0.46223,0.10881,37.3
2,10,4,116,0.46215,0.1123,43.98
2,10,4,117,0.46211,0.11384,70.47
2,10,4,118,0.46208,0.11418,43.62
2,10,4,119,0.46208,0.11443,43.55
2,10,4,120,0.46215,0.11281,43.75
2,10,4,121,0.4622,0.11054,40.28
2,10,4,122,0.46223,0.10784,42.5
2,10,4,123,0.46219,0.10875,41.47
2,10,4,124,0.46213,0.11003,38.82
2,10,4,125,0.46209,0.11113,46.26
2,10,4,126,0.46205,0.11207,35.06
2,10,4,127,0.46202,0.1127,73.44
2,10,4,128,0.46198,0.11332,50.1
2,10,4,129,0.46197,0.11349,36.68
2,10,4,130,0.46196,0.11339,42.55
2,10,4,131,0.4621,0.1092,41.42
2,10,4,132,0.4623,0.10226,40.25
2,10,4,133,0.46244,0.09805,37.0
2,10,4,134,0.46256,0.09582,39.81
2,10,4,135,0.46232,0.09298,57.27
2,10,4,136,0.46194,0.09048,44.77
2,10,4,137,0.46185,0.08776,43.8
2,10,4,138,0.46194,0.08539,57.28
2,10,4,139,0.4621,0.082,70.93
2,10,4,140,0.46231,0.07869,48.0
2,10,4,141,0.46251,0.07555,44.8
2,10,4,142,0.46268,0.07475,60.63
2,10,4,143,0.46279,0.07394,65.31
2,10,4,144,0.46255,0.07377,77.1
2,10,4,145,0.4622,0.07267,47.5
2,10,4,146,0.46208,0.07277,45.93
2,10,4,147,0.46212,0.07255,45.27
2,10,4,148,0.46223,0.0726,38.63
2,10,4,149,0.46232,0.07399,48.76
2,10,4,150,0.46241,0.07537,61.68
2,10,4,151,0.46218,0.07688,39.76
2,10,4,152,0.46211,0.07894,38.11
2,10,4,153,0.46213,0.08057,38.59
2,10,4,154,0.46214,0.08374,39.87
2,10,4,155,0.46215,0.08805,43.0
2,10,4,156,0.46217,0.09212,48.73
2,10,4,157,0.46215,0.09675,38.97
2,10,4,158,0.46218,0.09831,37.21
2,10,4,159,0.46223,0.09834,38.56
2,10,4,160,0.46222,0.1005,39.83
2,10,4,161,0.46218,0.1036,41.91
2,10,4,162,0.46214,0.10558,39.18
2,10,4,163,0.46213,0.10611,30.78
2,10,4,164,0.46213,0.10555,67.99
2,10,4,165,0.46208,0.10678,51.71
2,10,4,166,0.46205,0.10762,45.13
2,10,4,167,0.46203,0.10831,47.02
2,10,4,168,0.46198,0.11028,45.13
2,10,4,169,0.46193,0.11274,45.63
2,10,4,170,0.46196,0.11192,46.11
2,10,4,171,0.46206,0.10965,61.09
2,10,4,172,0.46219,0.10714,42.52
2,10,4,173,0.46236,0.10423,36.2
2,10,4,174,0.4625,0.10039,46.31
2,10,4,175,0.46263,0.09822,38.29
2,10,4,176,0.46271,0.09739,36.48
2,10,4,177,0.46268,0.09965,39.36
2,10,4,178,0.46263,0.10205,47.06
2,10,4,179,0.46266,0.10311,47.27
2,10,4,180,0.46262,0.10577,42.05
2,10,4,181,0.46253,0.10921,43.75
2,10,4,182,0.4624,0.1135,43.26
2,10,4,183,0.46241,0.11164,46.5
2,10,4,184,0.46249,0.10725,50.64
2,10,4,185,0.46228,0.10278,41.96
2,10,4,186,0.46237,0.09475,43.22
2,10,4,187,0.46249,0.08959,51.69
2,10,4,188,0.46221,0.08682,37.98
2,10,4,189,0.4621,0.08679,51.79
2,10,4,190,0.46189,0.08381,46.34
2,10,4,191,0.46188,0.08182,44.85
2,10,4,192,0.46202,0.07957,39.13
2,10,4,193,0.46219,0.07847,36.77
2,10,4,194,0.46237,0.07739,33.84
2,10,4,195,0.46207,0.07224,41.44
2,10,4,196,0.46212,0.07191,40.48
2,10,4,197,0.46226,0.07041,41.29
2,10,4,198,0.4624,0.07011,59.56
2,10,4,199,0.46256,0.07038,40.93
2,10,4,200,0.46267,0.07157,43.36
2,10,4,201,0.46246,0.07237,39.09
2,10,4,202,0.46247,0.07061,57.44
2,10,4,203,0.46257,0.06809,40.09
2,10,4,204,0.4627,0.06616,41.87
2,10,4,205,0.46283,0.06456,47.31
2,10,4,206,0.46264,0.06368,51.78
2,10,4,207,0.46238,0.06169,43.6
2,10,4,208,0.46207,0.05927,39.79
2,10,4,209,0.46204,0.05942,74.63
2,10,4,210,0.46216,0.05886,45.09
2,10,4,211,0.46207,0.0588,39.4
2,10,5,0,0.43383,0.06698,38.67
2,10,5,1,0.43454,0.07001,41.48
2,10,5,2,0.43473,0.07345,78.74
2,10,5,3,0.4347,0.07629,70.5
2,10,5,4,0.43443,0.07775,72.96
2,10,5,5,0.43465,0.08003,90.11
2,10,5,6,0.43484,0.08111,53.8
2,10,5,7,0.43496,0.08174,56.38
2,10,5,8,0.4348,0.08053,47.13
2,10,5,9,0.43481,0.08044,43.89
2,10,5,10,0.43503,0.08122,44.68
2,10,5,11,0.43499,0.07988,43.74
2,10,5,12,0.43494,0.07811,41.04
2,10,5,13,0.4348,0.07641,43.15
2,10,5,14,0.43467,0.07499,40.58
2,10,5,15,0.43439,0.0728,45.46
2,10,5,16,0.43424,0.07164,43.75
2,10,5,17,0.43425,0.07166,59.76
2,10,5,18,0.43423,0.07126,43.34
2,10,5,19,0.43414,0.0698,47.46
2,10,5,20,0.43432,0.07002,45.72
2,10,5,21,0.43425,0.07101,43.32
2,10,5,22,0.43433,0.07185,50.48
2,10,5,23,0.43442,0.07191,70.27
2,10,5,24,0.43451,0.07111,51.26
2,10,5,25,0.43465,0.07076,42.87
2,10,5,26,0.43449,0.0688,46.32
2,10,5,27,0.43468,0.06884,36.72
2,10,5,28,0.43475,0.06874,36.22
2,10,5,29,0.43472,0.06748,40.58
2,10,5,30,0.43497,0.06822,38.11
2,10,5,31,0.43538,0.06992,44.54
2,10,5,32,0.43532,0.06928,38.78
2,10,5,33,0.43504,0.06737,42.01
2,10,5,34,0.43527,0.06749,52.33
2,10,5,35,0.4359,0.069,42.76
2,10,5,36,0.43646,0.07028,40.76
2,10,5,37,0.43708,0.07204,40.47
2,10,5,38,0.43743,0.07257,40.94
2,10,5,39,0.43765,0.07268,42.39
2,10,5,40,0.43799,0.07417,43.28
2,10,5,41,0.43856,0.07791,44.83
2,10,5,42,0.43906,0.08124,37.38
2,10,5,43,0.43873,0.08088,59.73
2,10,5,44,0.43788,0.07974,38.55
2,10,5,45,0.4368,0.07826,39.86
2,10,5,46,0.45693,0.08674,41.11
2,10,5,47,0.45712,0.08678,91.31
2,10,5,48,0.45787,0.08984,74.7
2,10,5,49,0.46015,0.09594,77.74
2,10,5,50,0.4619,0.10149,59.64
2,10,5,51,0.46328,0.10625,43.68
2,10,5,52,0.46455,0.11211,43.87
2,10,5,53,0.46427,0.11111,50.67
2,10,5,54,0.46288,0.1063,40.89
2,10,5,55,0.46165,0.10251,78.87
2,10,5,56,0.46047,0.0994,53.12
2,10,5,57,0.45951,0.09824,35.93
2,10,5,58,0.4589,0.09848,53.04
2,10,5,59,0.45816,0.09738,53.48
2,10,5,60,0.45752,0.09769,37.17
2,10,5,61,0.45722,0.09795,71.12
2,10,5,62,0.45688,0.09845,45.32
2,10,5,63,0.45648,0.10013,42.26
2,10,5,64,0.45606,0.10016,38.68
2,10,5,65,0.45539,0.09848,47.1
2,10,5,66,0.45525,0.09933,39.31
2,10,5,67,0.45557,0.10229,39.8
2,10,5,68,0.45561,0.1033,37.04
2,10,5,69,0.45543,0.10292,37.74
2,10,5,70,0.45515,0.10218,50.07
2,10,5,71,0.45408,0.09939,43.59
2,10,5,72,0.45297,0.09523,40.67
2,10,5,73,0.45222,0.09296,44.96
2,10,5,74,0.45162,0.09133,48.93
2,10,5,75,0.45048,0.08844,35.95
2,10,5,76,0.44964,0.08656,40.42
2,10,5,77,0.44866,0.08351,66.65
2,10,5,78,0.4482,0.08163,54.33
2,10,5,79,0.44768,0.07908,40.75
2,10,5,80,0.44719,0.0766,36.77
2,10,5,81,0.44698,0.07498,50.74
2,10,5,82,0.44676,0.07382,51.4
2,10,5,83,0.44681,0.07443,48.87
2,10,5,84,0.44695,0.07577,37.37
2,10,5,85,0.44668,0.07517,72.07
2,10,5,86,0.44635,0.07428,44.41
2,10,5,87,0.44585,0.07435,36.69
2,10,5,88,0.44569,0.07441,51.94
2,10,5,89,0.44565,0.07467,39.91
2,10,5,90,0.44576,0.07513,37.62
2,10,5,91,0.44557,0.0745,40.82
2,10,5,92,0.44532,0.07304,41.67
2,10,5,93,0.44464,0.06914,41.25
2,10,5,94,0.44405,0.06564,45.85
2,10,5,95,0.44386,0.06412,40.06
2,10,5,96,0.44346,0.0622,39.61
2,10,5,97,0.44286,0.0606,41.89
2,10,5,98,0.44229,0.05995,43.44
2,10,5,99,0.4418,0.05957,36.56
3,10,1,0,0.78022,0.15819,56.15
3,10,1,1,0.78093,0.15962,59.44
3,10,1,2,0.78169,0.16039,47.23
3,10,1,3,0.78184,0.16027,40.25
3,10,1,4,0.78183,0.16062,34.17
3,10,1,5,0.78177,0.16062,53.79
3,10,1,6,0.78165,0.16047,36.12
3,10,1,7,0.78146,0.16023,65.86
3,10,1,8,0.78121,0.15857,41.72
3,10,1,9,0.7812,0.15515,72.69
3,10,1,10,0.78145,0.15371,53.93
3,10,1,11,0.78153,0.15313,43.67
3,10,1,12,0.78147,0.15331,42.0
3,10,1,13,0.78143,0.15371,48.22
3,10,1,14,0.7811,0.15496,46.47
3,10,1,15,0.78058,0.15695,40.03
3,10,1,16,0.78006,0.16038,46.18
3,10,1,17,0.77935,0.16445,49.01
3,10,1,18,0.77913,0.16673,36.8
3,10,1,19,0.77878,0.16963,48.01
3,10,1,20,0.77846,0.17286,41.24
3,10,1,21,0.77811,0.17678,33.12
3,10,1,22,0.77785,0.1782,40.57
3,10,1,23,0.77756,0.17852,38.87
3,10,1,24,0.77735,0.17777,39.03
3,10,1,25,0.77727,0.17696,41.72
3,10,1,26,0.7773,0.17656,43.95
3,10,1,27,0.77731,0.17615,43.9
3,10,1,28,0.77682,0.17482,46.83
3,10,1,29,0.77612,0.17164,38.93
3,10,1,30,0.77543,0.16765,107.61
3,10,1,31,0.77495,0.1649,91.09
3,10,1,32,0.77442,0.16282,59.48
3,10,1,33,0.77391,0.15964,46.09
3,10,1,34,0.7736,0.15706,37.76
3,10,1,35,0.77334,0.15568,41.68
3,10,1,36,0.77313,0.15347,42.18
3,10,1,37,0.77323,0.14944,43.16
3,10,1,38,0.7732,0.14595,35.24
3,10,1,39,0.77307,0.14373,39.88
3,10,1,40,0.77291,0.14102,47.87
3,10,1,41,0.77273,0.13769,38.66
3,10,1,42,0.77263,0.1362,47.83
3,10,1,43,0.77262,0.13526,41.67
3,10,1,44,0.77266,0.1362,61.66
3,10,1,45,0.77263,0.13757,81.99
3,10,1,46,0.77259,0.13816,76.47
3,10,1,47,0.77249,0.13882,88.31
3,10,1,48,0.77242,0.14038,56.25
3,10,1,49,0.7723,0.14156,43.12
3,10,1,50,0.77223,0.14162,43.98
3,10,1,51,0.77219,0.14146,42.14
3,10,1,52,0.77225,0.14086,49.09
3,10,1,53,0.77239,0.13946,45.25
3,10,1,54,0.77226,0.14075,40.07
3,10,1,55,0.77198,0.14218,46.11
3,10,1,56,0.7716,0.14313,43.94
3,10,1,57,0.77089,0.14362,41.38
3,10,1,58,0.77037,0.14115,38.52
3,10,1,59,0.77,0.13915,38.3
3,10,1,60,0.76971,0.13762,36.67
3,10,1,61,0.76951,0.13717,45.55
3,10,1,62,0.76934,0.13791,36.31
3,10,1,63,0.76926,0.139,38.24
3,10,1,64,0.76927,0.14099,67.79
3,10,1,65,0.76932,0.14347,56.62
3,10,1,66,0.76941,0.1462,46.41
3,10,1,67,0.76948,0.14695,39.62
3,10,1,68,0.76918,0.14722,42.06
3,10,1,69,0.76867,0.14764,43.69
3,10,1,70,0.76808,0.14829,43.23
3,10,1,71,0.76747,0.15104,41.54
3,10,1,72,0.76701,0.15324,42.78
3,10,1,73,0.7667,0.15522,39.76
3,10,1,74,0.76654,0.15686,58.1
3,10,1,75,0.76643,0.15935,57.11
3,10,1,76,0.76641,0.16204,46.93
3,10,1,77,0.76593,0.16507,64.74
3,10,1,78,0.76572,0.16717,47.62
3,10,1,79,0.76553,0.16884,42.5
3,10,1,80,0.76535,0.16962,40.28
3,10,1,81,0.76521,0.16988,39.07
3,10,1,82,0.76481,0.16931,36.95
3,10,1,83,0.76472,0.16869,37.86
3,10,1,84,0.76445,0.16738,41.53
3,10,1,85,0.76403,0.16503,77.17
3,10,1,86,0.76364,0.16227,47.26
3,10,1,87,0.76329,0.15885,44.34
3,10,1,88,0.76338,0.15492,42.31
3,10,1,89,0.76334,0.15302,54.63
3,10,1,90,0.76319,0.1519,43.53
3,10,1,91,0.76302,0.15222,49.37
3,10,1,92,0.76286,0.15266,41.71
3,10,1,93,0.76264,0.15357,42.48
3,10,1,94,0.76249,0.15316,40.99
3,10,1,95,0.76232,0.15259,36.88
3,10,1,96,0.76249,0.15208,39.78
3,10,1,97,0.76274,0.1524,40.9
3,10,1,98,0.76308,0.15326,32.15
3,10,1,99,0.76349,0.15552,45.1
3,10,1,100,0.76345,0.15719,45.07
3,10,1,101,0.76324,0.15858,106.81
3,10,1,102,0.76303,0.15916,72.92
3,10,1,103,0.76278,0.15868,84.27
3,10,1,104,0.76257,0.15744,57.05
3,10,1,105,0.76279,0.1545,42.86
3,10,1,106,0.76279,0.15259,37.02
3,10,1,107,0.76271,0.15095,46.92
3,10,1,108,0.76268,0.14874,42.27
3,10,1,109,0.7623,0.14723,40.31
3,10,1,110,0.76216,0.14607,39.84
3,10,1,111,0.76183,0.14551,35.84
3,10,1,112,0.76142,0.14315,42.67
3,10,1,113,0.761,0.14144,35.03
3,10,1,114,0.76073,0.14171,79.34
3,10,1,115,0.76051,0.14153,57.12
3,10,1,116,0.76032,0.141,46.57
3,10,1,117,0.75988,0.14133,60.13
3,10,1,118,0.75948,0.14206,45.13
3,10,1,119,0.75904,0.14471,38.47
3,10,1,120,0.75869,0.14582,41.32
3,10,1,121,0.75834,0.14595,88.16
3,10,1,122,0.75806,0.14711,46.92
3,10,1,123,0.75782,0.14574,39.72
3,10,2,0,0.75421,0.16101,45.59
3,10,2,1,0.75409,0.16417,40.67
3,10,2,2,0.75401,0.16418,38.65
3,10,2,3,0.754,0.16365,41.35
3,10,2,4,0.75399,0.1629,38.55
3,10,2,5,0.75398,0.16248,36.33
3,10,2,6,0.75401,0.16063,51.96
3,10,2,7,0.75401,0.15818,37.74
3,10,2,8,0.75409,0.15767,37.97
3,10,2,9,0.75415,0.15793,44.89
3,10,2,10,0.75391,0.15969,44.34
3,10,2,11,0.75402,0.16207,36.94
3,10,2,12,0.75419,0.16381,39.14
3,10,2,13,0.75433,0.16476,37.76
3,10,2,14,0.75454,0.16513,48.75
3,10,2,15,0.75466,0.16511,48.03
3,10,2,16,0.75487,0.1643,41.03
3,10,2,17,0.75508,0.16315,38.48
3,10,2,18,0.75533,0.1639,50.88
3,10,2,19,0.75556,0.16425,71.95
3,10,2,20,0.75582,0.16515,41.63
3,10,2,21,0.75599,0.16336,40.81
3,10,2,22,0.75611,0.15985,30.93
3,10,2,23,0.7562,0.15734,53.43
3,10,2,24,0.75626,0.15507,42.9
3,10,2,25,0.75591,0.15237,37.66
3,10,2,26,0.7558,0.15037,56.49
3,10,2,27,0.75588,0.14993,36.42
3,10,2,28,0.75599,0.15044,54.55
3,10,2,29,0.75599,0.15167,45.67
3,10,2,30,0.75622,0.15268,49.07
3,10,2,31,0.75641,0.15144,39.09
3,10,2,32,0.75691,0.14881,38.98
3,10,2,33,0.75768,0.14737,39.5
3,10,2,34,0.75804,0.14748,39.51
3,10,2,35,0.75807,0.1469,51.03
3,10,2,36,0.75845,0.14694,55.56
3,10,2,37,0.75892,0.14637,35.46
3,10,2,38,0.75914,0.14556,64.81
3,10,2,39,0.75919,0.14442,62.99
3,10,2,40,0.75918,0.14398,42.28
3,10,2,41,0.75907,0.14406,39.05
3,10,2,42,0.75896,0.14432,57.91
3,10,2,43,0.75891,0.14544,38.07
3,10,2,44,0.75883,0.14472,42.36
3,10,2,45,0.75846,0.14509,39.27
3,10,2,46,0.75824,0.1446,44.36
3,10,2,47,0.7581,0.14287,43.57
3,10,2,48,0.75809,0.14256,40.35
3,10,2,49,0.75815,0.14219,80.05
3,10,2,50,0.7579,0.14288,64.43
3,10,2,51,0.75749,0.14414,34.56
3,10,2,52,0.75713,0.14532,37.09
3,10,2,53,0.75678,0.14604,40.87
3,10,2,54,0.7565,0.14616,68.89
3,10,2,55,0.75636,0.14604,71.19
3,10,2,56,0.75622,0.14553,46.26
3,10,2,57,0.75609,0.14213,49.67
3,10,2,58,0.75598,0.13779,43.82
3,10,2,59,0.7556,0.13618,42.96
3,10,2,60,0.75547,0.13551,55.91
3,10,2,61,0.75548,0.13615,39.23
3,10,2,62,0.75555,0.13762,85.28
3,10,2,63,0.75567,0.13947,81.11
3,10,2,64,0.7558,0.14153,49.44
3,10,2,65,0.75592,0.14302,51.24
3,10,2,66,0.75562,0.14438,48.62
3,10,2,67,0.75507,0.14488,60.32
3,10,2,68,0.75458,0.14508,51.71
3,10,2,69,0.75393,0.14556,52.48
3,10,2,70,0.7534,0.14572,37.23
3,10,2,71,0.75313,0.14468,49.31
3,10,2,72,0.7526,0.14443,48.62
3,10,2,73,0.75142,0.14212,49.83
3,10,2,74,0.75022,0.13656,37.21
3,10,2,75,0.74933,0.13019,52.78
3,10,2,76,0.74817,0.1197,42.15
3,10,2,77,0.7473,0.10901,40.51
3,10,2,78,0.74658,0.0984,44.3
3,10,2,79,0.74597,0.09096,38.31
3,10,2,80,0.74525,0.08816,42.8
3,10,2,81,0.74481,0.08658,46.25
3,10,2,82,0.74455,0.08639,53.71
3,10,2,83,0.74442,0.08725,47.11
3,10,2,84,0.74434,0.08894,36.43
3,10,2,85,0.74432,0.09085,50.9
3,10,2,86,0.74434,0.09192,69.39
3,10,2,87,0.74438,0.09268,48.73
3,10,2,88,0.74444,0.09313,42.9
3,10,2,89,0.74455,0.09407,46.96
3,10,2,90,0.7447,0.09527,45.22
3,10,2,91,0.74517,0.09685,40.41
3,10,2,92,0.7458,0.09687,47.65
3,10,2,93,0.74611,0.09639,43.87
3,10,2,94,0.74662,0.09709,36.98
3,10,2,95,0.74681,0.0973,39.35
3,10,2,96,0.7468,0.09939,47.31
3,10,2,97,0.74708,0.10115,82.06
3,10,2,98,0.74736,0.10219,50.45
3,10,2,99,0.74769,0.10295,43.12
3,10,2,100,0.74792,0.10368,74.95
3,10,2,101,0.74804,0.10461,60.14
3,10,2,102,0.74822,0.10736,59.86
3,10,2,103,0.74869,0.10821,43.63
3,10,2,104,0.74929,0.10826,38.53
3,10,2,105,0.74979,0.10788,28.0
3,10,2,106,0.75028,0.1048,34.32
3,10,2,107,0.75093,0.10147,38.81
3,10,2,108,0.75166,0.0984,48.72
3,10,2,109,0.7529,0.09718,40.61
3,10,2,110,0.75375,0.09723,40.02
3,10,2,111,0.75428,0.09651,46.74
3,10,2,112,0.75437,0.09654,46.14
3,10,2,113,0.75468,0.09563,61.39
3,10,2,114,0.75472,0.09519,75.62
3,10,2,115,0.75463,0.09567,39.91
3,10,2,116,0.75445,0.09766,41.79
3,10,2,117,0.75399,0.10019,61.64
3,10,2,118,0.75346,0.10185,46.66
3,10,2,119,0.75287,0.10291,40.66
3,10,2,120,0.75248,0.10367,38.62
3,10,2,121,0.75214,0.10421,54.43
3,10,2,122,0.7518,0.10528,40.27
3,10,2,123,0.75151,0.10648,42.66
3,10,2,124,0.75157,0.10795,45.96
3,10,2,125,0.75139,0.10808,37.64
3,10,2,126,0.7515,0.10789,83.77
3,10,2,127,0.75134,0.10799,56.21
3,10,2,128,0.75139,0.10923,42.63
3,10,2,129,0.75117,0.1111,38.23
3,10,2,130,0.75092,0.11286,39.97
3,10,2,131,0.75065,0.11476,46.63
3,10,2,132,0.75044,0.11628,53.44
3,10,2,133,0.75069,0.11747,47.1
3,10,2,134,0.7511,0.11721,42.94
3,10,2,135,0.75152,0.11553,48.71
3,10,2,136,0.7519,0.11301,46.25
3,10,2,137,0.75223,0.11013,50.92
3,10,2,138,0.75247,0.10762,83.91
3,10,2,139,0.75302,0.10562,47.59
3,10,2,140,0.75377,0.10557,43.01
3,10,2,141,0.75426,0.10632,41.26
3,10,2,142,0.75471,0.10811,43.12
3,10,2,143,0.75504,0.11115,35.98
3,10,2,144,0.75525,0.11275,48.34
3,10,2,145,0.75545,0.11466,41.23
3,10,2,146,0.75556,0.11509,42.31
3,10,2,147,0.75597,0.11474,46.1
3,10,2,148,0.75659,0.11332,47.5
3,10,2,149,0.75683,0.11152,36.48
3,10,2,150,0.7572,0.1105,47.87
3,10,2,151,0.75766,0.10936,41.98
3,10,2,152,0.75811,0.10759,41.71
3,10,2,153,0.75847,0.10645,47.08
3,10,2,154,0.75886,0.105,39.08
3,10,2,155,0.75919,0.10487,72.75
3,10,2,156,0.75941,0.10477,47.21
3,10,2,157,0.75946,0.10492,42.93
3,10,2,158,0.75978,0.10451,75.28
3,10,2,159,0.76016,0.10421,57.36
3,10,2,160,0.76063,0.10555,43.19
3,10,2,161,0.76114,0.10738,44.99
3,10,2,162,0.76154,0.10908,37.92
3,10,2,163,0.76171,0.11077,41.36
3,10,2,164,0.76189,0.11323,48.9
3,10,2,165,0.76194,0.1146,46.4
3,10,2,166,0.762,0.11552,72.86
3,10,2,167,0.76207,0.11588,70.26
3,10,2,168,0.76217,0.11643,56.29
3,10,2,169,0.76223,0.11562,49.27
3,10,2,170,0.76194,0.11374,45.19
3,10,2,171,0.76151,0.11311,52.04
3,10,2,172,0.76108,0.11165,46.39
3,10,3,0,0.752,0.12673,44.74
3,10,3,1,0.75215,0.12835,43.77
3,10,3,2,0.75209,0.12969,65.45
3,10,3,3,0.75191,0.12862,39.88
3,10,3,4,0.7521,0.12673,46.25
3,10,3,5,0.75209,0.12534,45.14
3,10,3,6,0.75205,0.12446,37.69
3,10,3,7,0.75201,0.1241,37.52
3,10,3,8,0.75198,0.1233,34.75
3,10,3,9,0.75203,0.12297,38.21
3,10,3,10,0.75178,0.12245,40.48
3,10,3,11,0.75162,0.12186,47.43
3,10,3,12,0.75144,0.12121,37.86
3,10,3,13,0.75128,0.12092,48.29
3,10,3,14,0.75119,0.12081,41.29
3,10,3,15,0.75125,0.12262,43.26
3,10,3,16,0.75148,0.12587,38.79
3,10,3,17,0.75132,0.12795,51.1
3,10,3,18,0.75102,0.12951,43.02
3,10,3,19,0.75054,0.13062,37.48
3,10,3,20,0.75015,0.13133,45.04
3,10,3,21,0.74978,0.1318,72.34
3,10,3,22,0.7495,0.1335,76.35
3,10,3,23,0.74929,0.13395,51.31
3,10,3,24,0.74906,0.13497,55.63
3,10,3,25,0.74903,0.13626,39.79
3,10,3,26,0.74916,0.13808,34.8
3,10,3,27,0.74893,0.13898,44.07
3,10,3,28,0.74855,0.13981,55.78
3,10,3,29,0.74815,0.14153,48.31
3,10,3,30,0.74795,0.14246,38.59
3,10,3,31,0.74784,0.14304,56.24
3,10,3,32,0.74774,0.14356,44.16
3,10,3,33,0.74797,0.14231,39.93
3,10,3,34,0.74825,0.14047,38.97
3,10,3,35,0.74854,0.1397,67.98
3,10,3,36,0.74881,0.13963,62.96
3,10,3,37,0.74872,0.13915,42.21
3,10,3,38,0.74879,0.13758,34.68
3,10,3,39,0.74858,0.13733,42.17
3,10,3,40,0.74856,0.13723,41.22
3,10,3,41,0.74862,0.13715,37.56
3,10,3,42,0.74864,0.13692,82.6
3,10,3,43,0.74831,0.13708,55.6
3,10,3,44,0.74801,0.13685,39.4
3,10,3,45,0.74764,0.13651,44.37
3,10,3,46,0.74722,0.13733,44.57
3,10,3,47,0.74726,0.13918,44.27
3,10,3,48,0.74758,0.14104,60.21
3,10,3,49,0.74795,0.14138,82.56
3,10,3,50,0.74833,0.14287,58.06
3,10,3,51,0.74873,0.14535,41.22
3,10,3,52,0.74862,0.14794,38.23
3,10,3,53,0.74838,0.14894,50.62
3,10,3,54,0.74781,0.14989,44.24
3,10,3,55,0.74733,0.15034,52.55
3,10,3,56,0.74695,0.14915,41.89
3,10,3,57,0.7467,0.14668,42.17
3,10,3,58,0.74648,0.14424,48.2
3,10,3,59,0.74626,0.14032,37.84
3,10,3,60,0.74609,0.13858,38.72
3,10,3,61,0.74596,0.13672,70.69
3,10,3,62,0.74583,0.13628,58.82
3,10,3,63,0.74567,0.13619,51.26
3,10,3,64,0.7455,0.1364,39.22
3,10,3,65,0.74539,0.13748,45.03
3,10,3,66,0.7453,0.13931,49.37
3,10,3,67,0.74522,0.14043,40.72
3,10,3,68,0.74554,0.14038,63.75
3,10,3,69,0.74603,0.14059,46.0
3,10,3,70,0.74632,0.14158,38.98
3,10,3,71,0.74638,0.14283,36.77
3,10,3,72,0.74644,0.14432,38.26
3,10,3,73,0.7465,0.14543,54.36
3,10,3,74,0.74658,0.14605,43.63
3,10,3,75,0.74672,0.14762,46.56
3,10,3,76,0.74688,0.15038,43.3
3,10,3,77,0.74664,0.15172,50.88
3,10,3,78,0.74659,0.15385,36.81
3,10,3,79,0.74669,0.15645,44.03
3,10,3,80,0.74686,0.15866,50.0
3,10,3,81,0.74664,0.16005,58.83
3,10,3,82,0.74612,0.1603,37.65
3,10,3,83,0.74561,0.15947,77.93
3,10,3,84,0.74509,0.16039,40.24
3,10,3,85,0.74497,0.15995,43.53
3,10,3,86,0.74512,0.16165,45.25
3,10,3,87,0.74538,0.16153,43.27
3,10,3,88,0.74529,0.1596,38.61
3,10,3,89,0.745,0.15661,79.91
3,10,3,90,0.74468,0.15346,72.56
3,10,3,91,0.74423,0.15086,38.82
3,10,3,92,0.74387,0.14864,36.03
3,10,3,93,0.74355,0.14713,58.92
3,10,3,94,0.74327,0.14512,42.17
3,10,3,95,0.7428,0.14301,63.25
3,10,3,96,0.74266,0.14143,45.84
3,10,3,97,0.74236,0.14081,47.57
3,10,3,98,0.74202,0.14149,56.52
3,10,3,99,0.74194,0.14075,42.49
3,10,3,100,0.74196,0.13842,38.21
3,10,3,101,0.74203,0.13626,49.57
3,10,3,102,0.74211,0.13406,34.99
3,10,3,103,0.74221,0.13203,70.13
3,10,3,104,0.74205,0.13283,58.83
3,10,3,105,0.74182,0.13542,53.09
3,10,3,106,0.7416,0.13779,52.78
3,10,3,107,0.74167,0.13955,56.03
3,10,3,108,0.74194,0.14114,42.88
3,10,3,109,0.74192,0.14241,50.46
3,10,3,110,0.74181,0.14423,41.58
3,10,3,111,0.74162,0.14804,47.26
3,10,3,112,0.7414,0.15072,56.09
3,10,3,113,0.74114,0.1503,39.12
3,10,3,114,0.74095,0.1495,37.22
3,10,3,115,0.74074,0.14962,57.16
3,10,3,116,0.74059,0.15016,37.33
3,10,3,117,0.74045,0.14952,35.77
3,10,3,118,0.7403,0.14726,40.62
3,10,3,119,0.73988,0.14444,53.28
3,10,3,120,0.73979,0.14174,40.48
3,10,3,121,0.73977,0.13933,56.27
3,10,3,122,0.73987,0.13759,57.59
3,10,3,123,0.73996,0.13563,43.55
3,10,3,124,0.74009,0.13397,33.75
3,10,3,125,0.74014,0.13331,44.04
3,10,3,126,0.74013,0.1337,38.83
3,10,3,127,0.74017,0.13487,35.24
3,10,3,128,0.74022,0.13642,54.29
3,10,3,129,0.7402,0.13649,72.24
3,10,3,130,0.74021,0.13491,43.88
3,10,3,131,0.74027,0.13363,51.81
3,10,3,132,0.74001,0.13338,50.38
3,10,3,133,0.73984,0.13133,45.65
3,10,3,134,0.73987,0.12993,40.46
3,10,3,135,0.74002,0.12841,37.97
3,10,3,136,0.73989,0.12861,53.78
3,10,3,137,0.73995,0.12836,40.63
3,10,3,138,0.73979,0.12844,72.26
3,10,3,139,0.7398,0.12733,47.21
3,10,3,140,0.73994,0.12578,41.23
3,10,3,141,0.74018,0.12564,47.22
3,10,3,142,0.74007,0.12685,55.18
3,10,3,143,0.73982,0.12827,45.51
3,10,3,144,0.73952,0.12905,42.85
3,10,3,145,0.7392,0.12923,49.57
3,10,3,146,0.73891,0.129,43.41
3,10,3,147,0.73826,0.12851,39.95
3,10,3,148,0.73785,0.12841,40.12
3,10,3,149,0.73758,0.12853,42.28
3,10,3,150,0.73735,0.12885,37.17
3,10,3,151,0.73724,0.12915,41.15
3,10,3,152,0.73724,0.12955,41.19
3,10,3,153,0.7373,0.13019,85.49
3,10,3,154,0.73732,0.13077,63.74
3,10,3,155,0.73734,0.13174,105.07
3,10,3,156,0.73734,0.13263,78.01
3,10,3,157,0.73733,0.13361,64.52
3,10,3,158,0.73735,0.13543,49.74
3,10,3,159,0.73735,0.13666,40.34
3,10,4,0,0.75573,0.13748,62.1
3,10,4,1,0.75629,0.13479,90.54
3,10,4,2,0.75716,0.13155,42.69
3,10,4,3,0.75768,0.13004,42.28
3,10,4,4,0.75797,0.13142,42.65
3,10,4,5,0.75848,0.13171,41.63
3,10,4,6,0.75896,0.13139,33.22
3,10,4,7,0.75945,0.1315,41.96
3,10,4,8,0.75983,0.13235,73.42
3,10,4,9,0.76014,0.13293,74.6
3,10,4,10,0.7604,0.13306,48.71
3,10,4,11,0.76031,0.13456,40.35
3,10,4,12,0.76013,0.13646,43.76
3,10,4,13,0.7599,0.1391,39.14
3,10,4,14,0.75977,0.14054,46.23
3,10,4,15,0.75965,0.14101,38.49
3,10,4,16,0.75955,0.14079,51.42
3,10,4,17,0.75944,0.14083,43.63
3,10,4,18,0.75936,0.14062,34.91
3,10,4,19,0.75945,0.14042,40.27
3,10,4,20,0.75927,0.1416,61.06
3,10,4,21,0.75906,0.14289,47.23
3,10,4,22,0.75874,0.14342,77.55
3,10,4,23,0.75842,0.14303,37.78
3,10,4,24,0.75813,0.14285,43.23
3,10,4,25,0.75791,0.14306,37.08
3,10,4,26,0.75774,0.14296,50.72
3,10,4,27,0.75756,0.14297,46.92
3,10,4,28,0.75742,0.14423,44.6
3,10,4,29,0.75732,0.1462,42.59
3,10,4,30,0.75722,0.1474,40.15
3,10,4,31,0.75712,0.14777,40.04
3,10,4,32,0.75706,0.1478,36.9
3,10,4,33,0.75698,0.14735,59.87
3,10,4,34,0.75692,0.14664,43.83
3,10,4,35,0.75661,0.14622,71.41
3,10,4,36,0.75626,0.14733,59.94
3,10,4,37,0.75579,0.14979,44.16
3,10,4,38,0.7554,0.15304,42.76
3,10,4,39,0.755,0.15464,73.34
3,10,4,40,0.75474,0.1542,75.54
3,10,4,41,0.75486,0.15397,52.69
3,10,4,42,0.75476,0.15385,43.19
3,10,4,43,0.75462,0.15292,38.98
3,10,4,44,0.75478,0.15142,52.33
3,10,4,45,0.75479,0.14964,50.33
3,10,4,46,0.75466,0.14593,42.63
3,10,4,47,0.75453,0.14236,40.19
3,10,4,48,0.75439,0.13908,53.12
3,10,4,49,0.75426,0.13639,77.41
3,10,4,50,0.75416,0.13443,37.1
3,10,4,51,0.75412,0.13348,48.4
3,10,4,52,0.75399,0.13278,45.57
3,10,4,53,0.75382,0.13309,36.83
3,10,4,54,0.75375,0.13492,43.61
3,10,4,55,0.75374,0.13787,34.45
3,10,4,56,0.75374,0.13861,44.31
3,10,4,57,0.75378,0.13731,47.55
3,10,4,58,0.75388,0.13632,102.21
3,10,4,59,0.75399,0.13682,75.62
3,10,4,60,0.75406,0.13724,58.06
3,10,4,61,0.75369,0.1382,59.22
3,10,4,62,0.75357,0.1388,70.85
3,10,4,63,0.75356,0.13942,72.66
3,10,4,64,0.75357,0.13951,88.55
3,10,4,65,0.75323,0.14146,53.16
3,10,4,66,0.75328,0.14337,47.36
3,10,4,67,0.75312,0.14745,39.16
3,10,4,68,0.7528,0.14964,45.98
3,10,4,69,0.75253,0.15073,39.31
3,10,4,70,0.75225,0.15305,49.26
3,10,4,71,0.75204,0.15408,105.81
3,10,4,72,0.7518,0.15355,77.15
3,10,4,73,0.75168,0.15278,108.63
3,10,4,74,0.75147,0.15192,84.19
3,10,4,75,0.75132,0.15219,74.6
3,10,4,76,0.75111,0.14947,54.69
3,10,4,77,0.75101,0.14912,105.02
3,10,4,78,0.75088,0.14913,60.95
3,10,4,79,0.75074,0.14686,64.63
3,10,4,80,0.75062,0.144,86.85
3,10,4,81,0.7506,0.14324,58.66
3,10,4,82,0.75053,0.14325,63.67
3,10,4,83,0.75053,0.14406,52.49
3,10,4,84,0.75059,0.14393,42.5
3,10,4,85,0.75035,0.14416,49.7
3,10,4,86,0.74999,0.14489,35.17
3,10,4,87,0.74997,0.14504,46.58
3,10,4,88,0.75008,0.1445,41.34
3,10,4,89,0.74993,0.14547,83.83
3,10,4,90,0.74961,0.14785,51.43
3,10,4,91,0.74963,0.15038,36.49
3,10,4,92,0.7495,0.15326,56.23
3,10,4,93,0.74925,0.1549,44.69
3,10,4,94,0.74897,0.15589,70.49
3,10,4,95,0.74866,0.1572,36.76
3,10,4,96,0.74843,0.15809,63.93
3,10,4,97,0.7482,0.15829,44.77
3,10,4,98,0.74806,0.1575,37.31
3,10,4,99,0.74796,0.15727,35.14
3,10,4,100,0.74735,0.15924,34.17
3,10,4,101,0.74718,0.16092,34.67
3,10,4,102,0.74711,0.16417,42.32
3,10,4,103,0.74724,0.16597,35.44
3,10,4,104,0.7474,0.16753,53.55
3,10,4,105,0.74765,0.16866,42.99
3,10,4,106,0.74746,0.17098,60.08
3,10,4,107,0.74746,0.17096,48.58
3,10,4,108,0.74763,0.17104,54.91
3,10,4,109,0.74777,0.17133,38.29
3,10,4,110,0.74782,0.17131,38.85
3,10,4,111,0.7479,0.17063,73.97
3,10,4,112,0.74799,0.16642,40.22
3,10,4,113,0.74814,0.15977,51.73
3,10,4,114,0.74832,0.15449,39.12
3,10,4,115,0.74846,0.15169,36.18
3,10,4,116,0.74853,0.1502,45.13
3,10,4,117,0.74811,0.14713,36.62
3,10,4,118,0.74763,0.14472,34.82
3,10,4,119,0.74711,0.14254,36.78
3,10,4,120,0.74649,0.14033,54.42
3,10,4,121,0.7464,0.13882,36.38
3,10,4,122,0.74656,0.13902,65.74
3,10,4,123,0.74646,0.13844,60.72
3,10,4,124,0.74656,0.13654,42.03
3,10,4,125,0.74642,0.1348,33.68
3,10,4,126,0.74611,0.13198,37.73
3,10,4,127,0.74588,0.1316,38.07
3,10,4,128,0.74565,0.13207,52.59
3,10,4,129,0.74547,0.13254,40.23
3,10,4,130,0.7452,0.1315,49.43
3,10,4,131,0.74493,0.12984,44.36
3,10,4,132,0.74475,0.12949,55.19
3,10,4,133,0.74492,0.1278,36.38
3,10,5,0,0.74371,0.14364,98.07
3,10,5,1,0.74364,0.14113,80.56
3,10,5,2,0.74342,0.13943,90.49
3,10,5,3,0.74351,0.13854,103.48
3,10,5,4,0.74374,0.13737,79.43
3,10,5,5,0.74369,0.13656,51.69
3,10,5,6,0.74341,0.13564,43.44
3,10,5,7,0.74313,0.1349,40.25
3,10,5,8,0.74279,0.13399,40.18
3,10,5,9,0.74264,0.13324,65.13
3,10,5,10,0.74255,0.13122,47.18
3,10,5,11,0.74255,0.1297,51.28
3,10,5,12,0.74257,0.12801,36.71
3,10,5,13,0.74259,0.12741,48.52
3,10,5,14,0.74256,0.12684,43.43
3,10,5,15,0.7425,0.12638,35.89
3,10,5,16,0.74244,0.12621,40.49
3,10,5,17,0.74246,0.1263,36.92
3,10,5,18,0.74252,0.12643,39.07
3,10,5,19,0.74257,0.1264,41.9
3,10,5,20,0.74227,0.12647,68.34
3,10,5,21,0.74219,0.12593,36.69
3,10,5,22,0.74215,0.12512,41.93
3,10,5,23,0.74215,0.12356,52.59
3,10,5,24,0.74213,0.12128,41.48
3,10,5,25,0.74216,0.1196,58.33
3,10,5,26,0.7419,0.11782,44.04
3,10,5,27,0.74151,0.11584,80.04
3,10,5,28,0.7412,0.11597,76.69
3,10,5,29,0.74092,0.11734,55.66
3,10,5,30,0.74063,0.11783,46.01
3,10,5,31,0.7407,0.11774,47.33
3,10,5,32,0.74091,0.1175,45.71
3,10,5,33,0.74087,0.11841,50.97
3,10,5,34,0.74077,0.11925,40.75
3,10,5,35,0.74074,0.12127,40.95
3,10,5,36,0.74064,0.12121,55.38
3,10,5,37,0.74051,0.12276,46.09
3,10,5,38,0.7404,0.1252,46.75
3,10,5,39,0.74034,0.12584,68.24
3,10,5,40,0.74002,0.12662,51.39
3,10,5,41,0.73981,0.12552,49.75
3,10,5,42,0.7394,0.12481,46.22
3,10,5,43,0.7389,0.1241,51.57
3,10,5,44,0.73873,0.12232,65.06
3,10,5,45,0.73872,0.12052,52.4
3,10,5,46,0.7388,0.11898,47.81
3,10,5,47,0.73899,0.11702,39.54
3,10,5,48,0.73877,0.11511,40.55
3,10,5,49,0.73873,0.11338,44.41
3,10,5,50,0.73884,0.11183,60.11
3,10,5,51,0.73869,0.11084,58.77
3,10,5,52,0.73876,0.11099,56.23
3,10,5,53,0.73897,0.11211,37.7
3,10,5,54,0.73929,0.11397,42.46
3,10,5,55,0.73926,0.11657,40.46
3,10,5,56,0.73935,0.11816,38.22
3,10,5,57,0.73916,0.11881,36.66
3,10,5,58,0.73883,0.1189,30.29
3,10,5,59,0.73839,0.11886,39.52
3,10,5,60,0.73798,0.11871,34.5
3,10,5,61,0.73747,0.11829,38.2
3,10,5,62,0.73692,0.11834,33.87
3,10,5,63,0.73666,0.12124,37.5
3,10,5,64,0.73669,0.12321,40.9
3,10,5,65,0.73682,0.12605,36.37
3,10,5,66,0.73711,0.1297,39.39
3,10,5,67,0.73729,0.13184,50.7
3,10,5,68,0.73752,0.13428,48.23
3,10,5,69,0.73765,0.13496,43.64
3,10,5,70,0.7378,0.13563,53.03
3,10,5,71,0.73762,0.13594,67.06
3,10,5,72,0.73726,0.13517,77.49
3,10,5,73,0.73693,0.13489,68.41
3,10,5,74,0.73655,0.13543,42.22
3,10,5,75,0.73618,0.13483,61.09
3,10,5,76,0.73587,0.13369,49.15
3,10,5,77,0.73549,0.13043,38.95
3,10,5,78,0.73521,0.12815,38.89
3,10,5,79,0.735,0.12736,45.41
3,10,5,80,0.73477,0.12733,36.81
3,10,5,81,0.73466,0.12817,39.17
3,10,5,82,0.73458,0.12836,71.54
3,10,5,83,0.73478,0.12855,49.89
3,10,5,84,0.73524,0.12879,37.36
3,10,5,85,0.73566,0.13047,49.12
3,10,5,86,0.73577,0.13319,59.63
3,10,5,87,0.73574,0.13504,84.26
3,10,5,88,0.73521,0.13741,40.25
3,10,5,89,0.735,0.13919,52.42
3,10,5,90,0.73484,0.13873,39.53
3,10,5,91,0.73433,0.13735,92.07
3,10,5,92,0.73401,0.13548,56.55
3,10,5,93,0.73386,0.1354,82.88
3,10,5,94,0.73383,0.13544,66.47
3,10,5,95,0.73348,0.13657,46.08
3,10,5,96,0.73337,0.13827,41.79
3,10,5,97,0.73337,0.13894,66.25
3,10,5,98,0.73348,0.13916,42.4
3,10,5,99,0.73371,0.13848,34.67
3,10,5,100,0.73396,0.13738,41.08
3,10,5,101,0.73414,0.13633,44.83
3,10,5,102,0.73435,0.13512,37.31
3,10,5,103,0.73414,0.13418,52.79
3,10,5,104,0.7341,0.13241,48.0
3,10,5,105,0.73413,0.13036,39.89
3,10,5,106,0.73391,0.12903,35.49
3,10,5,107,0.73337,0.12697,37.46
3,10,5,108,0.73331,0.12544,37.67
3,10,5,109,0.73298,0.12308,40.45
3,10,5,110,0.73265,0.12287,53.56
3,10,5,111,0.73271,0.12595,37.61
3,10,5,112,0.73255,0.13161,39.69
3,10,5,113,0.73268,0.13491,38.35
3,10,5,114,0.73262,0.13701,67.11
3,10,5,115,0.73252,0.13819,44.07
3,10,5,116,0.73232,0.13897,46.7
3,10,5,117,0.7321,0.14081,52.09
3,10,5,118,0.73195,0.14284,57.81
3,10,5,119,0.7322,0.14476,50.45
3,10,5,120,0.73226,0.14667,60.16
3,10,5,121,0.73254,0.1482,60.36
3,10,5,122,0.7326,0.15058,61.38
3,10,5,123,0.73248,0.15214,59.73
3,10,5,124,0.73266,0.15164,71.73
3,10,5,125,0.73298,0.15087,45.62
3,10,5,126,0.73297,0.1504,56.79
3,10,5,127,0.73277,0.14937,56.03
3,10,5,128,0.73288,0.14797,52.66
3,10,5,129,0.73316,0.14677,76.68
3,10,5,130,0.73349,0.1456,52.77
3,10,5,131,0.73346,0.14382,38.08
3,10,5,132,0.73327,0.14256,37.87
3,10,5,133,0.73305,0.14229,63.86
4,10,1,0,0.16308,0.34291,45.97
4,10,1,1,0.1636,0.34472,52.05
4,10,1,2,0.16401,0.34574,44.63
4,10,1,3,0.16435,0.34632,44.04
4,10,1,4,0.16454,0.34663,74.91
4,10,1,5,0.16465,0.34645,57.44
4,10,1,6,0.16501,0.34634,43.22
4,10,1,7,0.16543,0.34607,76.98
4,10,1,8,0.16584,0.34597,90.99
4,10,1,9,0.16588,0.34505,52.56
4,10,1,10,0.166,0.34367,45.31
4,10,1,11,0.16619,0.34252,46.89
4,10,1,12,0.16651,0.34266,39.89
4,10,1,13,0.16678,0.34286,40.93
4,10,1,14,0.16713,0.34321,62.12
4,10,1,15,0.16734,0.34305,61.61
4,10,1,16,0.1675,0.34291,38.52
4,10,1,17,0.16751,0.34233,43.27
4,10,1,18,0.16748,0.34156,40.65
4,10,1,19,0.16738,0.34079,33.8
4,10,1,20,0.16758,0.3407,45.78
4,10,1,21,0.1679,0.34081,46.98
4,10,1,22,0.16831,0.34134,38.73
4,10,1,23,0.16873,0.34207,35.8
4,10,1,24,0.16871,0.34175,60.37
4,10,1,25,0.16853,0.34101,48.71
4,10,1,26,0.16804,0.34082,62.51
4,10,1,27,0.16778,0.34036,38.95
4,10,1,28,0.16737,0.34016,49.46
4,10,1,29,0.16696,0.34053,43.71
4,10,1,30,0.16655,0.34121,40.06
4,10,1,31,0.16635,0.34106,51.01
4,10,1,32,0.16631,0.34091,36.9
4,10,1,33,0.16633,0.34124,89.87
4,10,1,34,0.16669,0.34236,52.38
4,10,1,35,0.16739,0.34524,40.07
4,10,1,36,0.16835,0.34842,35.67
4,10,1,37,0.16942,0.35174,41.72
4,10,1,38,0.17005,0.35426,40.97
4,10,1,39,0.17041,0.35579,82.64
4,10,1,40,0.1705,0.35606,56.82
4,10,1,41,0.17061,0.35709,46.56
4,10,1,42,0.17073,0.35769,48.68
4,10,1,43,0.17059,0.35849,38.58
4,10,1,44,0.17035,0.35886,46.23
4,10,1,45,0.17007,0.35935,40.71
4,10,1,46,0.16972,0.35908,37.27
4,10,1,47,0.16961,0.3583,35.2
4,10,1,48,0.16964,0.35737,48.56
4,10,1,49,0.16974,0.35674,39.13
4,10,1,50,0.16995,0.35723,45.08
4,10,1,51,0.17036,0.35781,37.43
4,10,1,52,0.17115,0.35995,37.03
4,10,1,53,0.1716,0.36122,35.68
4,10,1,54,0.17195,0.36186,54.15
4,10,1,55,0.17216,0.36192,38.81
4,10,1,56,0.17232,0.36169,49.44
4,10,1,57,0.17249,0.36159,38.51
4,10,1,58,0.17258,0.36122,35.73
4,10,1,59,0.17275,0.36149,34.98
4,10,1,60,0.17293,0.36198,45.12
4,10,1,61,0.17311,0.36281,61.81
4,10,1,62,0.17328,0.36371,52.97
4,10,1,63,0.1731,0.36401,62.44
4,10,1,64,0.17289,0.36446,43.19
4,10,1,65,0.17271,0.36521,43.98
4,10,1,66,0.17253,0.36628,42.42
4,10,1,67,0.17234,0.36675,42.85
4,10,1,68,0.17265,0.36841,37.77
4,10,1,69,0.17298,0.36946,57.83
4,10,1,70,0.17332,0.37016,50.78
4,10,1,71,0.17337,0.37034,93.24
4,10,1,72,0.1733,0.37053,88.6
4,10,1,73,0.17304,0.36974,44.15
4,10,1,74,0.17284,0.36918,49.83
4,10,1,75,0.17256,0.36797,52.87
4,10,1,76,0.1719,0.36622,42.06
4,10,1,77,0.1716,0.36561,37.15
4,10,1,78,0.17138,0.36496,48.72
4,10,1,79,0.17115,0.36425,40.19
4,10,1,80,0.17131,0.36414,60.95
4,10,1,81,0.17156,0.36404,36.97
4,10,1,82,0.17217,0.3633,39.31
4,10,1,83,0.17287,0.36445,39.36
4,10,1,84,0.17375,0.36698,43.93
4,10,1,85,0.17457,0.36841,38.86
4,10,1,86,0.1747,0.36801,36.21
4,10,1,87,0.17473,0.36795,56.55
4,10,1,88,0.17462,0.3678,32.47
4,10,1,89,0.17443,0.36746,45.61
4,10,1,90,0.17448,0.36668,40.63
4,10,1,91,0.17423,0.36528,74.84
4,10,1,92,0.17434,0.36501,46.15
4,10,1,93,0.17461,0.36501,39.35
4,10,1,94,0.17487,0.36501,65.15
4,10,1,95,0.17482,0.36455,57.29
4,10,1,96,0.17472,0.36462,80.78
4,10,1,97,0.17472,0.36561,44.89
4,10,1,98,0.17442,0.36669,48.6
4,10,1,99,0.17394,0.36676,74.44
4,10,1,100,0.17343,0.36589,71.46
4,10,1,101,0.17299,0.36475,45.13
4,10,1,102,0.1725,0.3628,45.67
4,10,1,103,0.17173,0.36095,40.8
4,10,1,104,0.17144,0.36036,38.58
4,10,1,105,0.17117,0.35907,41.84
4,10,1,106,0.17092,0.35721,38.4
4,10,1,107,0.17052,0.35616,35.12
4,10,1,108,0.17042,0.35606,43.93
4,10,1,109,0.17,0.35486,50.01
4,10,1,110,0.16952,0.35386,41.22
4,10,1,111,0.16915,0.35309,47.85
4,10,1,112,0.16884,0.35315,52.47
4,10,1,113,0.16883,0.35346,43.43
4,10,1,114,0.16897,0.35371,47.6
4,10,1,115,0.16918,0.35422,34.78
4,10,1,116,0.16944,0.3552,38.83
4,10,1,117,0.16929,0.35523,38.54
4,10,1,118,0.16897,0.35432,39.51
4,10,1,119,0.16861,0.35284,43.23
4,10,1,120,0.1684,0.35234,40.94
4,10,1,121,0.16806,0.35113,39.69
4,10,1,122,0.16777,0.35023,43.2
4,10,1,123,0.16757,0.35041,41.25
4,10,1,124,0.16778,0.35125,39.09
4,10,1,125,0.16801,0.35133,44.17
4,10,1,126,0.16798,0.35127,69.43
4,10,1,127,0.16821,0.35155,48.35
4,10,1,128,0.16855,0.35156,46.41
4,10,1,129,0.16852,0.35136,49.76
4,10,1,130,0.16816,0.34978,41.15
4,10,2,0,0.17336,0.35929,73.65
4,10,2,1,0.17328,0.359,33.78
4,10,2,2,0.17356,0.35936,66.94
4,10,2,3,0.17381,0.3595,117.02
4,10,2,4,0.17428,0.35968,49.48
4,10,2,5,0.17417,0.35954,42.96
4,10,2,6,0.17397,0.35992,83.82
4,10,2,7,0.17375,0.36022,58.09
4,10,2,8,0.17372,0.3605,49.67
4,10,2,9,0.17375,0.36041,44.64
4,10,2,10,0.17417,0.36078,45.83
4,10,2,11,0.17478,0.36148,34.5
4,10,2,12,0.1753,0.36191,52.21
4,10,2,13,0.17572,0.36225,89.34
4,10,2,14,0.17603,0.36213,77.45
4,10,2,15,0.17633,0.36194,45.43
4,10,2,16,0.17668,0.36252,62.14
4,10,2,17,0.17661,0.36241,88.29
4,10,2,18,0.17666,0.36234,78.02
4,10,2,19,0.17674,0.36241,67.39
4,10,2,20,0.17685,0.36296,47.3
4,10,2,21,0.17698,0.36387,51.29
4,10,2,22,0.17732,0.36328,39.58
4,10,2,23,0.17724,0.36126,44.83
4,10,2,24,0.17713,0.36005,34.35
4,10,2,25,0.17698,0.35912,43.36
4,10,2,26,0.17691,0.35892,58.08
4,10,2,27,0.17648,0.35846,46.7
4,10,2,28,0.17627,0.35746,41.76
4,10,2,29,0.17589,0.35625,64.81
4,10,2,30,0.17546,0.35543,38.29
4,10,2,31,0.17505,0.35415,55.87
4,10,2,32,0.17475,0.35349,51.42
4,10,2,33,0.17449,0.35304,51.98
4,10,2,34,0.17432,0.35299,43.12
4,10,2,35,0.17457,0.35373,67.56
4,10,2,36,0.17464,0.35424,44.57
4,10,2,37,0.17508,0.35564,41.63
4,10,2,38,0.1752,0.35651,47.73
4,10,2,39,0.17485,0.35706,36.87
4,10,2,40,0.17446,0.35726,39.6
4,10,2,41,0.17397,0.35697,48.55
4,10,2,42,0.1735,0.35724,37.77
4,10,2,43,0.17314,0.35718,38.92
4,10,2,44,0.17274,0.35597,54.94
4,10,2,45,0.17241,0.35474,40.2
4,10,2,46,0.1723,0.35435,38.68
4,10,2,47,0.1719,0.35336,43.46
4,10,2,48,0.17152,0.35367,45.08
4,10,2,49,0.17138,0.35388,36.53
4,10,2,50,0.17123,0.35289,61.04
4,10,2,51,0.17119,0.35264,79.37
4,10,2,52,0.1712,0.35281,74.81
4,10,2,53,0.17114,0.35243,39.33
4,10,2,54,0.17108,0.3519,56.87
4,10,2,55,0.17097,0.35164,44.08
4,10,2,56,0.17131,0.35295,52.44
4,10,2,57,0.17146,0.3539,47.36
4,10,2,58,0.17148,0.35406,43.46
4,10,2,59,0.17157,0.35441,41.66
4,10,2,60,0.17128,0.35398,39.02
4,10,2,61,0.17085,0.35307,45.16
4,10,2,62,0.17069,0.35202,44.81
4,10,2,63,0.17062,0.35058,79.81
4,10,2,64,0.17061,0.34984,69.46
4,10,2,65,0.17062,0.34927,41.87
4,10,2,66,0.17127,0.35113,39.09
4,10,2,67,0.17157,0.35261,44.2
4,10,2,68,0.17173,0.35381,37.66
4,10,2,69,0.17182,0.35431,42.14
4,10,2,70,0.17164,0.3547,43.0
4,10,2,71,0.17135,0.3556,52.08
4,10,2,72,0.17109,0.3564,37.34
4,10,2,73,0.17047,0.35695,58.64
4,10,2,74,0.17018,0.35889,39.75
4,10,2,75,0.16995,0.35886,53.24
4,10,2,76,0.1697,0.35774,38.75
4,10,2,77,0.16934,0.35553,41.48
4,10,2,78,0.16924,0.35508,71.59
4,10,2,79,0.16912,0.35443,59.46
4,10,2,80,0.16894,0.35333,83.62
4,10,2,81,0.16907,0.35235,46.29
4,10,2,82,0.16891,0.35065,55.03
4,10,2,83,0.16877,0.34972,43.71
4,10,2,84,0.16879,0.3504,34.63
4,10,2,85,0.16867,0.34969,51.84
4,10,2,86,0.16861,0.34941,39.12
4,10,2,87,0.16859,0.34993,47.85
4,10,2,88,0.16845,0.35002,61.89
4,10,2,89,0.16852,0.34974,72.25
4,10,2,90,0.16881,0.35064,45.25
4,10,2,91,0.16925,0.35239,69.77
4,10,2,92,0.16964,0.35424,89.5
4,10,2,93,0.17014,0.35536,84.51
4,10,2,94,0.17077,0.3561,46.68
4,10,2,95,0.17144,0.35675,41.5
4,10,2,96,0.1719,0.35659,59.3
4,10,2,97,0.17215,0.35604,48.41
4,10,2,98,0.17212,0.35636,41.28
4,10,2,99,0.17226,0.35691,99.71
4,10,2,100,0.17201,0.3559,90.43
4,10,2,101,0.17237,0.35638,88.45
4,10,2,102,0.17302,0.35691,78.68
4,10,2,103,0.17357,0.35744,47.09
4,10,2,104,0.174,0.35745,40.32
4,10,2,105,0.17425,0.35655,40.26
4,10,2,106,0.17434,0.35462,86.3
4,10,2,107,0.17447,0.35384,58.74
4,10,2,108,0.17472,0.35324,46.18
4,10,2,109,0.17487,0.35277,44.74
4,10,2,110,0.17505,0.35277,37.52
4,10,2,111,0.1752,0.35298,40.28
4,10,2,112,0.17525,0.3529,78.84
4,10,2,113,0.17529,0.35286,52.2
4,10,2,114,0.17536,0.35324,40.57
4,10,2,115,0.17566,0.35325,52.49
4,10,2,116,0.17578,0.35299,41.88
4,10,2,117,0.17581,0.35284,39.07
4,10,2,118,0.17575,0.35222,50.71
4,10,2,119,0.17564,0.35158,42.96
4,10,2,120,0.17547,0.35078,41.46
4,10,2,121,0.17569,0.351,44.92
4,10,2,122,0.17567,0.35026,39.37
4,10,2,123,0.17584,0.34953,45.84
4,10,2,124,0.17589,0.34926,60.85
4,10,2,125,0.17592,0.34969,73.6
4,10,2,126,0.17599,0.35056,46.78
4,10,2,127,0.17572,0.35139,48.67
4,10,2,128,0.17522,0.35094,36.93
4,10,2,129,0.17511,0.35101,36.5
4,10,2,130,0.17527,0.35193,94.51
4,10,2,131,0.17526,0.35311,74.08
4,10,2,132,0.17543,0.35401,45.57
4,10,2,133,0.17564,0.35464,44.09
4,10,2,134,0.17578,0.35481,37.28
4,10,2,135,0.17597,0.35552,49.91
4,10,2,136,0.17588,0.35411,71.09
4,10,2,137,0.17608,0.35328,65.12
4,10,2,138,0.17668,0.3526,81.83
4,10,2,139,0.17748,0.35211,44.89
4,10,2,140,0.17796,0.35202,39.3
4,10,2,141,0.17839,0.35217,54.34
4,10,2,142,0.17881,0.35231,57.32
4,10,2,143,0.17923,0.35265,39.05
4,10,2,144,0.1799,0.35319,41.99
4,10,2,145,0.18042,0.35438,59.25
4,10,2,146,0.18096,0.35651,41.54
4,10,2,147,0.18131,0.35749,39.03
4,10,2,148,0.18129,0.35834,63.7
4,10,2,149,0.181,0.35881,37.57
4,10,2,150,0.18056,0.3578,38.6
4,10,2,151,0.18015,0.35675,41.68
4,10,2,152,0.17951,0.35568,52.21
4,10,2,153,0.17896,0.3545,38.65
4,10,2,154,0.17873,0.35459,35.76
4,10,2,155,0.17863,0.35526,45.8
4,10,2,156,0.17863,0.35652,74.93
4,10,2,157,0.17885,0.35712,51.41
4,10,2,158,0.17911,0.35664,48.54
4,10,2,159,0.17947,0.35676,39.59
4,10,2,160,0.17975,0.35687,43.74
4,10,2,161,0.18003,0.3568,68.33
4,10,2,162,0.18027,0.35699,38.78
4,10,2,163,0.18045,0.35678,78.86
4,10,2,164,0.18063,0.35605,36.32
4,10,2,165,0.18053,0.35591,45.63
4,10,2,166,0.18027,0.35521,58.96
4,10,2,167,0.18026,0.35483,111.32
4,10,2,168,0.18036,0.35463,89.28
4,10,2,169,0.18052,0.35478,95.02
4,10,2,170,0.18032,0.35452,69.01
4,10,2,171,0.18037,0.35443,50.24
4,10,2,172,0.18046,0.3539,79.11
4,10,2,173,0.18056,0.35364,46.42
4,10,2,174,0.18032,0.35374,39.27
4,10,2,175,0.1803,0.35389,41.87
4,10,2,176,0.1803,0.35321,60.56
4,10,2,177,0.18004,0.35279,69.18
4,10,2,178,0.17976,0.3529,40.03
4,10,2,179,0.1798,0.35351,50.76
4,10,2,180,0.17989,0.35338,37.81
4,10,2,181,0.18002,0.3531,46.58
4,10,2,182,0.18012,0.35262,39.08
4,10,2,183,0.18018,0.35198,48.63
4,10,2,184,0.18024,0.35152,48.19
4,10,2,185,0.18019,0.35076,43.08
4,10,2,186,0.18011,0.34975,44.22
4,10,2,187,0.18026,0.35155,45.31
4,10,3,0,0.18094,0.35277,49.47
4,10,3,1,0.18037,0.35167,72.56
4,10,3,2,0.17994,0.35133,52.44
4,10,3,3,0.17993,0.35158,40.46
4,10,3,4,0.18007,0.35194,44.92
4,10,3,5,0.18043,0.35293,81.7
4,10,3,6,0.18038,0.35332,69.98
4,10,3,7,0.18051,0.35422,53.06
4,10,3,8,0.18076,0.35567,45.26
4,10,3,9,0.18098,0.35653,44.25
4,10,3,10,0.18079,0.35615,35.99
4,10,3,11,0.18061,0.3567,59.51
4,10,3,12,0.18062,0.35625,85.29
4,10,3,13,0.1805,0.35581,83.75
4,10,3,14,0.18031,0.3557,57.25
4,10,3,15,0.18016,0.35615,55.01
4,10,3,16,0.18024,0.35654,44.26
4,10,3,17,0.18036,0.35636,60.95
4,10,3,18,0.18075,0.35619,40.18
4,10,3,19,0.18132,0.35606,36.73
4,10,3,20,0.18154,0.35507,45.61
4,10,3,21,0.18157,0.35362,38.94
4,10,3,22,0.18143,0.35108,37.2
4,10,3,23,0.18112,0.34997,50.46
4,10,3,24,0.18073,0.34961,36.68
4,10,3,25,0.18037,0.34933,42.74
4,10,3,26,0.18,0.34884,44.28
4,10,3,27,0.17991,0.34811,54.06
4,10,3,28,0.17969,0.34737,38.33
4,10,3,29,0.17969,0.34624,39.02
4,10,3,30,0.17981,0.3457,37.47
4,10,3,31,0.17994,0.34553,47.98
4,10,3,32,0.18005,0.34561,37.57
4,10,3,33,0.18015,0.34639,41.65
4,10,3,34,0.18053,0.34752,52.64
4,10,3,35,0.18134,0.35059,38.05
4,10,3,36,0.18179,0.3509,33.22
4,10,3,37,0.18189,0.34989,40.57
4,10,3,38,0.18175,0.3487,54.85
4,10,3,39,0.18159,0.34805,49.12
4,10,3,40,0.18144,0.34778,51.46
4,10,3,41,0.18129,0.34746,39.91
4,10,3,42,0.18102,0.34615,41.39
4,10,3,43,0.18075,0.34481,73.32
4,10,3,44,0.18059,0.3442,51.8
4,10,3,45,0.18055,0.34502,35.05
4,10,3,46,0.1805,0.34564,39.38
4,10,3,47,0.18046,0.34655,73.91
4,10,3,48,0.18043,0.34721,50.43
4,10,3,49,0.18034,0.34735,39.06
4,10,3,50,0.18032,0.34769,46.88
4,10,3,51,0.17982,0.34669,52.64
4,10,3,52,0.17952,0.3459,40.51
4,10,3,53,0.17937,0.34597,40.29
4,10,3,54,0.17938,0.34667,47.52
4,10,3,55,0.1795,0.34775,38.11
4,10,3,56,0.17961,0.34826,43.35
4,10,3,57,0.17976,0.34938,44.07
4,10,3,58,0.17982,0.34921,36.39
4,10,3,59,0.17975,0.34817,40.12
4,10,3,60,0.17966,0.34715,48.67
4,10,3,61,0.17968,0.34772,37.88
4,10,3,62,0.17974,0.34818,42.68
4,10,3,63,0.17941,0.34753,46.42
4,10,3,64,0.17897,0.34671,37.26
4,10,3,65,0.17858,0.34591,49.15
4,10,3,66,0.17822,0.34513,38.69
4,10,3,67,0.17797,0.34467,43.56
4,10,3,68,0.17785,0.34466,73.88
4,10,3,69,0.17782,0.34474,87.34
4,10,3,70,0.17784,0.34526,67.4
4,10,3,71,0.17778,0.34461,45.71
4,10,3,72,0.17773,0.34385,40.17
4,10,3,73,0.17769,0.34307,42.39
4,10,3,74,0.17769,0.34288,75.37
4,10,3,75,0.17759,0.34202,39.24
4,10,3,76,0.17763,0.34245,53.59
4,10,3,77,0.17773,0.34324,39.91
4,10,3,78,0.17777,0.34319,40.13
4,10,3,79,0.17775,0.3429,48.14
4,10,3,80,0.17766,0.34185,46.18
4,10,3,81,0.17761,0.34107,49.15
4,10,3,82,0.17755,0.34001,39.03
4,10,3,83,0.17748,0.33917,42.07
4,10,3,84,0.17746,0.33881,40.7
4,10,3,85,0.17746,0.33901,79.71
4,10,3,86,0.17736,0.33816,43.19
4,10,3,87,0.17723,0.33694,46.18
4,10,3,88,0.17712,0.33599,47.26
4,10,3,89,0.17721,0.33683,39.47
4,10,3,90,0.17694,0.33689,35.09
4,10,3,91,0.17655,0.33662,58.79
4,10,3,92,0.17605,0.3357,56.6
4,10,3,93,0.1756,0.3346,33.37
4,10,3,94,0.17535,0.33448,39.75
4,10,3,95,0.17472,0.33354,42.66
4,10,3,96,0.17421,0.33304,64.84
4,10,3,97,0.17368,0.33229,48.55
4,10,3,98,0.17352,0.33235,69.44
4,10,3,99,0.17364,0.33322,41.14
4,10,3,100,0.17386,0.33444,49.28
4,10,3,101,0.17403,0.33486,42.72
4,10,3,102,0.17417,0.33511,40.56
4,10,3,103,0.17431,0.33524,52.74
4,10,3,104,0.17409,0.33463,80.45
4,10,3,105,0.1734,0.33323,49.86
4,10,3,106,0.17268,0.33273,45.83
4,10,3,107,0.17205,0.33322,47.41
4,10,3,108,0.17139,0.33377,44.56
4,10,3,109,0.17082,0.33426,82.98
4,10,3,110,0.17047,0.33463,46.43
4,10,3,111,0.17006,0.33415,43.04
4,10,3,112,0.17001,0.33333,81.83
4,10,3,113,0.1698,0.33244,77.77
4,10,3,114,0.16981,0.33156,42.83
4,10,3,115,0.16991,0.33032,49.38
4,10,3,116,0.17014,0.32962,36.18
4,10,3,117,0.17028,0.32934,39.32
4,10,3,118,0.17042,0.32907,58.84
4,10,3,119,0.17095,0.32928,41.91
4,10,3,120,0.17125,0.33002,53.97
4,10,3,121,0.17145,0.33111,45.43
4,10,3,122,0.17161,0.33227,46.69
4,10,3,123,0.17163,0.3323,79.73
4,10,3,124,0.17153,0.33131,81.37
4,10,3,125,0.17113,0.33032,47.71
4,10,3,126,0.17098,0.3297,64.29
4,10,3,127,0.17097,0.32931,94.53
4,10,3,128,0.17096,0.32857,78.94
4,10,3,129,0.17092,0.32808,49.95
4,10,3,130,0.17097,0.32864,88.4
4,10,3,131,0.17081,0.32998,48.89
4,10,3,132,0.17056,0.33133,37.88
4,10,3,133,0.17019,0.33182,51.4
4,10,3,134,0.16984,0.33202,51.75
4,10,3,135,0.16962,0.3327,49.88
4,10,3,136,0.16942,0.33335,44.44
4,10,3,137,0.1692,0.33369,38.65
4,10,3,138,0.16903,0.33378,39.34
4,10,3,139,0.16892,0.33415,63.71
4,10,3,140,0.16883,0.33432,47.51
4,10,3,141,0.16873,0.3342,37.38
4,10,3,142,0.16865,0.33405,42.19
4,10,3,143,0.16886,0.33391,36.43
4,10,3,144,0.16922,0.33347,42.39
4,10,3,145,0.16925,0.33309,36.62
4,10,3,146,0.1691,0.33217,78.85
4,10,3,147,0.16914,0.33096,52.47
4,10,3,148,0.16933,0.32998,38.02
4,10,3,149,0.16956,0.32936,39.96
4,10,3,150,0.16983,0.32913,58.83
4,10,3,151,0.17015,0.32949,53.45
4,10,3,152,0.17008,0.32907,39.75
4,10,3,153,0.17007,0.32804,38.67
4,10,3,154,0.17009,0.32702,40.5
4,10,3,155,0.17018,0.32631,42.16
4,10,3,156,0.1703,0.32583,34.81
4,10,3,157,0.17023,0.32621,40.2
4,10,3,158,0.16967,0.32602,62.05
4,10,3,159,0.16927,0.32605,42.34
4,10,3,160,0.16891,0.32612,41.27
4,10,3,161,0.16863,0.32574,61.98
4,10,3,162,0.16869,0.32507,82.32
4,10,3,163,0.16888,0.32408,45.47
4,10,3,164,0.16883,0.32306,32.99
4,10,3,165,0.16878,0.32301,38.76
4,10,3,166,0.16846,0.32348,59.08
4,10,3,167,0.1682,0.32483,58.87
4,10,3,168,0.16788,0.32719,36.89
4,10,3,169,0.16766,0.32913,33.75
4,10,3,170,0.1677,0.33107,42.79
4,10,3,171,0.16774,0.33209,42.04
4,10,3,172,0.16808,0.33252,35.52
4,10,3,173,0.16833,0.33252,48.53
4,10,3,174,0.16839,0.33214,39.41
4,10,3,175,0.16868,0.33123,43.01
4,10,3,176,0.16863,0.32903,38.86
4,10,3,177,0.16854,0.32791,56.1
4,10,3,178,0.16843,0.32697,84.96
4,10,3,179,0.1683,0.32599,67.77
4,10,3,180,0.1681,0.3252,50.3
4,10,3,181,0.16817,0.32455,38.56
4,10,3,182,0.16834,0.32406,37.44
4,10,3,183,0.16861,0.32357,46.36
4,10,3,184,0.16886,0.32257,37.96
4,10,3,185,0.16907,0.32219,39.34
4,10,3,186,0.16927,0.32196,39.67
4,10,3,187,0.16948,0.32204,34.77
4,10,3,188,0.16937,0.32203,39.4
4,10,3,189,0.16916,0.3221,56.4
4,10,3,190,0.16894,0.3227,45.98
4,10,3,191,0.16901,0.32329,57.69
4,10,3,192,0.16924,0.32388,43.66
4,10,3,193,0.16923,0.32437,46.81
4,10,3,194,0.16907,0.32487,38.43
4,10,3,195,0.16891,0.32523,35.31
4,10,3,196,0.16867,0.32532,38.86
4,10,3,197,0.16856,0.32586,45.98
4,10,3,198,0.16848,0.32652,66.16
4,10,3,199,0.16838,0.32674,66.98
4,10,3,200,0.16834,0.32752,85.34
4,10,3,201,0.1683,0.32804,72.13
4,10,3,202,0.16829,0.32866,43.08
4,10,3,203,0.16825,0.32866,48.47
4,10,3,204,0.16861,0.32914,38.13
4,10,3,205,0.16866,0.32875,46.07
4,10,3,206,0.16856,0.32774,41.86
4,10,3,207,0.1685,0.3276,36.43
4,10,3,208,0.16842,0.32803,60.19
4,10,3,209,0.16832,0.32766,41.33
4,10,3,210,0.16818,0.3271,50.29
4,10,3,211,0.16804,0.32656,42.43
4,10,3,212,0.16797,0.32628,48.46
4,10,3,213,0.16757,0.32574,45.32
4,10,3,214,0.16728,0.32536,42.68
4,10,3,215,0.16718,0.32621,48.14
4,10,3,216,0.16737,0.32637,48.84
4,10,3,217,0.1676,0.32586,43.13
4,10,3,218,0.16818,0.32536,46.71
4,10,3,219,0.16895,0.3248,68.5
4,10,3,220,0.16921,0.32397,54.31
4,10,3,221,0.16934,0.32333,36.65
4,10,3,222,0.16932,0.3228,50.43
4,10,3,223,0.16956,0.32289,40.29
4,10,3,224,0.1699,0.32298,77.27
4,10,3,225,0.17027,0.323,52.73
4,10,3,226,0.17027,0.32249,52.3
4,10,3,227,0.17011,0.32148,40.87
4,10,3,228,0.16997,0.32085,40.01
4,10,3,229,0.16981,0.32061,40.91
4,10,3,230,0.16941,0.3203,40.95
4,10,3,231,0.16897,0.32035,55.81
4,10,3,232,0.16846,0.32121,38.63
4,10,3,233,0.16813,0.32253,59.79
4,10,3,234,0.16787,0.32445,76.02
4,10,3,235,0.16768,0.32602,87.52
4,10,3,236,0.16769,0.32856,69.15
4,10,3,237,0.16774,0.33097,58.55
4,10,3,238,0.16775,0.33265,43.24
4,10,3,239,0.1678,0.33342,42.21
4,10,3,240,0.16796,0.33483,40.82
4,10,3,241,0.16803,0.33568,39.05
4,10,3,242,0.16799,0.33551,43.66
4,10,3,243,0.16802,0.33601,50.03
4,10,3,244,0.16797,0.3359,43.58
4,10,3,245,0.16816,0.3354,36.61
4,10,3,246,0.1684,0.33427,43.63
4,10,3,247,0.16863,0.33299,36.5
4,10,3,248,0.16854,0.33123,87.89
4,10,3,249,0.16829,0.32929,50.02
4,10,3,250,0.16812,0.32929,69.89
4,10,3,251,0.16803,0.33005,57.9
4,10,3,252,0.16784,0.33052,41.63
4,10,3,253,0.16763,0.33001,38.47
4,10,3,254,0.1674,0.32951,46.69
4,10,3,255,0.16749,0.32927,40.11
4,10,3,256,0.16763,0.32893,40.6
4,10,3,257,0.16784,0.32843,41.19
4,10,3,258,0.16807,0.32806,39.43
4,10,3,259,0.16828,0.32826,52.78
4,10,3,260,0.1684,0.32784,49.55
4,10,3,261,0.16851,0.32734,60.01
4,10,3,262,0.16861,0.32703,38.72
4,10,3,263,0.16864,0.32623,46.11
4,10,3,264,0.16864,0.32526,85.43
4,10,3,265,0.16869,0.32499,76.45
4,10,3,266,0.16909,0.32515,65.75
4,10,3,267,0.16923,0.32542,49.27
4,10,3,268,0.16927,0.32529,41.1
4,10,3,269,0.16928,0.32483,82.04
4,10,3,270,0.1691,0.32486,61.48
4,10,3,271,0.16847,0.32489,48.48
4,10,3,272,0.16807,0.32497,46.61
4,10,3,273,0.16758,0.32563,37.74
4,10,3,274,0.16709,0.3265,39.75
4,10,3,275,0.16658,0.32781,49.34
4,10,3,276,0.16651,0.32884,35.57
4,10,3,277,0.16624,0.32941,43.2
4,10,3,278,0.16619,0.32982,41.95
4,10,3,279,0.1663,0.33107,34.95
4,10,3,280,0.16672,0.33137,42.82
4,10,3,281,0.1671,0.33107,40.2
4,10,3,282,0.16749,0.33107,39.19
4,10,4,0,0.18749,0.35441,44.6
4,10,4,1,0.18701,0.353,70.08
4,10,4,2,0.18624,0.34991,50.34
4,10,4,3,0.18524,0.34684,47.77
4,10,4,4,0.18435,0.34651,52.37
4,10,4,5,0.18318,0.34663,46.79
4,10,4,6,0.18182,0.34474,37.74
4,10,4,7,0.18059,0.3433,82.23
4,10,4,8,0.17901,0.34027,44.49
4,10,4,9,0.1774,0.33951,85.56
4,10,4,10,0.17681,0.33849,58.96
4,10,4,11,0.17654,0.33793,47.5
4,10,4,12,0.17647,0.33764,51.96
4,10,4,13,0.1764,0.33708,47.39
4,10,4,14,0.17635,0.33901,36.69
4,10,4,15,0.17688,0.34092,67.37
4,10,4,16,0.17769,0.34276,75.46
4,10,4,17,0.17841,0.34393,42.7
4,10,4,18,0.17936,0.34397,54.57
4,10,4,19,0.17989,0.3437,44.35
4,10,4,20,0.1806,0.34261,35.47
4,10,4,21,0.18099,0.34212,35.43
4,10,4,22,0.181,0.34166,34.68
4,10,4,23,0.18057,0.34153,38.73
4,10,4,24,0.17989,0.34172,37.28
4,10,4,25,0.17909,0.34134,43.45
4,10,4,26,0.17828,0.34048,44.26
4,10,4,27,0.17756,0.34071,61.74
4,10,4,28,0.17732,0.34003,47.51
4,10,4,29,0.17722,0.33891,42.37
4,10,4,30,0.17751,0.3392,42.58
4,10,4,31,0.17794,0.34031,40.84
4,10,4,32,0.17832,0.34039,41.45
4,10,4,33,0.17857,0.33925,73.98
4,10,4,34,0.17877,0.33769,45.92
4,10,4,35,0.17898,0.3357,33.67
4,10,4,36,0.17885,0.33388,40.31
4,10,4,37,0.17827,0.33309,46.15
4,10,4,38,0.17766,0.33333,80.31
4,10,4,39,0.17714,0.33412,65.36
4,10,4,40,0.17659,0.33346,75.64
4,10,4,41,0.1761,0.33353,82.57
4,10,4,42,0.17601,0.33334,51.92
4,10,4,43,0.17606,0.33268,50.52
4,10,4,44,0.17614,0.33153,50.22
4,10,4,45,0.17635,0.33242,38.1
4,10,4,46,0.17654,0.33273,35.24
4,10,4,47,0.17674,0.33435,42.12
4,10,4,48,0.17687,0.33441,39.7
4,10,4,49,0.17693,0.33371,58.95
4,10,4,50,0.177,0.33395,39.17
4,10,4,51,0.17705,0.33439,40.37
4,10,4,52,0.17714,0.3356,69.79
4,10,4,53,0.17727,0.33572,44.52
4,10,4,54,0.1775,0.33594,85.68
4,10,4,55,0.17771,0.3362,56.33
4,10,4,56,0.1779,0.3366,72.24
4,10,4,57,0.17796,0.33692,40.36
4,10,4,58,0.17794,0.33658,35.64
4,10,4,59,0.17785,0.33573,55.84
4,10,4,60,0.17822,0.33371,78.18
4,10,4,61,0.17869,0.33115,55.04
4,10,4,62,0.17926,0.32774,31.02
4,10,4,63,0.18011,0.32551,74.67
4,10,4,64,0.18078,0.32437,52.11
4,10,4,65,0.1815,0.32543,45.51
4,10,4,66,0.18213,0.32615,47.28
4,10,4,67,0.18273,0.32777,63.76
4,10,4,68,0.18314,0.32824,47.78
4,10,4,69,0.18341,0.32726,41.52
4,10,4,70,0.18329,0.32572,35.76
4,10,4,71,0.1831,0.32521,47.24
4,10,4,72,0.18261,0.32592,44.78
4,10,4,73,0.18206,0.32726,36.62
4,10,4,74,0.18134,0.32677,46.74
4,10,4,75,0.17996,0.32491,33.23
4,10,4,76,0.17853,0.32449,39.54
4,10,4,77,0.17715,0.32517,39.85
4,10,4,78,0.17569,0.32576,51.59
4,10,4,79,0.17469,0.3263,46.05
4,10,4,80,0.174,0.32552,39.87
4,10,4,81,0.17345,0.32403,43.49
4,10,4,82,0.1733,0.32254,43.32
4,10,4,83,0.17363,0.3211,65.86
4,10,4,84,0.17386,0.32005,41.01
4,10,4,85,0.17368,0.31822,47.89
4,10,4,86,0.17379,0.3186,51.5
4,10,4,87,0.17366,0.318,38.8
4,10,4,88,0.17358,0.31904,40.36
4,10,4,89,0.17351,0.3207,44.83
4,10,4,90,0.17332,0.31921,40.89
4,10,4,91,0.17328,0.31934,49.17
4,10,4,92,0.17319,0.31966,50.52
4,10,4,93,0.1733,0.31798,37.09
4,10,4,94,0.17388,0.31973,57.25
4,10,4,95,0.17468,0.32343,44.07
4,10,4,96,0.17517,0.32565,37.61
4,10,4,97,0.17564,0.32546,42.53
4,10,4,98,0.17615,0.32445,43.64
4,10,4,99,0.17677,0.3253,73.94
4,10,4,100,0.17721,0.32558,45.06
4,10,4,101,0.17789,0.32467,49.91
4,10,4,102,0.17853,0.32458,41.5
4,10,4,103,0.17915,0.3245,38.0
4,10,4,104,0.17973,0.32621,58.57
4,10,4,105,0.18036,0.32919,41.1
4,10,4,106,0.18034,0.32911,45.83
4,10,4,107,0.18023,0.33011,40.8
4,10,4,108,0.17998,0.32894,81.66
4,10,4,109,0.17977,0.32877,46.3
4,10,4,110,0.17961,0.3282,39.7
4,10,4,111,0.17948,0.32761,38.58
4,10,4,112,0.17931,0.32722,54.38
4,10,5,0,0.17969,0.32845,87.84
4,10,5,1,0.1791,0.32632,74.79
4,10,5,2,0.17855,0.3243,46.73
4,10,5,3,0.17825,0.32422,90.34
4,10,5,4,0.17796,0.32378,53.33
4,10,5,5,0.17772,0.32319,39.31
4,10,5,6,0.17752,0.3225,79.91
4,10,5,7,0.17737,0.32253,48.59
4,10,5,8,0.17718,0.32187,38.88
4,10,5,9,0.17711,0.32297,55.86
4,10,5,10,0.1774,0.32432,65.38
4,10,5,11,0.17751,0.32419,37.99
4,10,5,12,0.17752,0.32449,40.72
4,10,5,13,0.17749,0.32643,62.46
4,10,5,14,0.1771,0.32649,49.77
4,10,5,15,0.17652,0.32573,45.28
4,10,5,16,0.17572,0.32721,36.53
4,10,5,17,0.17459,0.32712,40.75
4,10,5,18,0.17399,0.32679,43.22
4,10,5,19,0.17392,0.32584,59.82
4,10,5,20,0.17448,0.32732,56.47
4,10,5,21,0.17531,0.3272,46.18
4,10,5,22,0.17624,0.32825,40.05
4,10,5,23,0.17695,0.32827,37.65
4,10,5,24,0.17772,0.32922,47.57
4,10,5,25,0.17878,0.33176,39.82
4,10,5,26,0.17975,0.3337,74.59
4,10,5,27,0.18111,0.33454,55.75
4,10,5,28,0.183,0.33566,47.8
4,10,5,29,0.18502,0.33691,46.27
4,10,5,30,0.18668,0.3385,36.28
4,10,5,31,0.18751,0.33724,36.68
4,10,5,32,0.18801,0.3353,38.91
4,10,5,33,0.18849,0.33518,35.98
4,10,5,34,0.18869,0.33347,56.33
4,10,5,35,0.1888,0.33353,56.37
4,10,5,36,0.1891,0.33317,61.01
4,10,5,37,0.18951,0.33361,59.4
4,10,5,38,0.18965,0.33408,48.08
4,10,5,39,0.18972,0.3359,40.18
4,10,5,40,0.18961,0.33516,36.02
4,10,5,41,0.18947,0.3344,42.61
4,10,5,42,0.18972,0.33397,37.61
4,10,5,43,0.1904,0.33285,32.02
4,10,5,44,0.19081,0.32982,38.89
4,10,5,45,0.19044,0.32696,78.16
4,10,5,46,0.18976,0.32619,78.07
4,10,5,47,0.18883,0.32572,47.66
4,10,5,48,0.18759,0.3278,47.43
4,10,5,49,0.18644,0.33162,45.55
4,10,5,50,0.18509,0.33307,56.9
4,10,5,51,0.18383,0.33494,70.28
4,10,5,52,0.18237,0.33455,48.46
4,10,5,53,0.18098,0.33516,41.32
4,10,5,54,0.17985,0.3333,67.62
4,10,5,55,0.17898,0.33128,40.76
4,10,5,56,0.17824,0.32985,48.6
4,10,5,57,0.17753,0.32807,41.49
4,10,5,58,0.17734,0.32717,36.89
4,10,5,59,0.17729,0.32667,44.72
4,10,5,60,0.17764,0.3276,72.15
4,10,5,61,0.17797,0.32763,59.4
4,10,5,62,0.1783,0.32883,41.5
4,10,5,63,0.1786,0.33063,35.15
4,10,5,64,0.17867,0.32848,39.99
4,10,5,65,0.17838,0.32608,37.5
4,10,5,66,0.17782,0.32578,52.48
4,10,5,67,0.1769,0.32418,48.38
4,10,5,68,0.17543,0.31844,45.03
4,10,5,69,0.17403,0.31276,53.1
4,10,5,70,0.17243,0.30958,45.3
4,10,5,71,0.17105,0.3096,65.14
4,10,5,72,0.16972,0.31099,52.4
4,10,5,73,0.16816,0.31337,56.41
4,10,5,74,0.16747,0.31685,44.28
4,10,5,75,0.16718,0.31867,39.51
4,10,5,76,0.16758,0.31618,43.59
4,10,5,77,0.1682,0.31408,74.62
4,10,5,78,0.16876,0.31113,56.34
4,10,5,79,0.16981,0.31194,52.4
4,10,5,80,0.1708,0.31354,78.81
4,10,5,81,0.1716,0.31305,72.04
4,10,5,82,0.1723,0.31435,70.72
4,10,5,83,0.17283,0.31472,51.37
4,10,5,84,0.1736,0.31391,38.59
4,10,5,85,0.17455,0.3127,43.15
4,10,5,86,0.17506,0.31071,68.91
4,10,5,87,0.17591,0.30999,41.86
4,10,5,88,0.17673,0.3096,43.07
4,10,5,89,0.17713,0.30958,53.75
4,10,5,90,0.17704,0.30945,53.37
4,10,5,91,0.17678,0.31121,38.45
4,10,5,92,0.17656,0.31272,40.31
4,10,5,93,0.17636,0.31362,64.28
4,10,5,94,0.17623,0.31514,82.05
4,10,5,95,0.17578,0.31448,47.26
4,10,5,96,0.17516,0.31226,48.35
4,10,5,97,0.17452,0.31214,40.61
4,10,5,98,0.1744,0.31385,45.02
4,10,5,99,0.17451,0.3165,48.92
4,10,5,100,0.17483,0.31704,45.52
4,10,5,101,0.17527,0.31729,42.64
4,10,5,102,0.17595,0.31672,39.77
4,10,5,103,0.1767,0.31697,43.74
4,10,5,104,0.17761,0.31741,39.17
4,10,5,105,0.17857,0.31496,41.37
4,10,5,106,0.17969,0.31311,39.47
4,10,5,107,0.18077,0.31239,43.78
4,10,5,108,0.18171,0.31457,39.22
4,10,5,109,0.18238,0.31579,54.11
4,10,5,110,0.18291,0.31737,47.91
4,10,5,111,0.18347,0.32073,47.24
4,10,5,112,0.18382,0.32256,73.05
4,10,5,113,0.18388,0.3261,77.92
4,10,5,114,0.18376,0.32845,79.12
4,10,5,115,0.18354,0.32768,65.85
4,10,5,116,0.18285,0.32408,95.57
4,10,5,117,0.18232,0.32158,84.89
4,10,5,118,0.18176,0.31837,71.83
4,10,5,119,0.18127,0.31491,69.0
4,10,5,120,0.18091,0.31395,63.31
4,10,5,121,0.18101,0.3155,76.46
5,10,1,0,0.46413,0.28807,43.05
5,10,1,1,0.46453,0.28852,43.7
5,10,1,2,0.46538,0.29019,33.79
5,10,1,3,0.46629,0.29254,42.41
5,10,1,4,0.46689,0.29483,40.58
5,10,1,5,0.4673,0.29695,92.65
5,10,1,6,0.46763,0.29831,50.67
5,10,1,7,0.46827,0.30143,40.77
5,10,1,8,0.46846,0.30512,47.97
5,10,1,9,0.46861,0.30566,34.37
5,10,1,10,0.46858,0.30346,37.79
5,10,1,11,0.46861,0.30207,85.82
5,10,1,12,0.46869,0.30106,52.02
5,10,1,13,0.46882,0.29995,36.73
5,10,1,14,0.46871,0.29745,41.6
5,10,1,15,0.46828,0.29648,42.41
5,10,1,16,0.46771,0.29396,40.66
5,10,1,17,0.46723,0.29331,30.86
5,10,1,18,0.46688,0.29411,47.59
5,10,1,19,0.46623,0.29328,44.08
5,10,1,20,0.46547,0.29486,43.85
5,10,1,21,0.46505,0.29748,46.95
5,10,1,22,0.46453,0.30234,46.07
5,10,1,23,0.4642,0.3053,38.6
5,10,1,24,0.46402,0.30759,60.47
5,10,1,25,0.46385,0.30907,43.65
5,10,1,26,0.46374,0.30964,40.58
5,10,1,27,0.46334,0.30938,45.86
5,10,1,28,0.46265,0.31035,75.1
5,10,1,29,0.46234,0.3099,53.57
5,10,1,30,0.46235,0.31155,52.94
5,10,1,31,0.46248,0.3135,40.14
5,10,1,32,0.46255,0.31278,38.59
5,10,1,33,0.46286,0.31384,59.62
5,10,1,34,0.46308,0.31413,77.26
5,10,1,35,0.46303,0.3154,70.81
5,10,1,36,0.46275,0.3178,39.53
5,10,1,37,0.4626,0.32169,54.76
5,10,1,38,0.46259,0.32771,52.63
5,10,1,39,0.46276,0.33493,38.67
5,10,1,40,0.46278,0.33899,54.55
5,10,1,41,0.46273,0.34075,73.7
5,10,1,42,0.46274,0.34175,41.43
5,10,1,43,0.46275,0.34197,35.8
5,10,1,44,0.4629,0.34314,71.87
5,10,1,45,0.46268,0.34356,37.45
5,10,1,46,0.46208,0.34528,35.06
5,10,1,47,0.4619,0.34503,72.85
5,10,1,48,0.46175,0.34382,72.69
5,10,1,49,0.46157,0.34151,44.03
5,10,1,50,0.46146,0.33926,37.1
5,10,1,51,0.4613,0.33647,45.65
5,10,1,52,0.46125,0.33502,39.3
5,10,1,53,0.46127,0.33472,52.66
5,10,1,54,0.46124,0.33399,42.81
5,10,1,55,0.46127,0.33305,49.14
5,10,1,56,0.46128,0.33196,42.52
5,10,1,57,0.46117,0.32969,47.93
5,10,1,58,0.46097,0.32663,51.12
5,10,1,59,0.46063,0.32267,40.19
5,10,1,60,0.45996,0.31989,53.6
5,10,1,61,0.45954,0.31739,54.34
5,10,1,62,0.45904,0.31638,33.95
5,10,1,63,0.45896,0.31747,37.06
5,10,1,64,0.45918,0.3196,38.16
5,10,1,65,0.45948,0.32163,74.76
5,10,1,66,0.45972,0.32265,77.09
5,10,1,67,0.45965,0.32063,47.63
5,10,1,68,0.45932,0.31603,38.96
5,10,1,69,0.45929,0.3122,39.76
5,10,1,70,0.45931,0.30762,79.17
5,10,1,71,0.4594,0.30336,60.72
5,10,1,72,0.45925,0.29963,51.94
5,10,1,73,0.45912,0.29912,46.48
5,10,1,74,0.45871,0.2962,38.41
5,10,1,75,0.45853,0.29277,40.82
5,10,1,76,0.45855,0.29083,35.28
5,10,1,77,0.45867,0.28957,59.46
5,10,1,78,0.45893,0.2894,41.83
5,10,1,79,0.4592,0.28991,34.92
5,10,1,80,0.45946,0.29063,34.77
5,10,1,81,0.45969,0.29136,51.16
5,10,1,82,0.45952,0.29115,43.43
5,10,1,83,0.45943,0.29247,37.11
5,10,1,84,0.4594,0.29511,40.36
5,10,1,85,0.45929,0.29694,41.62
5,10,1,86,0.45921,0.29872,45.51
5,10,1,87,0.45909,0.29904,41.43
5,10,1,88,0.45872,0.29877,40.42
5,10,1,89,0.45821,0.29896,56.86
5,10,1,90,0.45754,0.29759,46.38
5,10,1,91,0.45688,0.29542,60.46
5,10,1,92,0.45661,0.29382,50.65
5,10,1,93,0.45642,0.29005,45.55
5,10,1,94,0.45651,0.28874,37.66
5,10,1,95,0.45681,0.29062,60.56
5,10,1,96,0.45684,0.29058,77.75
5,10,1,97,0.45671,0.28897,35.74
5,10,1,98,0.45652,0.28684,35.9
5,10,1,99,0.45649,0.28635,42.92
5,10,1,100,0.45659,0.28717,83.68
5,10,1,101,0.45689,0.29049,42.87
5,10,1,102,0.45726,0.29513,37.76
5,10,1,103,0.45721,0.29449,41.03
5,10,1,104,0.45719,0.29414,49.5
5,10,1,105,0.45708,0.29265,37.34
5,10,1,106,0.45697,0.29165,36.73
5,10,1,107,0.45693,0.29174,48.34
5,10,1,108,0.45687,0.29263,71.45
5,10,1,109,0.45674,0.29236,51.19
5,10,1,110,0.45689,0.29097,64.67
5,10,1,111,0.45712,0.29209,37.87
5,10,1,112,0.45733,0.29441,36.54
5,10,1,113,0.45767,0.29889,74.2
5,10,1,114,0.45774,0.30245,44.05
5,10,1,115,0.45732,0.3011,63.33
5,10,1,116,0.45677,0.29787,54.13
5,10,1,117,0.45605,0.29455,40.22
5,10,1,118,0.45579,0.2923,36.54
5,10,1,119,0.45568,0.29096,38.31
5,10,1,120,0.45594,0.29036,35.75
5,10,1,121,0.45624,0.28985,49.21
5,10,1,122,0.45649,0.28795,37.58
5,10,1,123,0.45687,0.28544,40.03
5,10,1,124,0.4571,0.28352,96.53
5,10,1,125,0.45721,0.28231,70.47
5,10,1,126,0.4572,0.28063,41.96
5,10,2,0,0.45886,0.29969,55.6
5,10,2,1,0.45897,0.30374,37.04
5,10,2,2,0.4588,0.3047,78.68
5,10,2,3,0.45886,0.3055,54.77
5,10,2,4,0.45935,0.3047,37.95
5,10,2,5,0.45968,0.30374,65.81
5,10,2,6,0.45982,0.30278,51.91
5,10,2,7,0.45991,0.30148,47.74
5,10,2,8,0.4601,0.30079,36.65
5,10,2,9,0.4601,0.30135,37.92
5,10,2,10,0.46,0.30242,41.08
5,10,2,11,0.45983,0.30316,48.78
5,10,2,12,0.45958,0.30323,34.93
5,10,2,13,0.45893,0.30162,46.64
5,10,2,14,0.45838,0.30186,36.99
5,10,2,15,0.45797,0.30318,36.68
5,10,2,16,0.45748,0.30445,39.98
5,10,2,17,0.45725,0.30528,36.65
5,10,2,18,0.45672,0.30527,76.65
5,10,2,19,0.45632,0.30431,47.12
5,10,2,20,0.45589,0.30224,54.15
5,10,2,21,0.45552,0.30148,39.8
5,10,2,22,0.4556,0.30103,37.68
5,10,2,23,0.4554,0.3,49.99
5,10,2,24,0.45546,0.29847,38.38
5,10,2,25,0.45538,0.2981,64.15
5,10,2,26,0.45538,0.29945,46.66
5,10,2,27,0.45555,0.30202,45.61
5,10,2,28,0.45543,0.30388,40.9
5,10,2,29,0.45516,0.30667,52.63
5,10,2,30,0.45488,0.30877,58.06
5,10,2,31,0.45449,0.31051,42.02
5,10,2,32,0.45446,0.31181,49.93
5,10,2,33,0.45418,0.31253,40.19
5,10,2,34,0.45398,0.31354,36.87
5,10,2,35,0.45346,0.31481,43.71
5,10,2,36,0.45281,0.31613,36.27
5,10,2,37,0.45249,0.31593,75.44
5,10,2,38,0.45247,0.31665,52.66
5,10,2,39,0.45259,0.31753,41.82
5,10,2,40,0.45268,0.31679,38.88
5,10,2,41,0.45239,0.31637,39.57
5,10,2,42,0.45231,0.31539,34.54
5,10,2,43,0.45236,0.31489,42.88
5,10,2,44,0.45254,0.31546,42.1
5,10,2,45,0.45268,0.31579,69.82
5,10,2,46,0.45282,0.31605,41.46
5,10,2,47,0.453,0.31688,58.21
5,10,2,48,0.45317,0.31779,73.06
5,10,2,49,0.45334,0.31892,39.92
5,10,2,50,0.45316,0.3208,44.72
5,10,2,51,0.45316,0.3224,49.36
5,10,2,52,0.45322,0.32201,37.13
5,10,2,53,0.45307,0.3216,50.29
5,10,2,54,0.45292,0.32198,42.3
5,10,2,55,0.45256,0.32311,45.17
5,10,2,56,0.4517,0.32393,47.99
5,10,2,57,0.45087,0.32572,39.0
5,10,2,58,0.44969,0.32412,39.27
5,10,2,59,0.4481,0.32027,46.31
5,10,2,60,0.44709,0.31711,38.09
5,10,2,61,0.44638,0.31452,56.38
5,10,2,62,0.44586,0.31235,43.89
5,10,2,63,0.4455,0.31357,42.47
5,10,2,64,0.44526,0.31424,45.62
5,10,2,65,0.44544,0.31542,42.14
5,10,2,66,0.44599,0.31793,40.15
5,10,2,67,0.44653,0.32019,38.29
5,10,2,68,0.44695,0.32185,46.83
5,10,2,69,0.44723,0.32314,70.8
5,10,2,70,0.44763,0.32397,41.74
5,10,2,71,0.44796,0.32269,88.23
5,10,2,72,0.44825,0.32222,74.09
5,10,2,73,0.44838,0.31955,40.24
5,10,2,74,0.44851,0.31827,42.42
5,10,2,75,0.44862,0.31768,53.83
5,10,2,76,0.44875,0.31686,34.44
5,10,2,77,0.44864,0.31729,39.6
5,10,2,78,0.44835,0.31819,46.51
5,10,2,79,0.44817,0.31938,38.15
5,10,2,80,0.44799,0.3202,48.97
5,10,2,81,0.44782,0.32024,78.06
5,10,2,82,0.44777,0.3211,41.26
5,10,2,83,0.44775,0.32119,42.37
5,10,2,84,0.44739,0.3208,40.91
5,10,2,85,0.44736,0.32086,42.16
5,10,2,86,0.44713,0.32128,43.53
5,10,2,87,0.44711,0.32114,68.14
5,10,2,88,0.44713,0.32056,45.95
5,10,2,89,0.44709,0.31964,45.17
5,10,2,90,0.447,0.31855,45.96
5,10,2,91,0.44694,0.31876,49.47
5,10,2,92,0.44718,0.31872,41.81
5,10,2,93,0.44727,0.31862,44.3
5,10,2,94,0.44734,0.31989,40.34
5,10,2,95,0.44767,0.32074,53.69
5,10,2,96,0.44809,0.32094,74.84
5,10,2,97,0.44849,0.32075,90.87
5,10,2,98,0.44885,0.32052,65.63
5,10,2,99,0.4491,0.31855,122.71
5,10,2,100,0.44896,0.31562,85.47
5,10,2,101,0.44874,0.3141,51.26
5,10,2,102,0.44851,0.31384,40.59
5,10,2,103,0.44834,0.31384,50.16
5,10,2,104,0.44818,0.31415,42.49
5,10,2,105,0.44802,0.31465,62.78
5,10,2,106,0.448,0.31652,55.39
5,10,2,107,0.44809,0.3212,45.59
5,10,2,108,0.44814,0.32475,41.24
5,10,2,109,0.4479,0.32366,56.1
5,10,3,0,0.45495,0.27955,84.73
5,10,3,1,0.45395,0.28201,57.18
5,10,3,2,0.45304,0.28697,36.45
5,10,3,3,0.45253,0.29103,51.29
5,10,3,4,0.45195,0.29295,39.08
5,10,3,5,0.45182,0.29741,40.41
5,10,3,6,0.45175,0.29948,43.23
5,10,3,7,0.45221,0.30205,49.1
5,10,3,8,0.45283,0.30301,36.69
5,10,3,9,0.45355,0.30464,44.53
5,10,3,10,0.45426,0.30664,58.71
5,10,3,11,0.45521,0.3091,48.38
5,10,3,12,0.45665,0.31254,49.92
5,10,3,13,0.45843,0.31526,40.03
5,10,3,14,0.46007,0.31728,38.14
5,10,3,15,0.46224,0.31765,38.51
5,10,3,16,0.46415,0.31926,40.95
5,10,3,17,0.46586,0.32265,36.97
5,10,3,18,0.46743,0.32707,59.34
5,10,3,19,0.46851,0.3303,46.99
5,10,3,20,0.46929,0.33361,49.32
5,10,3,21,0.46945,0.33669,78.96
5,10,3,22,0.46976,0.34042,49.35
5,10,3,23,0.47012,0.3432,44.99
5,10,3,24,0.47063,0.34365,43.53
5,10,3,25,0.4713,0.34332,41.02
5,10,3,26,0.47225,0.34204,93.38
5,10,3,27,0.47344,0.34107,78.01
5,10,3,28,0.47465,0.34014,87.69
5,10,3,29,0.47622,0.33853,45.29
5,10,3,30,0.47757,0.33484,74.24
5,10,3,31,0.47804,0.33197,69.82
5,10,3,32,0.4781,0.33041,76.96
5,10,3,33,0.47825,0.33051,50.2
5,10,3,34,0.47833,0.32949,40.43
5,10,3,35,0.47837,0.32859,70.9
5,10,3,36,0.47856,0.32687,64.18
5,10,3,37,0.47885,0.32457,83.84
5,10,3,38,0.47925,0.32151,86.76
5,10,3,39,0.47952,0.31866,51.82
5,10,3,40,0.47963,0.31673,50.31
5,10,3,41,0.47979,0.31755,36.8
5,10,3,42,0.4797,0.31933,42.98
5,10,3,43,0.47943,0.31955,63.23
5,10,3,44,0.47901,0.31818,36.63
5,10,3,45,0.47876,0.31785,59.71
5,10,3,46,0.47888,0.31786,43.48
5,10,3,47,0.47904,0.31697,40.74
5,10,3,48,0.47915,0.31516,61.18
5,10,3,49,0.47924,0.31328,46.28
5,10,3,50,0.47939,0.3124,46.0
5,10,3,51,0.47958,0.31225,62.01
5,10,3,52,0.47962,0.3109,59.06
5,10,3,53,0.47977,0.31172,45.4
5,10,3,54,0.47989,0.31227,40.32
5,10,3,55,0.4797,0.31299,38.84
5,10,3,56,0.4797,0.31335,43.45
5,10,3,57,0.47978,0.31378,39.9
5,10,3,58,0.48004,0.31221,38.65
5,10,3,59,0.48025,0.30955,37.1
5,10,3,60,0.48067,0.30568,95.99
5,10,3,61,0.48103,0.30301,56.67
5,10,3,62,0.48118,0.30114,67.21
5,10,3,63,0.48092,0.29969,40.51
5,10,3,64,0.48083,0.29863,39.6
5,10,3,65,0.48086,0.29772,76.6
5,10,3,66,0.48093,0.2972,72.0
5,10,3,67,0.48116,0.29724,39.42
5,10,3,68,0.48135,0.29716,79.61
5,10,3,69,0.48155,0.29709,42.57
5,10,3,70,0.48188,0.29833,42.78
5,10,3,71,0.48198,0.30158,38.38
5,10,3,72,0.48202,0.30215,43.41
5,10,3,73,0.48206,0.30204,42.9
5,10,3,74,0.48204,0.30125,37.26
5,10,3,75,0.48219,0.29808,59.72
5,10,3,76,0.48243,0.29538,50.44
5,10,3,77,0.48257,0.29239,39.75
5,10,3,78,0.48283,0.291,48.43
5,10,3,79,0.48303,0.29033,40.63
5,10,3,80,0.48321,0.28992,40.01
5,10,3,81,0.48312,0.29015,45.87
5,10,3,82,0.48257,0.29119,33.59
5,10,3,83,0.48207,0.29217,33.73
5,10,3,84,0.48172,0.29411,44.77
5,10,3,85,0.48122,0.29606,50.61
5,10,3,86,0.481,0.29822,40.57
5,10,3,87,0.48072,0.29912,105.68
5,10,3,88,0.48084,0.29976,69.17
5,10,3,89,0.48078,0.30006,49.2
5,10,3,90,0.48081,0.30161,51.76
5,10,3,91,0.48075,0.30302,38.5
5,10,3,92,0.48068,0.30395,55.63
5,10,3,93,0.48059,0.30358,44.79
5,10,3,94,0.48048,0.30255,41.45
5,10,3,95,0.48018,0.30286,42.6
5,10,3,96,0.47971,0.30339,39.95
5,10,3,97,0.4793,0.30334,36.9
5,10,3,98,0.47917,0.30299,43.85
5,10,3,99,0.47933,0.30325,38.74
5,10,3,100,0.47955,0.30371,35.46
5,10,3,101,0.4798,0.30369,48.8
5,10,3,102,0.4799,0.30558,36.75
5,10,3,103,0.48011,0.30646,48.59
5,10,3,104,0.48045,0.30816,40.35
5,10,3,105,0.48046,0.30968,43.05
5,10,3,106,0.48038,0.3115,34.6
5,10,3,107,0.48023,0.31332,38.35
5,10,3,108,0.48029,0.31348,44.36
5,10,3,109,0.48049,0.31342,57.33
5,10,3,110,0.48047,0.31369,78.89
5,10,3,111,0.48063,0.31365,37.81
5,10,3,112,0.48073,0.312,58.5
5,10,3,113,0.4809,0.31079,55.24
5,10,3,114,0.481,0.3094,39.45
5,10,3,115,0.48082,0.30877,53.9
5,10,3,116,0.48058,0.30938,72.22
5,10,3,117,0.48039,0.31019,55.28
5,10,3,118,0.48004,0.30969,53.23
5,10,3,119,0.48002,0.30928,48.74
5,10,3,120,0.48011,0.30897,44.25
5,10,3,121,0.48015,0.30766,46.53
5,10,3,122,0.48018,0.30651,60.99
5,10,3,123,0.48037,0.30702,40.87
5,10,3,124,0.48029,0.30816,42.26
5,10,3,125,0.48014,0.31014,62.73
5,10,3,126,0.47977,0.3122,46.35
5,10,3,127,0.47972,0.31568,44.22
5,10,3,128,0.47963,0.31977,42.59
5,10,3,129,0.47925,0.32433,70.76
5,10,3,130,0.47886,0.32908,56.71
5,10,3,131,0.4785,0.33401,45.89
5,10,3,132,0.47839,0.33828,57.47
5,10,3,133,0.47843,0.34038,42.85
5,10,3,134,0.47845,0.34131,52.91
5,10,3,135,0.47839,0.34079,59.03
5,10,3,136,0.47864,0.33965,48.78
5,10,3,137,0.47867,0.33847,50.71
5,10,3,138,0.47878,0.3397,58.38
5,10,3,139,0.47862,0.34235,44.27
5,10,3,140,0.47868,0.34393,42.82
5,10,3,141,0.47868,0.34693,52.3
5,10,3,142,0.47845,0.349,33.54
5,10,3,143,0.47843,0.34774,38.91
5,10,3,144,0.47829,0.34421,48.83
5,10,3,145,0.47851,0.34099,38.36
5,10,3,146,0.47864,0.33653,39.76
5,10,3,147,0.47874,0.33275,56.22
5,10,3,148,0.47853,0.3288,40.99
5,10,3,149,0.47842,0.32867,40.55
5,10,3,150,0.47817,0.33051,53.15
5,10,3,151,0.47787,0.33362,48.29
5,10,3,152,0.47749,0.33573,78.27
5,10,3,153,0.47739,0.33777,57.68
5,10,3,154,0.47737,0.33963,40.26
5,10,3,155,0.47743,0.3407,38.93
5,10,3,156,0.47692,0.34094,89.78
5,10,3,157,0.47654,0.34086,65.07
5,10,3,158,0.47626,0.34209,51.82
5,10,3,159,0.47609,0.34239,58.62
5,10,3,160,0.4756,0.34227,48.04
5,10,3,161,0.4753,0.3416,37.4
5,10,3,162,0.47517,0.34095,45.73
5,10,3,163,0.47513,0.34174,40.26
5,10,3,164,0.47533,0.34195,42.34
5,10,3,165,0.47555,0.34196,42.01
5,10,3,166,0.47595,0.34364,50.62
5,10,3,167,0.47629,0.34561,50.09
5,10,3,168,0.47644,0.34629,64.1
5,10,3,169,0.4766,0.347,39.6
5,10,3,170,0.47638,0.3469,42.46
5,10,3,171,0.47608,0.34677,37.9
5,10,4,0,0.47524,0.33759,56.07
5,10,4,1,0.47513,0.33752,55.89
5,10,4,2,0.47492,0.33756,37.84
5,10,4,3,0.47482,0.33739,41.23
5,10,4,4,0.47473,0.33683,55.01
5,10,4,5,0.47434,0.33673,57.22
5,10,4,6,0.47379,0.33694,38.03
5,10,4,7,0.47299,0.33711,55.99
5,10,4,8,0.4722,0.33772,41.97
5,10,4,9,0.47135,0.33708,46.71
5,10,4,10,0.47054,0.33779,52.18
5,10,4,11,0.47003,0.33802,50.87
5,10,4,12,0.46926,0.33755,39.83
5,10,4,13,0.46825,0.3362,44.52
5,10,4,14,0.46761,0.33642,38.08
5,10,4,15,0.46701,0.33816,42.83
5,10,4,16,0.46677,0.34043,38.01
5,10,4,17,0.46683,0.34254,37.85
5,10,4,18,0.46697,0.34401,74.59
5,10,4,19,0.46714,0.34507,56.2
5,10,4,20,0.46709,0.34722,52.32
5,10,4,21,0.46716,0.3483,37.42
5,10,4,22,0.46696,0.34872,77.7
5,10,4,23,0.46659,0.34848,37.32
5,10,4,24,0.46612,0.34803,42.1
5,10,4,25,0.46575,0.34785,43.95
5,10,4,26,0.46546,0.34849,42.61
5,10,4,27,0.46519,0.34844,38.36
5,10,4,28,0.46533,0.34921,47.8
5,10,4,29,0.46564,0.34918,42.02
5,10,4,30,0.4659,0.34937,66.65
5,10,4,31,0.46588,0.34976,44.12
5,10,4,32,0.46537,0.34918,51.71
5,10,4,33,0.46489,0.34853,38.0
5,10,4,34,0.46412,0.34719,56.73
5,10,4,35,0.46337,0.34425,54.01
5,10,4,36,0.46273,0.34277,37.26
5,10,4,37,0.46228,0.34186,47.47
5,10,4,38,0.46253,0.34158,46.19
5,10,4,39,0.46315,0.34146,37.39
5,10,4,40,0.46385,0.34158,41.31
5,10,4,41,0.4645,0.34195,42.37
5,10,4,42,0.46546,0.34235,38.02
5,10,4,43,0.46632,0.34319,49.68
5,10,4,44,0.46664,0.34239,50.23
5,10,4,45,0.46692,0.34222,75.24
5,10,4,46,0.46682,0.34206,75.66
5,10,4,47,0.46656,0.3425,51.75
5,10,4,48,0.46621,0.34249,47.74
5,10,4,49,0.46626,0.34323,41.9
5,10,4,50,0.46668,0.34276,33.01
5,10,4,51,0.46719,0.34173,41.79
5,10,4,52,0.46789,0.34178,38.62
5,10,4,53,0.46819,0.34283,38.16
5,10,4,54,0.4681,0.3434,50.13
5,10,4,55,0.46778,0.34348,39.02
5,10,4,56,0.4673,0.34246,54.44
5,10,4,57,0.46672,0.3409,39.8
5,10,4,58,0.46638,0.33795,46.78
5,10,4,59,0.46627,0.33717,42.95
5,10,4,60,0.46629,0.33764,38.6
5,10,4,61,0.46636,0.33873,35.64
5,10,4,62,0.46643,0.33936,38.58
5,10,4,63,0.46646,0.33991,39.66
5,10,4,64,0.4665,0.3413,47.88
5,10,4,65,0.46657,0.34191,40.19
5,10,4,66,0.46697,0.34262,75.68
5,10,4,67,0.46719,0.34357,40.9
5,10,4,68,0.46703,0.34455,70.09
5,10,4,69,0.46663,0.34405,59.29
5,10,4,70,0.46594,0.34218,96.07
5,10,4,71,0.46576,0.34106,70.97
5,10,4,72,0.46576,0.33991,69.08
5,10,4,73,0.46588,0.33925,42.63
5,10,4,74,0.46611,0.33972,38.44
5,10,4,75,0.46646,0.34082,42.42
5,10,4,76,0.46704,0.34199,46.09
5,10,4,77,0.46739,0.34314,61.48
5,10,4,78,0.46787,0.34378,48.73
5,10,4,79,0.46824,0.342,32.25
5,10,4,80,0.46864,0.34085,38.78
5,10,4,81,0.46897,0.34073,46.19
5,10,4,82,0.46921,0.34081,80.88
5,10,4,83,0.46938,0.3409,53.26
5,10,4,84,0.46953,0.33997,36.27
5,10,4,85,0.46954,0.33863,42.07
5,10,4,86,0.46959,0.33818,49.54
5,10,4,87,0.46953,0.33693,53.15
5,10,4,88,0.46943,0.33579,38.8
5,10,4,89,0.46913,0.33602,34.67
5,10,4,90,0.46902,0.33625,60.83
5,10,4,91,0.46903,0.33641,36.77
5,10,4,92,0.46912,0.33688,51.58
5,10,4,93,0.46928,0.33779,43.5
5,10,4,94,0.46937,0.33807,44.25
5,10,4,95,0.4697,0.33775,40.13
5,10,4,96,0.47004,0.33582,47.24
5,10,4,97,0.47013,0.33468,44.8
5,10,4,98,0.47007,0.3336,61.87
5,10,4,99,0.46993,0.33251,41.09
5,10,4,100,0.46981,0.33184,42.62
5,10,4,101,0.46971,0.33149,39.58
5,10,4,102,0.46967,0.33188,48.95
5,10,4,103,0.46933,0.33324,39.87
5,10,4,104,0.46914,0.33344,54.19
5,10,4,105,0.46885,0.3348,37.07
5,10,4,106,0.46882,0.33544,36.59
5,10,4,107,0.46875,0.33708,54.89
5,10,4,108,0.46869,0.33861,36.57
5,10,4,109,0.46872,0.34159,74.16
5,10,4,110,0.46893,0.34219,42.22
5,10,4,111,0.46905,0.34353,37.02
5,10,4,112,0.46911,0.34518,46.79
5,10,4,113,0.46908,0.34627,40.26
5,10,4,114,0.46901,0.34688,59.87
5,10,4,115,0.46889,0.34715,58.88
5,10,4,116,0.46877,0.34745,50.75
5,10,4,117,0.46868,0.34761,37.54
5,10,4,118,0.46867,0.34813,62.01
5,10,4,119,0.46867,0.34878,55.93
5,10,4,120,0.46876,0.34889,40.4
5,10,4,121,0.46854,0.34898,39.49
5,10,4,122,0.46811,0.34764,69.8
5,10,4,123,0.4675,0.34518,43.21
5,10,4,124,0.46682,0.3435,36.31
5,10,4,125,0.46554,0.3412,41.01
5,10,4,126,0.46436,0.33892,54.98
5,10,4,127,0.46297,0.33658,45.84
5,10,4,128,0.46144,0.33352,93.37
5,10,4,129,0.46055,0.33094,57.69
5,10,4,130,0.45975,0.32798,63.85
5,10,4,131,0.45941,0.32758,49.45
5,10,4,132,0.45955,0.328,45.3
5,10,4,133,0.45972,0.32784,40.23
5,10,4,134,0.45993,0.32783,46.05
5,10,4,135,0.4602,0.32881,63.98
5,10,4,136,0.46074,0.32912,42.21
5,10,4,137,0.46134,0.33014,38.22
5,10,4,138,0.46189,0.33083,49.75
5,10,4,139,0.46241,0.33078,73.11
5,10,4,140,0.46245,0.33034,44.48
5,10,4,141,0.46231,0.33023,57.35
5,10,4,142,0.46288,0.33085,41.68
5,10,4,143,0.46362,0.33235,35.29
5,10,4,144,0.46468,0.33267,33.87
5,10,4,145,0.46566,0.33487,35.84
5,10,4,146,0.46628,0.33616,37.96
5,10,4,147,0.46693,0.33648,42.09
5,10,4,148,0.46757,0.33537,35.71
5,10,4,149,0.46804,0.33402,92.34
5,10,4,150,0.46844,0.3331,68.83
5,10,4,151,0.46881,0.33235,81.61
5,10,4,152,0.46916,0.33206,49.35
5,10,4,153,0.46955,0.33197,48.81
5,10,4,154,0.47001,0.33296,57.78
5,10,4,155,0.47003,0.33359,42.06
5,10,4,156,0.4699,0.3344,34.27
5,10,4,157,0.46966,0.33453,44.08
5,10,4,158,0.46939,0.33441,37.39
5,10,4,159,0.46946,0.33405,79.15
5,10,4,160,0.4695,0.33473,47.47
5,10,4,161,0.46962,0.33719,40.18
5,10,5,0,0.46909,0.33803,53.67
5,10,5,1,0.46926,0.33704,50.54
5,10,5,2,0.46963,0.33636,38.37
5,10,5,3,0.46985,0.33453,38.79
5,10,5,4,0.46976,0.3336,41.14
5,10,5,5,0.46974,0.33178,78.11
5,10,5,6,0.46954,0.33117,41.29
5,10,5,7,0.46943,0.33185,36.87
5,10,5,8,0.46943,0.33318,42.59
5,10,5,9,0.46907,0.334,38.45
5,10,5,10,0.46837,0.33431,35.02
5,10,5,11,0.4671,0.33267,42.46
5,10,5,12,0.46602,0.33017,38.43
5,10,5,13,0.4652,0.32753,51.53
5,10,5,14,0.4646,0.32546,42.33
5,10,5,15,0.46373,0.32351,39.01
5,10,5,16,0.46297,0.32237,37.88
5,10,5,17,0.46245,0.32294,76.56
5,10,5,18,0.46204,0.32456,57.33
5,10,5,19,0.46183,0.32528,41.87
5,10,5,20,0.46179,0.32542,40.27
5,10,5,21,0.46164,0.32613,53.76
5,10,5,22,0.46127,0.32583,55.14
5,10,5,23,0.46124,0.32522,41.08
5,10,5,24,0.46142,0.32512,47.96
5,10,5,25,0.46136,0.32523,38.66
5,10,5,26,0.46145,0.32489,40.36
5,10,5,27,0.46163,0.32488,38.52
5,10,5,28,0.46179,0.32458,48.55
5,10,5,29,0.46202,0.32459,43.53
5,10,5,30,0.46227,0.32547,42.35
5,10,5,31,0.46249,0.32668,49.74
5,10,5,32,0.46274,0.32816,38.92
5,10,5,33,0.46286,0.32915,39.54
5,10,5,34,0.4629,0.32969,36.71
5,10,5,35,0.46292,0.33044,50.56
5,10,5,36,0.46327,0.33082,38.04
5,10,5,37,0.46355,0.33215,40.52
5,10,5,38,0.46367,0.33328,48.04
5,10,5,39,0.46367,0.33372,41.15
5,10,5,40,0.46373,0.33475,35.49
5,10,5,41,0.46375,0.33578,65.44
5,10,5,42,0.46367,0.33614,51.59
5,10,5,43,0.46341,0.33574,47.48
5,10,5,44,0.46299,0.33602,39.53
5,10,5,45,0.46275,0.33561,62.38
5,10,5,46,0.46257,0.33481,96.15
5,10,5,47,0.46254,0.33507,77.82
5,10,5,48,0.46255,0.33562,48.42
5,10,5,49,0.46233,0.33659,71.41
5,10,5,50,0.46229,0.33745,55.16
5,10,5,51,0.46196,0.33845,34.87
5,10,5,52,0.46184,0.33839,37.3
5,10,5,53,0.46187,0.33855,36.42
5,10,5,54,0.46162,0.33818,44.71
5,10,5,55,0.46132,0.33738,38.38
5,10,5,56,0.46051,0.33481,49.59
5,10,5,57,0.46005,0.33267,53.1
5,10,5,58,0.45943,0.33058,46.57
5,10,5,59,0.45905,0.3285,44.9
5,10,5,60,0.4589,0.32723,52.2
5,10,5,61,0.4588,0.32673,39.72
5,10,5,62,0.4591,0.32708,47.38
5,10,5,63,0.45975,0.32699,37.68
5,10,5,64,0.46054,0.32671,56.81
5,10,5,65,0.461,0.32787,41.28
5,10,5,66,0.4611,0.32861,53.95
5,10,5,67,0.46078,0.32875,38.57
5,10,5,68,0.45987,0.32842,39.76
5,10,5,69,0.45905,0.32869,51.47
5,10,5,70,0.45837,0.32941,45.57
5,10,5,71,0.45771,0.32959,37.98
5,10,5,72,0.4575,0.32985,49.82
5,10,5,73,0.45706,0.32959,48.48
5,10,5,74,0.45675,0.32799,39.76
5,10,5,75,0.45689,0.32711,37.98
5,10,5,76,0.45725,0.32646,46.57
5,10,5,77,0.45765,0.32601,54.09
5,10,5,78,0.45767,0.32609,40.01
5,10,5,79,0.45777,0.32605,65.38
5,10,5,80,0.45806,0.32707,42.82
5,10,5,81,0.45829,0.32703,41.93
5,10,5,82,0.4582,0.3265,84.76
5,10,5,83,0.45799,0.32592,41.86
5,10,5,84,0.45743,0.32608,44.72
5,10,5,85,0.45678,0.32627,35.02
5,10,5,86,0.45621,0.32628,36.63
5,10,5,87,0.4557,0.32708,43.24
5,10,5,88,0.45558,0.32683,76.82
5,10,5,89,0.45566,0.32633,64.24
5,10,5,90,0.45545,0.32538,41.48
5,10,5,91,0.45514,0.32478,40.53
5,10,5,92,0.45489,0.3245,38.32
5,10,5,93,0.45466,0.32427,45.81
5,10,5,94,0.45446,0.32423,47.66
5,10,5,95,0.45422,0.32402,37.08
5,10,5,96,0.45411,0.32442,46.91
5,10,5,97,0.45402,0.3246,42.29
5,10,5,98,0.45402,0.32483,52.61
5,10,5,99,0.45407,0.32527,51.88
5,10,5,100,0.45399,0.32742,79.02
5,10,5,101,0.4538,0.3292,47.67
5,10,5,102,0.45356,0.33029,53.91
5,10,5,103,0.45326,0.33077,84.89
5,10,5,104,0.45289,0.3312,41.96
5,10,5,105,0.45268,0.332,68.26
5,10,5,106,0.45241,0.33189,42.37
5,10,5,107,0.45215,0.33186,42.09
5,10,5,108,0.45208,0.33317,72.4
5,10,5,109,0.45211,0.33468,55.86
5,10,5,110,0.45207,0.33494,36.54
5,10,5,111,0.45206,0.33453,45.58
5,10,5,112,0.45177,0.33397,38.4
5,10,5,113,0.45137,0.33341,35.86
5,10,5,114,0.45071,0.33355,49.18
5,10,5,115,0.44984,0.33355,38.04
5,10,5,116,0.44914,0.33346,49.19
5,10,5,117,0.44837,0.33324,46.69
5,10,5,118,0.44821,0.33438,55.9
5,10,5,119,0.44855,0.33516,31.81
5,10,5,120,0.4491,0.33521,46.39
5,10,5,121,0.44959,0.33511,45.41
5,10,5,122,0.45011,0.33491,39.74
5,10,5,123,0.45046,0.33466,43.9
5,10,5,124,0.45079,0.33468,83.37
5,10,5,125,0.45108,0.33422,86.08
5,10,5,126,0.45127,0.33313,57.88
5,10,5,127,0.45105,0.33253,91.57
5,10,5,128,0.45109,0.33307,78.55
5,10,5,129,0.45115,0.33355,40.43
5,10,5,130,0.45127,0.33378,49.3
5,10,5,131,0.45141,0.33391,45.05
5,10,5,132,0.45192,0.33448,36.24
5,10,5,133,0.45233,0.33438,35.11
5,10,5,134,0.45274,0.33399,62.58
5,10,5,135,0.45309,0.33251,49.04
5,10,5,136,0.45341,0.33177,38.37
5,10,5,137,0.45373,0.3317,117.73
5,10,5,138,0.45388,0.33278,54.98
5,10,5,139,0.4535,0.33317,79.03
5,10,5,140,0.45292,0.33358,43.41
5,10,5,141,0.4521,0.33473,44.11
5,10,5,142,0.45119,0.33605,43.13
5,10,5,143,0.45034,0.33615,40.38
5,10,5,144,0.44957,0.33545,36.94
5,10,5,145,0.44924,0.33468,46.65
5,10,5,146,0.44916,0.33417,60.6
5,10,5,147,0.44949,0.33399,34.75
5,10,5,148,0.44962,0.33407,51.07
5,10,5,149,0.44989,0.33339,81.42
5,10,5,150,0.45042,0.33274,46.07
5,10,5,151,0.45105,0.33202,48.99
5,10,5,152,0.45158,0.33192,62.97
5,10,5,153,0.45202,0.33076,62.01
5,10,5,154,0.45233,0.33027,80.9
5,10,5,155,0.45276,0.33058,53.44
5,10,5,156,0.45324,0.33147,77.39
5,10,5,157,0.45375,0.33273,45.58
5,10,5,158,0.45406,0.33282,48.14
5,10,5,159,0.45423,0.33248,53.84
5,10,5,160,0.454,0.33206,39.04
5,10,5,161,0.45374,0.33253,51.84
5,10,5,162,0.45343,0.33255,51.33
5,10,5,163,0.45315,0.33284,44.96
5,10,5,164,0.45291,0.33325,64.93
5,10,5,165,0.45306,0.33358,82.71
5,10,5,166,0.45322,0.333,43.21
5,10,5,167,0.45327,0.33134,42.57
5,10,5,168,0.45377,0.33057,45.63
5,10,5,169,0.45434,0.3298,41.3
5,10,5,170,0.45487,0.32955,50.21
5,10,5,171,0.45543,0.32914,77.17
5,10,5,172,0.45594,0.3285,50.01
5,10,5,173,0.45658,0.32755,48.62
6,10,1,0,0.77393,0.34687,91.12
6,10,1,1,0.77394,0.34079,61.06
6,10,1,2,0.7739,0.33537,50.55
6,10,1,3,0.77523,0.33225,45.16
6,10,1,4,0.77765,0.32885,38.84
6,10,1,5,0.78029,0.32662,34.21
6,10,1,6,0.78296,0.32135,47.1
6,10,1,7,0.78456,0.32042,42.43
6,10,1,8,0.78575,0.32329,39.56
6,10,1,9,0.78719,0.33203,82.6
6,10,1,10,0.78765,0.34042,46.96
6,10,1,11,0.78655,0.3615,37.33
6,10,1,12,0.78488,0.36367,39.96
6,10,1,13,0.78155,0.36393,70.04
6,10,1,14,0.7776,0.36093,71.81
6,10,1,15,0.77382,0.35296,52.35
6,10,1,16,0.76883,0.34607,48.98
6,10,1,17,0.76324,0.34374,35.68
6,10,1,18,0.75828,0.34684,40.34
6,10,1,19,0.75258,0.35264,35.84
6,10,1,20,0.74922,0.3569,52.87
6,10,1,21,0.74768,0.36093,87.35
6,10,1,22,0.7477,0.36534,52.71
6,10,1,23,0.75019,0.36806,36.9
6,10,1,24,0.7525,0.3691,60.32
6,10,1,25,0.75465,0.36779,87.64
6,10,1,26,0.75723,0.36542,47.46
6,10,1,27,0.7596,0.36211,52.23
6,10,1,28,0.76222,0.35985,43.08
6,10,1,29,0.76399,0.35895,50.64
6,10,1,30,0.7661,0.35793,47.87
6,10,1,31,0.76834,0.35994,37.61
6,10,1,32,0.77042,0.36342,54.61
6,10,1,33,0.77253,0.36687,46.56
6,10,1,34,0.77437,0.37173,79.58
6,10,1,35,0.77602,0.37557,44.95
6,10,1,36,0.77731,0.38022,79.61
6,10,1,37,0.778,0.38473,50.24
6,10,1,38,0.7782,0.38937,43.12
6,10,1,39,0.7779,0.39354,94.6
6,10,1,40,0.77759,0.39409,86.86
6,10,1,41,0.77687,0.39518,43.23
6,10,1,42,0.77631,0.39648,41.54
6,10,1,43,0.77576,0.39729,47.18
6,10,1,44,0.77549,0.39747,46.35
6,10,1,45,0.77531,0.39779,60.33
6,10,1,46,0.7752,0.39736,69.58
6,10,1,47,0.77508,0.39742,47.82
6,10,1,48,0.77529,0.39795,48.6
6,10,1,49,0.77559,0.39701,56.33
6,10,1,50,0.77618,0.39678,53.49
6,10,1,51,0.77691,0.39683,48.79
6,10,1,52,0.77768,0.39685,40.27
6,10,1,53,0.7785,0.39687,40.95
6,10,1,54,0.77937,0.39648,68.68
6,10,1,55,0.7801,0.39685,35.74
6,10,1,56,0.7807,0.39568,46.33
6,10,1,57,0.78119,0.39459,35.21
6,10,1,58,0.78144,0.39503,76.48
6,10,1,59,0.78115,0.39634,42.46
6,10,1,60,0.7806,0.39792,45.03
6,10,1,61,0.7803,0.39989,40.81
6,10,1,62,0.78027,0.40118,35.9
6,10,1,63,0.78034,0.40258,44.33
6,10,1,64,0.78008,0.4031,40.01
6,10,1,65,0.78006,0.40279,46.17
6,10,1,66,0.77979,0.4035,88.51
6,10,1,67,0.77942,0.40377,75.28
6,10,1,68,0.77911,0.40561,47.45
6,10,1,69,0.77881,0.40896,41.96
6,10,1,70,0.77834,0.41119,48.61
6,10,1,71,0.77779,0.41315,56.3
6,10,1,72,0.7772,0.41365,53.88
6,10,1,73,0.77702,0.41439,40.7
6,10,1,74,0.77671,0.41389,75.75
6,10,1,75,0.77633,0.41411,52.3
6,10,1,76,0.77577,0.41329,46.62
6,10,1,77,0.77567,0.41213,34.7
6,10,1,78,0.77569,0.41196,47.69
6,10,1,79,0.77579,0.41262,45.82
6,10,1,80,0.77551,0.41334,53.13
6,10,1,81,0.77541,0.41396,43.03
6,10,1,82,0.77531,0.41423,39.95
6,10,1,83,0.77512,0.4152,62.23
6,10,1,84,0.77497,0.41446,52.19
6,10,1,85,0.77495,0.41263,82.88
6,10,1,86,0.77489,0.41147,58.86
6,10,1,87,0.77495,0.41051,87.9
6,10,1,88,0.77488,0.40944,71.48
6,10,1,89,0.77473,0.40867,42.0
6,10,1,90,0.77448,0.40831,48.12
6,10,1,91,0.77448,0.40581,46.81
6,10,1,92,0.77432,0.40193,54.62
6,10,1,93,0.77412,0.3975,87.71
6,10,1,94,0.77369,0.3919,61.94
6,10,1,95,0.77319,0.38619,67.49
6,10,1,96,0.77286,0.38165,66.09
6,10,1,97,0.77261,0.37689,75.57
6,10,1,98,0.77228,0.37358,42.35
6,10,1,99,0.77195,0.36915,43.6
6,10,1,100,0.77115,0.36278,51.35
6,10,1,101,0.7704,0.35757,47.45
6,10,1,102,0.77015,0.35385,36.17
6,10,1,103,0.76999,0.35093,48.73
6,10,1,104,0.76984,0.35003,35.78
6,10,1,105,0.76975,0.35024,44.91
6,10,1,106,0.76965,0.35033,40.84
6,10,1,107,0.76959,0.35032,38.07
6,10,1,108,0.76958,0.351,43.96
6,10,1,109,0.76965,0.35116,51.51
6,10,1,110,0.76968,0.35133,38.43
6,10,1,111,0.76967,0.35101,54.96
6,10,1,112,0.76961,0.35156,49.01
6,10,1,113,0.7698,0.35115,41.5
6,10,1,114,0.76996,0.35015,37.93
6,10,1,115,0.77037,0.35102,69.25
6,10,1,116,0.77057,0.35273,46.96
6,10,1,117,0.77071,0.35319,41.87
6,10,1,118,0.77083,0.35371,74.51
6,10,1,119,0.77094,0.35483,51.04
6,10,1,120,0.77078,0.35519,67.75
6,10,1,121,0.77059,0.35464,43.43
6,10,1,122,0.77042,0.35356,43.4
6,10,1,123,0.77035,0.35294,38.23
6,10,1,124,0.76995,0.35181,44.39
6,10,1,125,0.76964,0.35009,42.06
6,10,1,126,0.76952,0.34739,47.49
6,10,1,127,0.76931,0.34588,39.48
6,10,1,128,0.7694,0.34553,37.04
6,10,1,129,0.76957,0.34607,40.08
6,10,1,130,0.76973,0.34719,45.76
6,10,1,131,0.76994,0.34875,44.03
6,10,1,132,0.77003,0.34972,39.24
6,10,1,133,0.77015,0.35019,55.62
6,10,1,134,0.7702,0.34997,36.77
6,10,1,135,0.77026,0.35057,51.64
6,10,1,136,0.77004,0.35086,81.79
6,10,1,137,0.76971,0.35132,68.15
6,10,1,138,0.76937,0.35161,50.39
6,10,2,0,0.7686,0.3456,53.27
6,10,2,1,0.76856,0.34637,47.78
6,10,2,2,0.76879,0.34735,49.97
6,10,2,3,0.769,0.34905,43.76
6,10,2,4,0.76916,0.35046,41.38
6,10,2,5,0.76919,0.3528,39.16
6,10,2,6,0.76911,0.35484,58.52
6,10,2,7,0.76923,0.35753,43.76
6,10,2,8,0.76944,0.36028,38.27
6,10,2,9,0.76951,0.36325,52.06
6,10,2,10,0.76947,0.36622,42.63
6,10,2,11,0.7697,0.36895,49.36
6,10,2,12,0.76989,0.37323,49.54
6,10,2,13,0.76995,0.37748,47.13
6,10,2,14,0.77037,0.3797,61.94
6,10,2,15,0.77061,0.38046,72.54
6,10,2,16,0.77104,0.38261,43.11
6,10,2,17,0.77108,0.3861,50.53
6,10,2,18,0.7707,0.38812,55.11
6,10,2,19,0.7698,0.38968,40.29
6,10,2,20,0.76911,0.39059,37.56
6,10,2,21,0.76883,0.38751,63.73
6,10,2,22,0.76885,0.38105,46.69
6,10,2,23,0.7688,0.37199,41.08
6,10,2,24,0.76872,0.36472,38.5
6,10,2,25,0.76861,0.358,35.31
6,10,2,26,0.76857,0.35244,34.32
6,10,2,27,0.7683,0.34733,62.36
6,10,2,28,0.76794,0.34432,88.39
6,10,2,29,0.76764,0.34006,86.26
6,10,2,30,0.76741,0.33609,48.31
6,10,2,31,0.76727,0.33281,40.94
6,10,2,32,0.76717,0.331,45.15
6,10,2,33,0.76705,0.33054,40.53
6,10,2,34,0.7669,0.32961,46.09
6,10,2,35,0.76672,0.32913,45.18
6,10,2,36,0.76683,0.32953,48.4
6,10,2,37,0.76687,0.33002,48.69
6,10,2,38,0.7669,0.33018,50.57
6,10,2,39,0.76691,0.33088,34.3
6,10,2,40,0.76722,0.32973,34.47
6,10,2,41,0.7676,0.32757,46.26
6,10,2,42,0.76812,0.32666,40.89
6,10,2,43,0.76873,0.32621,35.72
6,10,2,44,0.769,0.32655,56.76
6,10,2,45,0.7693,0.32743,41.79
6,10,2,46,0.76968,0.32773,34.4
6,10,2,47,0.77003,0.32837,48.18
6,10,2,48,0.77002,0.32885,44.63
6,10,2,49,0.76983,0.32923,48.66
6,10,2,50,0.76963,0.32874,39.99
6,10,2,51,0.76939,0.32721,51.72
6,10,2,52,0.7695,0.3256,46.18
6,10,2,53,0.76982,0.3239,34.8
6,10,2,54,0.77009,0.32246,54.32
6,10,2,55,0.77027,0.32243,45.58
6,10,2,56,0.77038,0.32306,41.63
6,10,2,57,0.77044,0.32298,57.94
6,10,2,58,0.77046,0.32325,60.74
6,10,2,59,0.77043,0.32439,50.7
6,10,2,60,0.77014,0.32559,59.29
6,10,2,61,0.7701,0.32673,33.89
6,10,2,62,0.77018,0.3291,47.38
6,10,2,63,0.77037,0.33156,35.82
6,10,2,64,0.7703,0.33382,38.12
6,10,2,65,0.77009,0.33614,87.23
6,10,2,66,0.77015,0.33657,49.39
6,10,2,67,0.77043,0.33606,37.65
6,10,2,68,0.7705,0.3339,37.06
6,10,2,69,0.77043,0.33101,43.23
6,10,2,70,0.7702,0.32742,37.12
6,10,2,71,0.76989,0.32711,39.6
6,10,2,72,0.76982,0.32855,58.54
6,10,2,73,0.76994,0.3304,41.81
6,10,2,74,0.77014,0.33262,37.7
6,10,2,75,0.77037,0.33456,49.82
6,10,2,76,0.77063,0.33654,42.21
6,10,2,77,0.77085,0.33723,39.44
6,10,2,78,0.77104,0.33745,68.71
6,10,2,79,0.77088,0.33738,44.16
6,10,2,80,0.77052,0.33711,47.3
6,10,2,81,0.77051,0.33698,39.78
6,10,2,82,0.7703,0.3363,57.49
6,10,2,83,0.77003,0.33407,76.3
6,10,2,84,0.77009,0.33184,55.05
6,10,2,85,0.77026,0.33097,42.95
6,10,2,86,0.77018,0.33024,54.44
6,10,2,87,0.76993,0.32942,39.95
6,10,2,88,0.76995,0.33066,60.37
6,10,2,89,0.77014,0.33134,48.71
6,10,2,90,0.7701,0.33129,51.05
6,10,2,91,0.77001,0.33156,36.45
6,10,2,92,0.76989,0.33214,49.35
6,10,2,93,0.76979,0.33266,53.12
6,10,2,94,0.7694,0.33257,37.91
6,10,2,95,0.7692,0.33291,49.41
6,10,2,96,0.76876,0.33365,54.03
6,10,2,97,0.76856,0.3346,48.02
6,10,2,98,0.76848,0.33535,40.15
6,10,2,99,0.76842,0.33524,38.75
6,10,2,100,0.76841,0.33494,40.49
6,10,2,101,0.76875,0.33428,41.95
6,10,2,102,0.76893,0.33351,38.52
6,10,2,103,0.76906,0.33188,87.27
6,10,2,104,0.76919,0.33049,46.51
6,10,2,105,0.76901,0.32966,39.06
6,10,2,106,0.76877,0.32946,61.18
6,10,2,107,0.76852,0.33056,52.37
6,10,2,108,0.76787,0.33246,49.34
6,10,2,109,0.76742,0.33387,39.59
6,10,2,110,0.76695,0.33518,38.89
6,10,2,111,0.76628,0.33837,44.28
6,10,2,112,0.76598,0.33977,51.64
6,10,2,113,0.76585,0.34048,47.12
6,10,3,0,0.76519,0.35237,48.5
6,10,3,1,0.76507,0.35209,44.13
6,10,3,2,0.76531,0.35102,50.71
6,10,3,3,0.7654,0.34963,44.71
6,10,3,4,0.76538,0.3485,51.81
6,10,3,5,0.76527,0.34818,82.34
6,10,3,6,0.76543,0.34811,56.68
6,10,3,7,0.76587,0.34664,52.35
6,10,3,8,0.76599,0.34698,54.07
6,10,3,9,0.76596,0.34611,52.31
6,10,3,10,0.76591,0.34558,40.58
6,10,3,11,0.76585,0.34567,37.83
6,10,3,12,0.76585,0.34521,42.08
6,10,3,13,0.76586,0.34555,44.64
6,10,3,14,0.76581,0.34617,39.18
6,10,3,15,0.76567,0.348,41.11
6,10,3,16,0.76549,0.34952,37.51
6,10,3,17,0.76538,0.35049,45.76
6,10,3,18,0.76525,0.35119,53.43
6,10,3,19,0.76521,0.35046,84.2
6,10,3,20,0.76515,0.35045,76.96
6,10,3,21,0.76516,0.34941,37.68
6,10,3,22,0.76516,0.35004,40.89
6,10,3,23,0.76513,0.35055,84.41
6,10,3,24,0.76513,0.35152,49.84
6,10,3,25,0.7651,0.35305,37.31
6,10,3,26,0.76554,0.35323,41.56
6,10,3,27,0.76574,0.35234,42.38
6,10,3,28,0.76578,0.35102,41.55
6,10,3,29,0.7657,0.35079,54.42
6,10,3,30,0.76553,0.34949,65.87
6,10,3,31,0.76536,0.34972,69.05
6,10,3,32,0.76558,0.34746,92.42
6,10,3,33,0.76564,0.34566,47.38
6,10,3,34,0.76597,0.34337,45.35
6,10,3,35,0.7663,0.341,36.23
6,10,3,36,0.76629,0.3399,40.37
6,10,3,37,0.76644,0.33767,43.27
6,10,3,38,0.76674,0.33609,68.58
6,10,3,39,0.7667,0.33502,40.21
6,10,3,40,0.76681,0.33386,63.66
6,10,3,41,0.76664,0.33464,40.91
6,10,3,42,0.76638,0.33546,58.76
6,10,3,43,0.76647,0.33506,50.92
6,10,3,44,0.76671,0.33475,47.19
6,10,3,45,0.76667,0.33536,40.98
6,10,3,46,0.76645,0.3376,62.34
6,10,3,47,0.76616,0.33971,42.47
6,10,3,48,0.7659,0.34118,38.75
6,10,3,49,0.76566,0.34262,66.53
6,10,3,50,0.7658,0.34311,45.24
6,10,3,51,0.76576,0.34416,53.59
6,10,3,52,0.76564,0.34504,59.39
6,10,3,53,0.76578,0.34456,35.65
6,10,3,54,0.76577,0.34163,43.6
6,10,3,55,0.76602,0.33885,46.18
6,10,3,56,0.76599,0.33722,38.09
6,10,3,57,0.7662,0.33595,84.08
6,10,3,58,0.76641,0.33409,84.2
6,10,3,59,0.76673,0.3318,55.72
6,10,3,60,0.76667,0.32972,39.8
6,10,3,61,0.76642,0.32991,34.79
6,10,3,62,0.76614,0.33119,33.52
6,10,3,63,0.76585,0.33269,49.41
6,10,3,64,0.76556,0.33391,37.37
6,10,3,65,0.76535,0.33466,36.95
6,10,3,66,0.76513,0.33729,49.49
6,10,3,67,0.76455,0.34247,39.13
6,10,3,68,0.76402,0.34623,45.89
6,10,3,69,0.7639,0.34699,40.02
6,10,3,70,0.76402,0.34765,39.98
6,10,3,71,0.76435,0.34719,80.17
6,10,3,72,0.76464,0.34604,46.51
6,10,3,73,0.76459,0.34719,46.7
6,10,3,74,0.76434,0.34911,47.48
6,10,3,75,0.76395,0.35175,40.38
6,10,3,76,0.76361,0.35312,36.02
6,10,3,77,0.7633,0.35396,88.11
6,10,3,78,0.76304,0.35451,84.15
6,10,3,79,0.76271,0.35624,64.63
6,10,3,80,0.76248,0.35808,46.02
6,10,3,81,0.7623,0.35953,47.33
6,10,3,82,0.76212,0.3601,44.12
6,10,3,83,0.762,0.36049,36.34
6,10,3,84,0.76192,0.36073,42.61
6,10,3,85,0.76184,0.36196,45.97
6,10,3,86,0.76179,0.36214,37.07
6,10,3,87,0.7622,0.35959,40.14
6,10,3,88,0.76211,0.3592,34.98
6,10,3,89,0.76214,0.36078,58.86
6,10,3,90,0.76227,0.36417,44.69
6,10,3,91,0.76237,0.36564,70.91
6,10,3,92,0.76273,0.36506,42.52
6,10,3,93,0.76321,0.36345,61.12
6,10,3,94,0.76338,0.3615,79.84
6,10,3,95,0.76372,0.35992,71.28
6,10,3,96,0.76375,0.36009,38.63
6,10,3,97,0.76356,0.35953,37.89
6,10,3,98,0.76334,0.35893,58.31
6,10,3,99,0.76308,0.3597,38.29
6,10,3,100,0.76296,0.35925,36.01
6,10,3,101,0.76294,0.36004,48.04
6,10,3,102,0.763,0.36156,48.71
6,10,3,103,0.76315,0.36044,34.69
6,10,3,104,0.76294,0.35903,82.19
6,10,3,105,0.76258,0.35738,47.31
6,10,3,106,0.76252,0.35602,38.38
6,10,3,107,0.76227,0.35482,48.21
6,10,3,108,0.76228,0.35311,40.35
6,10,3,109,0.76244,0.3518,68.88
6,10,3,110,0.76264,0.35104,35.95
6,10,3,111,0.76252,0.3502,46.26
6,10,3,112,0.76258,0.35028,42.48
6,10,3,113,0.7623,0.35155,47.1
6,10,3,114,0.76214,0.35364,43.29
6,10,3,115,0.7624,0.35524,44.66
6,10,3,116,0.7628,0.35557,46.17
6,10,3,117,0.76286,0.35652,50.01
6,10,3,118,0.76311,0.35759,48.62
6,10,3,119,0.7636,0.35744,39.91
6,10,3,120,0.76391,0.35686,37.21
6,10,3,121,0.76418,0.35692,66.57
6,10,3,122,0.76445,0.35691,52.73
6,10,3,123,0.76481,0.35502,39.7
6,10,3,124,0.76475,0.35407,36.65
6,10,3,125,0.76485,0.35226,54.97
6,10,3,126,0.76467,0.35161,76.58
6,10,3,127,0.76437,0.352,41.38
6,10,3,128,0.764,0.35298,62.92
6,10,3,129,0.76402,0.35154,48.33
6,10,3,130,0.76387,0.35022,42.52
6,10,3,131,0.7636,0.3491,44.51
6,10,3,132,0.76366,0.34849,40.1
6,10,3,133,0.76355,0.34826,70.2
6,10,3,134,0.76362,0.34716,53.06
6,10,3,135,0.76376,0.34561,75.13
6,10,3,136,0.76388,0.34518,38.31
6,10,3,137,0.76401,0.3447,54.17
6,10,3,138,0.76422,0.34372,41.45
6,10,3,139,0.7644,0.34379,46.53
6,10,3,140,0.76462,0.34299,42.5
6,10,3,141,0.76475,0.34267,36.35
6,10,3,142,0.76486,0.34267,58.21
6,10,3,143,0.76495,0.342,40.0
6,10,3,144,0.76497,0.34119,37.12
6,10,3,145,0.76496,0.34051,45.42
6,10,3,146,0.76491,0.33968,40.6
6,10,3,147,0.76487,0.33979,53.85
6,10,3,148,0.76489,0.34047,52.41
6,10,3,149,0.76499,0.34098,38.12
6,10,4,0,0.76111,0.34879,62.49
6,10,4,1,0.76173,0.34573,56.19
6,10,4,2,0.76268,0.34345,62.23
6,10,4,3,0.76341,0.34266,84.96
6,10,4,4,0.76411,0.34283,48.52
6,10,4,5,0.76477,0.34318,53.04
6,10,4,6,0.76499,0.34339,46.81
6,10,4,7,0.76464,0.3438,51.72
6,10,4,8,0.76412,0.34341,44.57
6,10,4,9,0.76323,0.3425,40.07
6,10,4,10,0.76214,0.34279,53.7
6,10,4,11,0.76133,0.34312,48.02
6,10,4,12,0.76027,0.34334,37.13
6,10,4,13,0.75971,0.34404,57.21
6,10,4,14,0.7593,0.3446,52.37
6,10,4,15,0.75925,0.3437,36.91
6,10,4,16,0.75942,0.34261,36.46
6,10,4,17,0.75955,0.34346,57.37
6,10,4,18,0.75969,0.34396,64.92
6,10,4,19,0.76009,0.34397,41.64
6,10,4,20,0.76042,0.34408,37.52
6,10,4,21,0.76065,0.3442,62.76
6,10,4,22,0.76054,0.3443,48.15
6,10,4,23,0.76056,0.34442,38.27
6,10,4,24,0.76036,0.34489,39.89
6,10,4,25,0.76005,0.34568,41.17
6,10,4,26,0.75971,0.347,39.64
6,10,4,27,0.75967,0.34657,43.95
6,10,4,28,0.75973,0.34541,37.17
6,10,4,29,0.76011,0.34543,35.52
6,10,4,30,0.76069,0.34604,40.89
6,10,4,31,0.76115,0.34613,35.13
6,10,4,32,0.76159,0.34616,47.51
6,10,4,33,0.76201,0.34629,44.65
6,10,4,34,0.76234,0.34736,42.51
6,10,4,35,0.7627,0.35114,51.26
6,10,4,36,0.76263,0.35234,43.52
6,10,4,37,0.76239,0.35268,39.76
6,10,4,38,0.76187,0.35171,38.25
6,10,4,39,0.76148,0.34985,45.3
6,10,4,40,0.76132,0.34869,51.52
6,10,4,41,0.76127,0.3478,38.46
6,10,4,42,0.76151,0.34814,45.67
6,10,4,43,0.76187,0.34921,56.82
6,10,4,44,0.76223,0.34993,34.54
6,10,4,45,0.76251,0.34971,47.21
6,10,4,46,0.76275,0.34973,83.49
6,10,4,47,0.76289,0.35064,47.94
6,10,4,48,0.7633,0.3507,50.76
6,10,4,49,0.76379,0.34885,69.04
6,10,4,50,0.76408,0.34728,84.23
6,10,4,51,0.76454,0.34517,43.89
6,10,4,52,0.76469,0.34461,41.96
6,10,4,53,0.76462,0.34391,42.5
6,10,4,54,0.76437,0.34394,57.87
6,10,4,55,0.76409,0.34464,36.96
6,10,4,56,0.76377,0.34609,86.77
6,10,4,57,0.76379,0.34662,47.48
6,10,4,58,0.76434,0.34567,35.2
6,10,4,59,0.76475,0.3447,109.67
6,10,4,60,0.76507,0.34387,92.98
6,10,4,61,0.76535,0.34314,66.09
6,10,4,62,0.76558,0.34176,79.99
6,10,4,63,0.76576,0.34046,109.32
6,10,4,64,0.76595,0.3389,104.82
6,10,4,65,0.76607,0.33823,72.66
6,10,4,66,0.76615,0.33785,71.9
6,10,4,67,0.76621,0.33781,63.32
6,10,4,68,0.76626,0.33797,63.43
6,10,4,69,0.76631,0.33936,71.35
6,10,4,70,0.76635,0.34059,58.51
6,10,4,71,0.76642,0.34212,36.83
6,10,4,72,0.76649,0.34474,39.8
6,10,4,73,0.76652,0.34592,48.61
6,10,4,74,0.76651,0.34593,50.22
6,10,4,75,0.76646,0.34519,39.42
6,10,4,76,0.7664,0.34489,41.9
6,10,4,77,0.76632,0.34484,53.03
6,10,4,78,0.76627,0.34414,60.27
6,10,4,79,0.76627,0.34324,69.71
6,10,4,80,0.7663,0.34288,66.87
6,10,4,81,0.76609,0.34455,38.7
6,10,4,82,0.76578,0.34734,47.89
6,10,4,83,0.76481,0.34705,41.43
6,10,4,84,0.76386,0.34708,38.83
6,10,4,85,0.76259,0.34737,62.54
6,10,4,86,0.76161,0.3478,40.79
6,10,4,87,0.7611,0.3474,45.77
6,10,4,88,0.76069,0.34659,58.37
6,10,4,89,0.76035,0.34558,47.81
6,10,4,90,0.76032,0.34431,38.71
6,10,4,91,0.76041,0.34438,47.32
6,10,4,92,0.76052,0.34503,40.12
6,10,4,93,0.76089,0.34458,45.09
6,10,4,94,0.76151,0.34303,36.5
6,10,4,95,0.76179,0.34288,47.37
6,10,4,96,0.7619,0.34277,38.39
6,10,4,97,0.76189,0.34215,51.18
6,10,4,98,0.76188,0.3414,55.38
6,10,4,99,0.76187,0.33919,43.94
6,10,4,100,0.76187,0.33855,39.58
6,10,4,101,0.76186,0.33794,37.56
6,10,4,102,0.7618,0.33707,34.61
6,10,4,103,0.76206,0.33704,40.46
6,10,4,104,0.76246,0.33782,36.25
6,10,4,105,0.76253,0.33906,51.13
6,10,4,106,0.76275,0.33956,38.39
6,10,4,107,0.76278,0.33925,55.05
6,10,4,108,0.76272,0.33916,45.64
6,10,4,109,0.76258,0.33965,52.07
6,10,4,110,0.76242,0.34047,46.69
6,10,4,111,0.76228,0.33947,51.26
6,10,4,112,0.76185,0.33848,45.44
6,10,4,113,0.76166,0.3375,47.6
6,10,4,114,0.76162,0.3375,53.07
6,10,4,115,0.76169,0.3375,47.81
6,10,4,116,0.76136,0.33886,40.43
6,10,4,117,0.76089,0.34069,49.7
6,10,4,118,0.76062,0.34132,42.52
6,10,4,119,0.76046,0.34091,36.36
6,10,4,120,0.76033,0.34099,105.46
6,10,4,121,0.76063,0.33945,71.82
6,10,4,122,0.7607,0.33929,41.99
6,10,4,123,0.76107,0.33866,50.02
6,10,4,124,0.76126,0.33841,39.11
6,10,4,125,0.76125,0.33954,36.13
6,10,4,126,0.7612,0.34006,40.1
6,10,4,127,0.7612,0.33953,37.03
6,10,4,128,0.76123,0.33922,36.18
6,10,4,129,0.76127,0.33851,79.3
6,10,4,130,0.76135,0.33798,70.22
6,10,4,131,0.76145,0.33804,39.02
6,10,4,132,0.76153,0.33792,52.21
6,10,4,133,0.76198,0.33762,43.48
6,10,4,134,0.76238,0.33846,39.3
6,10,4,135,0.76307,0.3383,62.1
6,10,4,136,0.7641,0.33863,36.25
6,10,4,137,0.76476,0.33896,46.35
6,10,4,138,0.76549,0.33771,40.5
6,10,4,139,0.76608,0.33711,38.4
6,10,4,140,0.76632,0.33451,37.18
6,10,4,141,0.76616,0.33477,39.66
6,10,4,142,0.76547,0.33663,36.81
6,10,4,143,0.76473,0.33695,65.65
6,10,4,144,0.764,0.33652,40.48
6,10,4,145,0.76312,0.33716,50.04
6,10,4,146,0.76254,0.33836,37.47
6,10,4,147,0.7625,0.33841,45.96
6,10,4,148,0.76266,0.33906,73.83
6,10,4,149,0.76292,0.34009,45.92
6,10,4,150,0.76311,0.34103,35.23
6,10,4,151,0.76349,0.34083,37.89
6,10,4,152,0.76404,0.34002,38.03
6,10,4,153,0.76446,0.33927,39.9
6,10,4,154,0.76452,0.33927,60.02
6,10,4,155,0.76517,0.34,42.31
6,10,5,0,0.76523,0.34639,44.27
6,10,5,1,0.7652,0.34555,49.06
6,10,5,2,0.76521,0.34471,39.77
6,10,5,3,0.76471,0.34476,81.08
6,10,5,4,0.76435,0.34361,53.61
6,10,5,5,0.76387,0.34003,38.17
6,10,5,6,0.76339,0.33722,40.18
6,10,5,7,0.76306,0.33575,36.96
6,10,5,8,0.76303,0.33462,32.5
6,10,5,9,0.76314,0.33389,54.65
6,10,5,10,0.76295,0.33458,43.9
6,10,5,11,0.76334,0.33483,42.59
6,10,5,12,0.7636,0.33655,53.21
6,10,5,13,0.76416,0.33686,42.83
6,10,5,14,0.76482,0.33726,46.68
6,10,5,15,0.7651,0.3374,39.84
6,10,5,16,0.76549,0.33732,37.45
6,10,5,17,0.76559,0.33752,34.53
6,10,5,18,0.76596,0.33611,41.19
6,10,5,19,0.76602,0.3366,38.31
6,10,5,20,0.76591,0.33755,53.38
6,10,5,21,0.76572,0.33903,40.03
6,10,5,22,0.76527,0.33913,39.7
6,10,5,23,0.76497,0.33792,46.85
6,10,5,24,0.76479,0.33701,43.62
6,10,5,25,0.76464,0.33804,36.32
6,10,5,26,0.76454,0.33825,92.38
6,10,5,27,0.76445,0.33948,57.02
6,10,5,28,0.7644,0.34141,57.79
6,10,5,29,0.76471,0.34212,145.21
6,10,5,30,0.76492,0.34331,94.5
6,10,5,31,0.76497,0.34387,52.1
6,10,5,32,0.76491,0.3441,60.87
6,10,5,33,0.76522,0.34284,43.87
6,10,5,34,0.76566,0.34077,37.47
6,10,5,35,0.76607,0.33984,42.82
6,10,5,36,0.7661,0.3399,41.68
6,10,5,37,0.76622,0.33987,91.58
6,10,5,38,0.76671,0.33792,54.1
6,10,5,39,0.76707,0.33716,91.0
6,10,5,40,0.76718,0.33678,67.03
6,10,5,41,0.76733,0.33628,53.12
6,10,5,42,0.76745,0.33575,66.52
6,10,5,43,0.76757,0.33531,57.32
6,10,5,44,0.76734,0.33633,58.78
6,10,5,45,0.76736,0.33586,71.71
6,10,5,46,0.76717,0.33591,51.64
6,10,5,47,0.7669,0.33532,53.4
6,10,5,48,0.76663,0.33443,42.43
6,10,5,49,0.76667,0.3334,82.76
6,10,5,50,0.76681,0.33342,54.4
6,10,5,51,0.76702,0.33363,63.48
6,10,5,52,0.76716,0.33411,47.37
6,10,5,53,0.76716,0.33444,94.52
6,10,5,54,0.76751,0.33277,54.75
6,10,5,55,0.76762,0.33325,53.18
6,10,5,56,0.76799,0.33416,33.29
6,10,5,57,0.7684,0.33449,35.54
6,10,5,58,0.76885,0.33528,73.33
6,10,5,59,0.76884,0.33603,41.52
6,10,5,60,0.76899,0.33684,43.97
6,10,5,61,0.76916,0.33609,47.54
6,10,5,62,0.76935,0.3339,71.41
6,10,5,63,0.76946,0.33154,48.45
6,10,5,64,0.76959,0.3292,40.63
6,10,5,65,0.76936,0.33069,46.06
6,10,5,66,0.76929,0.33042,57.83
6,10,5,67,0.76926,0.33012,40.01
6,10,5,68,0.76924,0.33006,47.63
6,10,5,69,0.76923,0.32987,78.14
6,10,5,70,0.76921,0.32854,40.17
6,10,5,71,0.7692,0.32796,38.82
6,10,5,72,0.76919,0.32693,46.34
6,10,5,73,0.76924,0.32576,39.97
6,10,5,74,0.76936,0.32711,37.41
6,10,5,75,0.76921,0.32977,52.77
6,10,5,76,0.76887,0.33291,39.57
6,10,5,77,0.76857,0.33478,51.38
6,10,5,78,0.76829,0.33663,92.29
6,10,5,79,0.76834,0.33682,58.81
6,10,5,80,0.76823,0.33631,34.07
6,10,5,81,0.7685,0.33383,67.38
6,10,5,82,0.76857,0.33363,39.68
6,10,5,83,0.76825,0.33553,50.89
6,10,5,84,0.768,0.3369,38.82
6,10,5,85,0.76781,0.33727,38.45
6,10,5,86,0.76765,0.33813,54.11
6,10,5,87,0.76749,0.33902,48.93
6,10,5,88,0.76772,0.33825,83.78
6,10,5,89,0.76775,0.33818,49.99
6,10,5,90,0.76801,0.33691,94.91
6,10,5,91,0.76805,0.33666,53.95
6,10,5,92,0.76793,0.33838,42.33
6,10,5,93,0.76776,0.33979,49.43
6,10,5,94,0.76758,0.34334,79.66
6,10,5,95,0.76719,0.3464,87.09
6,10,5,96,0.76695,0.34594,74.11
6,10,5,97,0.7669,0.34607,62.49
6,10,5,98,0.76696,0.34387,54.39
6,10,5,99,0.76707,0.34315,41.38
6,10,5,100,0.76714,0.34151,41.27
6,10,5,101,0.76715,0.34041,52.56
6,10,5,102,0.76711,0.33971,53.24
6,10,5,103,0.76706,0.3388,44.18
6,10,5,104,0.767,0.33765,55.18
6,10,5,105,0.767,0.33602,37.11
6,10,5,106,0.76707,0.33492,44.59
6,10,5,107,0.76717,0.3343,47.35
6,10,5,108,0.7673,0.33404,52.23
6,10,5,109,0.7671,0.33499,37.38
6,10,5,110,0.76681,0.33658,40.31
6,10,5,111,0.76648,0.33726,60.42
7,10,1,0,0.13872,0.69437,74.38
7,10,1,1,0.13708,0.70257,74.77
7,10,1,2,0.13603,0.70584,56.03
7,10,1,3,0.13586,0.70219,41.22
7,10,1,4,0.13567,0.69824,39.27
7,10,1,5,0.13478,0.69085,80.58
7,10,1,6,0.13389,0.68236,49.53
7,10,1,7,0.1331,0.67456,37.95
7,10,1,8,0.13248,0.66955,46.78
7,10,1,9,0.132,0.66474,38.44
7,10,1,10,0.13209,0.66233,36.8
7,10,1,11,0.1322,0.65966,42.38
7,10,1,12,0.13218,0.65565,39.5
7,10,1,13,0.13251,0.65439,44.07
7,10,1,14,0.13316,0.65646,46.35
7,10,1,15,0.13361,0.65759,44.63
7,10,1,16,0.1341,0.65797,42.34
7,10,1,17,0.13445,0.65858,37.39
7,10,1,18,0.13502,0.6535,47.7
7,10,1,19,0.13746,0.6533,36.99
7,10,1,20,0.13994,0.65529,64.23
7,10,1,21,0.14273,0.65748,48.21
7,10,1,22,0.14572,0.66539,41.46
7,10,1,23,0.14821,0.67589,38.54
7,10,1,24,0.15035,0.68684,63.04
7,10,1,25,0.15198,0.69447,83.92
7,10,1,26,0.15357,0.70052,44.61
7,10,1,27,0.15541,0.70227,36.36
7,10,1,28,0.15675,0.70137,37.46
7,10,1,29,0.15785,0.69934,75.93
7,10,1,30,0.15812,0.6951,51.85
7,10,1,31,0.15842,0.6906,40.57
7,10,1,32,0.15889,0.68584,45.28
7,10,1,33,0.1591,0.68431,39.7
7,10,1,34,0.15974,0.68382,51.6
7,10,1,35,0.16096,0.68446,30.92
7,10,1,36,0.16241,0.68688,39.2
7,10,1,37,0.16431,0.6893,44.72
7,10,1,38,0.16607,0.68931,40.96
7,10,1,39,0.16769,0.68884,40.22
7,10,1,40,0.16911,0.68757,44.59
7,10,1,41,0.17001,0.68579,52.05
7,10,1,42,0.17037,0.68446,36.81
7,10,1,43,0.17081,0.68348,47.29
7,10,1,44,0.17115,0.68188,46.84
7,10,1,45,0.17161,0.68062,33.84
7,10,1,46,0.17212,0.67902,36.35
7,10,1,47,0.17251,0.67706,41.58
7,10,1,48,0.1728,0.67454,40.46
7,10,1,49,0.17294,0.67252,38.02
7,10,1,50,0.17311,0.67176,64.77
7,10,1,51,0.17316,0.67039,76.71
7,10,1,52,0.17356,0.67028,50.35
7,10,1,53,0.17379,0.67036,59.36
7,10,1,54,0.17431,0.67102,45.27
7,10,1,55,0.17445,0.67044,47.78
7,10,1,56,0.17456,0.67039,41.53
7,10,1,57,0.17467,0.67071,48.57
7,10,1,58,0.17485,0.6718,39.36
7,10,1,59,0.17487,0.67124,43.08
7,10,1,60,0.17482,0.67005,41.46
7,10,1,61,0.17476,0.66873,38.57
7,10,1,62,0.17472,0.66784,36.28
7,10,1,63,0.17439,0.66742,40.97
7,10,1,64,0.174,0.66657,44.29
7,10,1,65,0.17375,0.66767,50.95
7,10,1,66,0.17324,0.66885,37.44
7,10,1,67,0.17277,0.66983,49.54
7,10,1,68,0.17175,0.66967,39.24
7,10,1,69,0.17096,0.66843,40.72
7,10,1,70,0.17047,0.6677,50.55
7,10,1,71,0.17011,0.66768,38.75
7,10,1,72,0.16993,0.66809,45.9
7,10,1,73,0.16987,0.66874,50.4
7,10,1,74,0.16981,0.66935,37.99
7,10,1,75,0.1698,0.66998,45.61
7,10,1,76,0.16987,0.6718,44.44
7,10,1,77,0.16995,0.67377,42.4
7,10,1,78,0.17031,0.67559,39.57
7,10,1,79,0.17048,0.67714,37.2
7,10,1,80,0.17062,0.67888,46.56
7,10,1,81,0.17119,0.68169,36.36
7,10,1,82,0.17147,0.68419,36.68
7,10,1,83,0.17155,0.68613,40.35
7,10,1,84,0.17169,0.68584,37.62
7,10,1,85,0.1719,0.68514,46.03
7,10,1,86,0.17211,0.6837,43.39
7,10,1,87,0.17222,0.68229,43.95
7,10,1,88,0.17224,0.68013,41.5
7,10,1,89,0.17219,0.67849,39.94
7,10,1,90,0.17202,0.67614,63.22
7,10,1,91,0.17181,0.67371,42.79
7,10,1,92,0.17152,0.67069,44.84
7,10,1,93,0.17135,0.66886,35.04
7,10,1,94,0.17154,0.66783,61.07
7,10,1,95,0.1719,0.66712,46.84
7,10,1,96,0.1721,0.66714,38.77
7,10,1,97,0.17224,0.66828,48.86
7,10,1,98,0.17246,0.67001,37.91
7,10,1,99,0.17243,0.67128,36.73
7,10,1,100,0.17222,0.67122,50.29
7,10,1,101,0.17215,0.67167,73.37
7,10,1,102,0.17189,0.67052,42.78
7,10,1,103,0.17167,0.66971,73.03
7,10,1,104,0.17161,0.6685,80.47
7,10,1,105,0.17191,0.66739,43.27
7,10,1,106,0.17261,0.6664,37.35
7,10,1,107,0.17339,0.66542,41.67
7,10,1,108,0.17457,0.66543,41.3
7,10,1,109,0.17573,0.66569,52.6
7,10,1,110,0.17651,0.66588,49.36
7,10,1,111,0.17759,0.66744,34.82
7,10,1,112,0.17824,0.66776,37.49
7,10,1,113,0.17892,0.66745,44.47
7,10,1,114,0.17961,0.66622,39.81
7,10,1,115,0.17983,0.66544,35.76
7,10,1,116,0.17997,0.66486,46.42
7,10,1,117,0.17991,0.66483,42.9
7,10,1,118,0.17974,0.66476,66.78
7,10,1,119,0.17924,0.66417,37.8
7,10,1,120,0.17857,0.66329,68.81
7,10,1,121,0.17823,0.66302,68.65
7,10,1,122,0.17814,0.66314,40.33
7,10,1,123,0.17795,0.66258,36.53
7,10,1,124,0.17816,0.66313,46.44
7,10,1,125,0.1785,0.66395,45.52
7,10,1,126,0.179,0.66387,47.11
7,10,1,127,0.17945,0.66323,43.27
7,10,1,128,0.18013,0.66336,40.36
7,10,1,129,0.18095,0.66391,39.88
7,10,1,130,0.18144,0.66328,86.73
7,10,1,131,0.18178,0.66262,45.66
7,10,1,132,0.1823,0.66316,35.44
7,10,1,133,0.18231,0.66364,58.7
7,10,1,134,0.18215,0.66409,37.26
7,10,1,135,0.18186,0.66382,69.27
7,10,1,136,0.18163,0.66349,83.82
7,10,1,137,0.18144,0.66322,39.19
7,10,1,138,0.18124,0.66254,51.62
7,10,1,139,0.18099,0.66166,36.15
7,10,1,140,0.18075,0.66089,51.61
7,10,1,141,0.18055,0.6604,49.93
7,10,1,142,0.18025,0.65908,41.12
7,10,1,143,0.18013,0.65885,43.25
7,10,1,144,0.18002,0.65857,58.68
7,10,1,145,0.18014,0.65946,46.48
7,10,1,146,0.17993,0.66041,41.52
7,10,1,147,0.17939,0.6604,42.0
7,10,1,148,0.17918,0.66028,60.69
7,10,1,149,0.17887,0.66072,82.42
7,10,1,150,0.17864,0.66203,54.08
7,10,1,151,0.1784,0.66357,39.17
7,10,1,152,0.17824,0.66474,53.03
7,10,1,153,0.17788,0.66433,46.89
7,10,1,154,0.17766,0.66283,38.24
7,10,1,155,0.17759,0.66194,38.39
7,10,1,156,0.17756,0.66126,52.57
7,10,1,157,0.17755,0.66038,36.78
7,10,1,158,0.17688,0.65877,37.85
7,10,1,159,0.17639,0.65782,62.25
7,10,1,160,0.17595,0.6567,51.11
7,10,1,161,0.17511,0.65589,40.24
7,10,1,162,0.17478,0.65568,53.6
7,10,1,163,0.17468,0.65655,47.56
7,10,1,164,0.17469,0.65767,30.54
7,10,1,165,0.1744,0.65806,38.11
7,10,1,166,0.17343,0.65627,67.06
7,10,1,167,0.17272,0.65485,44.97
7,10,1,168,0.17184,0.65507,42.43
7,10,1,169,0.17057,0.65392,52.84
7,10,1,170,0.1693,0.65426,38.52
7,10,1,171,0.16805,0.65417,37.58
7,10,1,172,0.16709,0.65531,45.45
7,10,2,0,0.16525,0.66327,70.05
7,10,2,1,0.16503,0.6647,39.0
7,10,2,2,0.16511,0.66576,38.02
7,10,2,3,0.16524,0.66589,73.12
7,10,2,4,0.16535,0.66546,55.1
7,10,2,5,0.16577,0.66443,40.17
7,10,2,6,0.16593,0.66377,39.7
7,10,2,7,0.16583,0.66143,44.84
7,10,2,8,0.16608,0.66016,83.34
7,10,2,9,0.16608,0.65882,58.85
7,10,2,10,0.16621,0.65692,91.45
7,10,2,11,0.16673,0.65687,48.65
7,10,2,12,0.16692,0.65771,44.36
7,10,2,13,0.16714,0.65728,50.99
7,10,2,14,0.16711,0.65703,37.62
7,10,2,15,0.16719,0.65608,40.58
7,10,2,16,0.16703,0.6552,43.11
7,10,2,17,0.16726,0.6567,50.36
7,10,2,18,0.16774,0.65981,39.04
7,10,2,19,0.16809,0.66155,56.8
7,10,2,20,0.16832,0.66197,36.94
7,10,2,21,0.16851,0.66161,49.32
7,10,2,22,0.1688,0.6625,59.83
7,10,2,23,0.16903,0.66365,43.66
7,10,2,24,0.16913,0.66338,38.41
7,10,2,25,0.16925,0.66373,39.98
7,10,2,26,0.16939,0.66427,51.67
7,10,2,27,0.16943,0.66494,42.16
7,10,2,28,0.1697,0.6656,36.14
7,10,2,29,0.17002,0.66619,48.34
7,10,2,30,0.17022,0.66548,64.3
7,10,2,31,0.17093,0.66605,40.17
7,10,2,32,0.1715,0.66595,49.88
7,10,2,33,0.17232,0.66609,37.87
7,10,2,34,0.17293,0.6659,37.97
7,10,2,35,0.17364,0.66592,45.5
7,10,2,36,0.17417,0.66698,35.55
7,10,2,37,0.17448,0.66755,35.04
7,10,2,38,0.17474,0.66828,55.16
7,10,2,39,0.17513,0.66944,36.67
7,10,2,40,0.17494,0.66862,37.18
7,10,2,41,0.17476,0.66608,78.74
7,10,2,42,0.1746,0.66521,43.7
7,10,2,43,0.17401,0.6639,47.12
7,10,2,44,0.1734,0.66174,55.38
7,10,2,45,0.173,0.66015,50.7
7,10,2,46,0.17293,0.65865,39.52
7,10,2,47,0.17277,0.6569,49.47
7,10,2,48,0.17254,0.65487,40.71
7,10,2,49,0.17238,0.6537,37.25
7,10,2,50,0.17223,0.65302,46.27
7,10,2,51,0.17248,0.65321,69.84
7,10,2,52,0.17285,0.65401,73.37
7,10,2,53,0.17327,0.65518,66.29
7,10,2,54,0.17364,0.65614,97.39
7,10,2,55,0.17398,0.65773,71.77
7,10,2,56,0.1745,0.65883,43.91
7,10,2,57,0.17481,0.65986,46.89
7,10,2,58,0.17537,0.66104,44.7
7,10,2,59,0.17508,0.6601,57.49
7,10,2,60,0.17486,0.6599,45.8
7,10,2,61,0.17459,0.65929,38.02
7,10,2,62,0.17425,0.65985,61.59
7,10,2,63,0.174,0.66102,40.27
7,10,2,64,0.17354,0.66001,37.54
7,10,2,65,0.17308,0.65679,42.88
7,10,2,66,0.17248,0.65362,51.5
7,10,2,67,0.17144,0.64969,41.75
7,10,2,68,0.1704,0.64623,62.77
7,10,2,69,0.16936,0.64312,64.38
7,10,2,70,0.16883,0.64014,48.57
7,10,2,71,0.16876,0.63542,55.7
7,10,2,72,0.16939,0.63341,39.99
7,10,2,73,0.17027,0.63273,50.31
7,10,2,74,0.17176,0.63514,37.74
7,10,2,75,0.17258,0.6364,31.87
7,10,2,76,0.17297,0.63643,44.42
7,10,2,77,0.17307,0.63643,65.84
7,10,2,78,0.17336,0.63631,76.09
7,10,2,79,0.17369,0.6365,43.01
7,10,2,80,0.17449,0.63876,38.28
7,10,2,81,0.17639,0.64275,31.95
7,10,2,82,0.17824,0.6466,38.15
7,10,2,83,0.17959,0.64953,42.23
7,10,2,84,0.18078,0.65265,48.29
7,10,2,85,0.18142,0.65568,52.13
7,10,2,86,0.18151,0.65635,57.02
7,10,2,87,0.18146,0.65622,47.9
7,10,2,88,0.18139,0.6568,43.01
7,10,2,89,0.18162,0.65745,38.11
7,10,2,90,0.182,0.65838,53.58
7,10,2,91,0.18211,0.65854,45.56
7,10,2,92,0.18218,0.65886,40.44
7,10,2,93,0.18218,0.65857,39.53
7,10,2,94,0.1821,0.65782,47.52
7,10,2,95,0.18195,0.65669,42.79
7,10,2,96,0.18178,0.65546,39.27
7,10,2,97,0.18158,0.65396,37.2
7,10,2,98,0.18148,0.65362,46.95
7,10,2,99,0.1817,0.65354,38.64
7,10,2,100,0.1821,0.65447,43.23
7,10,2,101,0.18247,0.65541,47.57
7,10,2,102,0.18283,0.65641,44.02
7,10,2,103,0.18342,0.65725,39.61
7,10,2,104,0.18393,0.65887,39.57
7,10,2,105,0.18451,0.66025,38.66
7,10,2,106,0.18534,0.663,56.3
7,10,2,107,0.18569,0.66378,46.99
7,10,2,108,0.18536,0.66249,46.65
7,10,2,109,0.18459,0.66075,51.69
7,10,2,110,0.18341,0.65862,39.25
7,10,2,111,0.18279,0.65722,37.25
7,10,2,112,0.18207,0.65684,78.42
7,10,2,113,0.18128,0.65677,51.82
7,10,2,114,0.18056,0.65557,37.48
7,10,2,115,0.17983,0.65372,47.85
7,10,2,116,0.17932,0.65092,82.47
7,10,2,117,0.17898,0.64869,42.26
7,10,2,118,0.17878,0.64716,45.29
7,10,2,119,0.17835,0.64612,44.4
7,10,2,120,0.17827,0.64655,37.13
7,10,2,121,0.17834,0.6472,38.23
7,10,2,122,0.17851,0.64819,46.21
7,10,3,0,0.17508,0.64677,62.37
7,10,3,1,0.17433,0.64588,43.69
7,10,3,2,0.17368,0.64437,37.99
7,10,3,3,0.17342,0.64338,44.67
7,10,3,4,0.17325,0.64128,40.8
7,10,3,5,0.17319,0.63952,51.7
7,10,3,6,0.17284,0.63796,39.36
7,10,3,7,0.17278,0.63736,34.28
7,10,3,8,0.17288,0.63699,36.75
7,10,3,9,0.173,0.63695,43.45
7,10,3,10,0.17285,0.63703,67.21
7,10,3,11,0.17285,0.63707,91.78
7,10,3,12,0.17294,0.63699,78.89
7,10,3,13,0.17306,0.63681,64.84
7,10,3,14,0.17283,0.6363,46.74
7,10,3,15,0.17236,0.63505,35.49
7,10,3,16,0.17166,0.63354,30.68
7,10,3,17,0.1709,0.63196,54.09
7,10,3,18,0.16992,0.63016,41.09
7,10,3,19,0.16878,0.62808,40.58
7,10,3,20,0.16818,0.627,70.32
7,10,3,21,0.16779,0.62607,48.0
7,10,3,22,0.1674,0.62516,39.0
7,10,3,23,0.16702,0.62527,49.34
7,10,3,24,0.16671,0.6265,54.59
7,10,3,25,0.16635,0.6274,85.05
7,10,3,26,0.16589,0.62749,76.23
7,10,3,27,0.16528,0.62698,53.62
7,10,3,28,0.16427,0.62628,51.2
7,10,3,29,0.16336,0.6265,41.47
7,10,3,30,0.16238,0.62698,46.51
7,10,3,31,0.16128,0.62633,50.69
7,10,3,32,0.16,0.62428,46.57
7,10,3,33,0.15915,0.62228,70.42
7,10,3,34,0.1584,0.61995,47.45
7,10,3,35,0.15805,0.61789,37.34
7,10,3,36,0.158,0.61677,40.48
7,10,3,37,0.15813,0.61683,50.27
7,10,3,38,0.15791,0.61558,41.29
7,10,3,39,0.15788,0.61527,39.77
7,10,3,40,0.15827,0.61585,49.24
7,10,3,41,0.1588,0.61727,39.25
7,10,3,42,0.1595,0.61859,40.26
7,10,3,43,0.16027,0.61996,46.84
7,10,3,44,0.16137,0.62218,73.94
7,10,3,45,0.16213,0.62291,54.05
7,10,3,46,0.16287,0.62289,50.16
7,10,3,47,0.16383,0.62307,72.95
7,10,3,48,0.1648,0.62413,40.93
7,10,3,49,0.16569,0.62529,38.22
7,10,3,50,0.16622,0.62613,46.61
7,10,3,51,0.16684,0.62687,54.04
7,10,3,52,0.16741,0.62773,35.03
7,10,3,53,0.16795,0.62829,33.39
7,10,3,54,0.16836,0.62838,45.28
7,10,3,55,0.1687,0.62797,66.81
7,10,3,56,0.16887,0.62735,39.99
7,10,3,57,0.16896,0.62681,48.79
7,10,3,58,0.1687,0.62667,49.01
7,10,3,59,0.16841,0.62682,39.95
7,10,3,60,0.16811,0.6272,48.87
7,10,3,61,0.16783,0.62733,51.97
7,10,3,62,0.16728,0.62747,37.85
7,10,3,63,0.16673,0.6275,47.79
7,10,3,64,0.16674,0.62745,42.09
7,10,3,65,0.16674,0.62731,45.43
7,10,3,66,0.16655,0.62852,40.2
7,10,3,67,0.16658,0.63071,51.23
7,10,3,68,0.16662,0.63261,47.48
7,10,3,69,0.16669,0.63409,39.5
7,10,3,70,0.16669,0.63427,40.6
7,10,3,71,0.16662,0.63361,50.85
7,10,3,72,0.16687,0.63366,39.24
7,10,3,73,0.16722,0.63464,40.8
7,10,3,74,0.16784,0.63593,55.64
7,10,3,75,0.16863,0.63756,33.87
7,10,3,76,0.16909,0.63862,38.95
7,10,3,77,0.16931,0.64016,66.5
7,10,3,78,0.16925,0.64087,51.23
7,10,3,79,0.1694,0.6417,45.05
7,10,3,80,0.16966,0.64304,75.09
7,10,3,81,0.16991,0.64421,50.48
7,10,3,82,0.17027,0.64643,40.29
7,10,3,83,0.17052,0.64808,40.8
7,10,3,84,0.17064,0.64865,44.92
7,10,3,85,0.17101,0.64924,39.09
7,10,3,86,0.17116,0.6488,66.57
7,10,3,87,0.1712,0.64887,85.2
7,10,3,88,0.17115,0.64915,69.72
7,10,3,89,0.17114,0.64967,49.54
7,10,3,90,0.17116,0.64997,48.68
7,10,3,91,0.17114,0.65052,41.41
7,10,3,92,0.17135,0.65032,36.88
7,10,3,93,0.17126,0.64928,44.35
7,10,3,94,0.17141,0.64774,39.6
7,10,3,95,0.17179,0.64831,58.46
7,10,3,96,0.17227,0.64962,40.64
7,10,3,97,0.17228,0.65166,39.98
7,10,3,98,0.17196,0.65235,38.96
7,10,3,99,0.17179,0.65159,38.89
7,10,3,100,0.1714,0.64922,53.64
7,10,3,101,0.17087,0.64687,41.55
7,10,3,102,0.17052,0.64583,35.9
7,10,3,103,0.17,0.64457,85.15
7,10,3,104,0.16943,0.6438,73.91
7,10,3,105,0.16877,0.64243,41.51
7,10,3,106,0.1682,0.64092,43.58
7,10,3,107,0.16798,0.6399,88.25
7,10,3,108,0.16797,0.63979,54.71
7,10,3,109,0.16806,0.64023,48.81
7,10,3,110,0.16838,0.63906,43.77
7,10,3,111,0.16886,0.63814,46.82
7,10,3,112,0.16924,0.63756,48.7
7,10,3,113,0.16962,0.63671,75.19
7,10,3,114,0.16961,0.63487,42.65
7,10,3,115,0.16971,0.6343,78.57
7,10,3,116,0.16987,0.63437,89.9
7,10,3,117,0.17031,0.63448,50.64
7,10,3,118,0.17058,0.63481,40.38
7,10,3,119,0.17071,0.63509,56.99
7,10,3,120,0.17106,0.63531,41.86
7,10,3,121,0.1712,0.63612,38.68
7,10,3,122,0.17124,0.63705,37.96
7,10,3,123,0.17126,0.63801,48.37
7,10,3,124,0.17089,0.63718,82.79
7,10,3,125,0.17038,0.63672,53.72
7,10,3,126,0.16985,0.6356,75.35
7,10,3,127,0.16967,0.63463,96.52
7,10,3,128,0.16919,0.63276,46.76
7,10,3,129,0.16904,0.63102,53.35
7,10,3,130,0.16906,0.63065,39.7
7,10,3,131,0.16941,0.63047,36.28
7,10,3,132,0.16984,0.63139,62.25
7,10,3,133,0.17055,0.63292,55.26
7,10,3,134,0.17134,0.63469,71.97
7,10,3,135,0.17179,0.63628,81.79
7,10,3,136,0.17249,0.63844,47.65
7,10,3,137,0.17254,0.64018,47.33
7,10,3,138,0.17259,0.64136,39.75
7,10,3,139,0.17271,0.64212,44.76
7,10,3,140,0.17248,0.64275,65.76
7,10,3,141,0.17215,0.64321,75.01
7,10,3,142,0.17206,0.64302,56.65
7,10,3,143,0.17188,0.64319,81.64
7,10,3,144,0.17166,0.6436,49.32
7,10,3,145,0.17169,0.64273,39.66
7,10,3,146,0.17182,0.64208,40.47
7,10,3,147,0.17228,0.64137,78.0
7,10,3,148,0.17254,0.64107,49.28
7,10,3,149,0.17301,0.64101,42.56
7,10,3,150,0.17358,0.64154,66.85
7,10,3,151,0.17403,0.64222,77.74
7,10,3,152,0.17489,0.64389,78.97
7,10,3,153,0.17566,0.6454,47.45
7,10,3,154,0.17648,0.64673,56.44
7,10,3,155,0.17686,0.64808,35.44
7,10,3,156,0.17707,0.6494,35.58
7,10,3,157,0.17685,0.6494,43.98
7,10,3,158,0.17671,0.64855,40.22
7,10,3,159,0.17629,0.64683,35.52
7,10,3,160,0.17582,0.64501,38.79
7,10,3,161,0.17507,0.64314,50.39
7,10,3,162,0.17436,0.64138,38.81
7,10,3,163,0.17391,0.64034,31.03
7,10,3,164,0.17303,0.63811,51.6
7,10,3,165,0.17235,0.6366,69.34
7,10,3,166,0.17203,0.63528,53.58
7,10,3,167,0.17186,0.63395,53.98
7,10,3,168,0.17184,0.63326,39.37
7,10,3,169,0.17188,0.63228,47.95
7,10,3,170,0.17232,0.63247,40.78
7,10,3,171,0.17283,0.63321,34.55
7,10,4,0,0.17287,0.63349,52.05
7,10,4,1,0.17274,0.63354,44.42
7,10,4,2,0.17259,0.6336,37.49
7,10,4,3,0.17277,0.63414,49.61
7,10,4,4,0.17286,0.63501,36.72
7,10,4,5,0.17315,0.63614,41.89
7,10,4,6,0.17346,0.63704,35.8
7,10,4,7,0.17386,0.63788,39.28
7,10,4,8,0.1744,0.63845,41.93
7,10,4,9,0.17472,0.63827,58.59
7,10,4,10,0.17535,0.63918,34.42
7,10,4,11,0.17566,0.64054,38.44
7,10,4,12,0.17585,0.64213,49.31
7,10,4,13,0.17598,0.64409,50.72
7,10,4,14,0.17608,0.64535,41.83
7,10,4,15,0.17639,0.64557,88.93
7,10,4,16,0.17674,0.64623,65.84
7,10,4,17,0.17763,0.64721,55.74
7,10,4,18,0.17869,0.6488,35.86
7,10,4,19,0.17942,0.65134,47.67
7,10,4,20,0.18016,0.6533,37.67
7,10,4,21,0.18058,0.65379,50.2
7,10,4,22,0.18091,0.65394,38.08
7,10,4,23,0.18178,0.65539,41.24
7,10,4,24,0.18217,0.65675,46.28
7,10,4,25,0.18271,0.65657,49.6
7,10,4,26,0.18316,0.65451,41.96
7,10,4,27,0.18314,0.65163,37.34
7,10,4,28,0.18325,0.64821,73.57
7,10,4,29,0.18311,0.64597,46.9
7,10,4,30,0.1829,0.64467,37.89
7,10,4,31,0.18228,0.64368,39.29
7,10,4,32,0.18207,0.64389,39.79
7,10,4,33,0.1824,0.64465,45.6
7,10,4,34,0.18291,0.64453,38.57
7,10,4,35,0.18323,0.64485,39.7
7,10,4,36,0.18342,0.6445,55.83
7,10,4,37,0.18364,0.64126,38.42
7,10,4,38,0.18408,0.63752,38.58
7,10,4,39,0.18458,0.63437,50.16
7,10,4,40,0.18567,0.63135,41.48
7,10,4,41,0.18663,0.62969,57.47
7,10,4,42,0.18755,0.62855,67.42
7,10,4,43,0.1882,0.62793,41.43
7,10,4,44,0.18872,0.62806,51.42
7,10,4,45,0.18953,0.62767,40.01
7,10,4,46,0.18991,0.62794,42.68
7,10,4,47,0.19017,0.62883,63.78
7,10,4,48,0.19036,0.62938,76.08
7,10,4,49,0.19022,0.63002,65.62
7,10,4,50,0.19025,0.63049,39.85
7,10,4,51,0.19007,0.6304,52.78
7,10,4,52,0.18984,0.63058,65.52
7,10,4,53,0.18963,0.63084,51.23
7,10,4,54,0.18903,0.63121,38.4
7,10,4,55,0.18873,0.63078,58.9
7,10,4,56,0.18858,0.63013,62.47
7,10,4,57,0.18845,0.62872,39.17
7,10,4,58,0.18819,0.62879,57.62
7,10,4,59,0.18782,0.6287,43.27
7,10,4,60,0.18758,0.63019,51.5
7,10,4,61,0.18724,0.63257,34.42
7,10,4,62,0.18699,0.63451,42.57
7,10,4,63,0.18683,0.63676,37.62
7,10,4,64,0.18673,0.63783,45.44
7,10,4,65,0.18634,0.63878,42.85
7,10,4,66,0.18583,0.63949,49.74
7,10,4,67,0.18526,0.64069,40.48
7,10,4,68,0.18504,0.64034,70.12
7,10,4,69,0.18499,0.63988,43.78
7,10,4,70,0.18512,0.63967,63.57
7,10,4,71,0.1849,0.64165,39.83
7,10,4,72,0.18446,0.64374,44.44
7,10,4,73,0.18357,0.64632,39.02
7,10,4,74,0.18286,0.65072,35.7
7,10,4,75,0.18229,0.65571,54.64
7,10,4,76,0.18125,0.65777,42.9
7,10,4,77,0.17997,0.65847,45.53
7,10,4,78,0.17854,0.659,59.45
7,10,4,79,0.17709,0.65971,42.79
7,10,4,80,0.17536,0.65834,56.94
7,10,4,81,0.17383,0.65617,79.9
7,10,4,82,0.1727,0.65387,88.04
7,10,4,83,0.17179,0.65135,84.64
7,10,4,84,0.1715,0.64887,82.05
7,10,4,85,0.1716,0.6477,43.44
7,10,4,86,0.17188,0.64722,47.01
7,10,4,87,0.1721,0.64655,43.93
7,10,4,88,0.1723,0.64644,32.65
7,10,4,89,0.1727,0.64739,37.36
7,10,4,90,0.17261,0.6472,35.04
7,10,4,91,0.17272,0.64692,64.17
7,10,4,92,0.17282,0.64595,82.17
7,10,4,93,0.17296,0.64559,42.56
7,10,4,94,0.17305,0.64502,44.97
7,10,4,95,0.17347,0.64438,40.39
7,10,4,96,0.1743,0.6443,39.23
7,10,4,97,0.17515,0.64452,45.21
7,10,4,98,0.17636,0.64485,47.18
7,10,4,99,0.17744,0.64565,37.06
7,10,4,100,0.17786,0.64663,40.83
7,10,4,101,0.17798,0.64679,54.73
7,10,5,0,0.18552,0.62501,50.7
7,10,5,1,0.18566,0.62471,46.67
7,10,5,2,0.1855,0.62434,57.71
7,10,5,3,0.18514,0.6232,60.98
7,10,5,4,0.18514,0.62289,89.69
7,10,5,5,0.18489,0.62192,82.47
7,10,5,6,0.1846,0.62094,48.62
7,10,5,7,0.18416,0.61896,110.94
7,10,5,8,0.18423,0.61882,98.01
7,10,5,9,0.18411,0.61777,59.19
7,10,5,10,0.18434,0.61794,41.03
7,10,5,11,0.1846,0.61839,77.52
7,10,5,12,0.18449,0.61882,60.91
7,10,5,13,0.18492,0.61962,82.86
7,10,5,14,0.18519,0.6208,81.57
7,10,5,15,0.1857,0.62222,68.17
7,10,5,16,0.18636,0.62317,42.36
7,10,5,17,0.18692,0.62367,80.38
7,10,5,18,0.18742,0.62426,47.94
7,10,5,19,0.18771,0.62256,36.7
7,10,5,20,0.18763,0.62128,85.04
7,10,5,21,0.1874,0.62024,56.66
7,10,5,22,0.1871,0.61979,54.77
7,10,5,23,0.18683,0.61968,40.44
7,10,5,24,0.18659,0.62006,130.18
7,10,5,25,0.18613,0.6207,44.07
7,10,5,26,0.18626,0.62084,42.29
7,10,5,27,0.18648,0.62172,55.04
7,10,5,28,0.18686,0.62445,60.71
7,10,5,29,0.18715,0.62658,53.12
7,10,5,30,0.18737,0.62788,44.61
7,10,5,31,0.18755,0.62912,50.22
7,10,5,32,0.18809,0.63059,82.72
7,10,5,33,0.18869,0.63172,120.78
7,10,5,34,0.18887,0.63312,77.57
7,10,5,35,0.18899,0.63319,43.72
7,10,5,36,0.18946,0.6336,53.73
7,10,5,37,0.18985,0.6345,40.77
7,10,5,38,0.19001,0.63371,45.74
7,10,5,39,0.19015,0.63466,86.65
7,10,5,40,0.19045,0.63476,72.55
7,10,5,41,0.19082,0.63585,39.07
7,10,5,42,0.19115,0.63709,58.16
7,10,5,43,0.19138,0.63839,77.57
7,10,5,44,0.19156,0.64005,43.47
7,10,5,45,0.19176,0.64102,43.56
7,10,5,46,0.19197,0.64183,39.85
7,10,5,47,0.19182,0.64189,39.73
7,10,5,48,0.1916,0.64205,42.04
7,10,5,49,0.19133,0.64314,42.43
7,10,5,50,0.19145,0.64553,48.25
7,10,5,51,0.1914,0.64862,36.28
7,10,5,52,0.19153,0.64969,42.1
7,10,5,53,0.19167,0.64903,39.31
7,10,5,54,0.19182,0.64748,50.47
7,10,5,55,0.19176,0.64822,34.79
7,10,5,56,0.19158,0.64928,46.79
7,10,5,57,0.19125,0.64873,44.76
7,10,5,58,0.19085,0.64596,45.56
7,10,5,59,0.19048,0.6411,43.2
7,10,5,60,0.19026,0.63759,51.91
7,10,5,61,0.19005,0.63439,42.03
7,10,5,62,0.19011,0.63116,42.7
7,10,5,63,0.19022,0.62872,43.65
7,10,5,64,0.19041,0.62885,50.06
7,10,5,65,0.19062,0.63009,44.19
7,10,5,66,0.19076,0.63075,39.51
7,10,5,67,0.19085,0.63133,45.85
7,10,5,68,0.19093,0.63184,43.66
7,10,5,69,0.19099,0.63235,59.31
7,10,5,70,0.19103,0.63357,70.1
7,10,5,71,0.19106,0.63512,44.39
7,10,5,72,0.19143,0.63637,40.6
7,10,5,73,0.19173,0.63641,36.45
7,10,5,74,0.19231,0.63576,42.2
7,10,5,75,0.19266,0.63422,42.78
7,10,5,76,0.19279,0.63239,35.02
7,10,5,77,0.19278,0.62969,44.67
7,10,5,78,0.19278,0.62818,43.27
7,10,5,79,0.19292,0.6285,34.93
7,10,5,80,0.19313,0.62963,43.7
7,10,5,81,0.19342,0.63134,36.24
7,10,5,82,0.19369,0.63269,44.51
7,10,5,83,0.19403,0.63447,64.77
7,10,5,84,0.19404,0.63589,56.55
7,10,5,85,0.19379,0.63767,40.78
7,10,5,86,0.19359,0.63889,42.52
7,10,5,87,0.19344,0.6399,44.23
7,10,5,88,0.19331,0.64021,45.82
7,10,5,89,0.1932,0.64001,49.38
7,10,5,90,0.19308,0.63962,66.54
7,10,5,91,0.1929,0.63887,45.69
7,10,5,92,0.19264,0.63758,84.74
7,10,5,93,0.19246,0.63656,69.96
7,10,5,94,0.19201,0.63547,39.9
7,10,5,95,0.19184,0.6348,60.57
7,10,5,96,0.19154,0.63656,73.25
7,10,5,97,0.19128,0.63916,45.37
7,10,5,98,0.19085,0.64008,44.23
7,10,5,99,0.19064,0.64113,39.51
7,10,5,100,0.1905,0.64139,39.07
7,10,5,101,0.19001,0.64168,36.12
7,10,5,102,0.18958,0.64166,44.7
7,10,5,103,0.18919,0.64273,42.3
7,10,5,104,0.18885,0.64272,45.54
7,10,5,105,0.18857,0.64213,47.85
7,10,5,106,0.18831,0.64169,44.44
7,10,5,107,0.18812,0.64145,45.07
7,10,5,108,0.18794,0.64018,46.68
7,10,5,109,0.1877,0.6377,48.66
7,10,5,110,0.18748,0.63627,43.52
7,10,5,111,0.18769,0.63663,54.51
7,10,5,112,0.18798,0.63744,52.16
7,10,5,113,0.18816,0.63697,40.24
7,10,5,114,0.18838,0.6354,86.05
7,10,5,115,0.18859,0.6347,45.56
7,10,5,116,0.18854,0.63453,48.11
7,10,5,117,0.18842,0.63551,53.44
7,10,5,118,0.18829,0.63565,44.66
7,10,5,119,0.18816,0.63516,45.93
7,10,5,120,0.18774,0.63461,71.85
7,10,5,121,0.18758,0.63444,69.21
7,10,5,122,0.18751,0.6348,52.42
7,10,5,123,0.1873,0.63351,51.26
7,10,5,124,0.18711,0.63221,40.13
7,10,5,125,0.18692,0.6323,33.42
7,10,5,126,0.18708,0.63223,44.85
7,10,5,127,0.18743,0.63203,46.85
7,10,5,128,0.18751,0.63186,42.15
7,10,5,129,0.18747,0.63161,37.42
7,10,5,130,0.18737,0.63093,57.78
7,10,5,131,0.18728,0.6307,41.94
7,10,5,132,0.18748,0.62913,42.64
7,10,5,133,0.18761,0.62816,37.37
7,10,5,134,0.18767,0.62774,51.64
7,10,5,135,0.18742,0.62732,35.57
7,10,5,136,0.18702,0.62611,49.6
7,10,5,137,0.18625,0.62494,37.92
7,10,5,138,0.1852,0.62407,42.61
8,10,1,0,0.47423,0.69201,85.26
8,10,1,1,0.4739,0.69144,87.99
8,10,1,2,0.4731,0.69152,44.43
8,10,1,3,0.47273,0.69114,54.34
8,10,1,4,0.47302,0.68872,39.38
8,10,1,5,0.47414,0.69034,37.3
8,10,1,6,0.47574,0.69168,42.52
8,10,1,7,0.47799,0.69424,43.91
8,10,1,8,0.47932,0.69607,65.4
8,10,1,9,0.48015,0.6992,37.11
8,10,1,10,0.48083,0.70275,44.57
8,10,1,11,0.48181,0.70712,40.45
8,10,1,12,0.48292,0.71032,38.63
8,10,1,13,0.48387,0.71161,51.41
8,10,1,14,0.48468,0.71462,42.56
8,10,1,15,0.48504,0.71714,41.4
8,10,1,16,0.48526,0.72014,39.36
8,10,1,17,0.48536,0.72269,43.4
8,10,1,18,0.48528,0.72366,89.98
8,10,1,19,0.48507,0.72346,65.45
8,10,1,20,0.48512,0.72271,40.62
8,10,1,21,0.48522,0.72303,50.0
8,10,1,22,0.48526,0.72241,41.9
8,10,1,23,0.48537,0.72174,41.75
8,10,1,24,0.48558,0.71926,47.63
8,10,1,25,0.48589,0.71543,52.16
8,10,1,26,0.4865,0.7113,38.77
8,10,1,27,0.48728,0.70794,72.66
8,10,1,28,0.48782,0.70667,44.76
8,10,1,29,0.48805,0.70455,47.04
8,10,1,30,0.48735,0.70281,49.51
8,10,1,31,0.48628,0.70346,43.8
8,10,1,32,0.4847,0.70377,36.13
8,10,1,33,0.48313,0.70462,58.79
8,10,1,34,0.48231,0.70764,83.31
8,10,1,35,0.48143,0.71135,50.97
8,10,1,36,0.48021,0.7124,46.52
8,10,1,37,0.47894,0.71265,44.2
8,10,1,38,0.47757,0.71169,40.57
8,10,1,39,0.47636,0.71057,41.23
8,10,1,40,0.47514,0.71092,42.97
8,10,1,41,0.47404,0.71431,37.44
8,10,1,42,0.47308,0.71809,72.98
8,10,1,43,0.47185,0.71851,46.28
8,10,1,44,0.47039,0.71566,39.84
8,10,1,45,0.46928,0.71011,39.85
8,10,1,46,0.46848,0.70334,36.81
8,10,1,47,0.46825,0.69837,54.22
8,10,1,48,0.46821,0.69572,43.52
8,10,1,49,0.46787,0.69592,52.29
8,10,1,50,0.46734,0.69693,43.95
8,10,1,51,0.46666,0.69215,42.89
8,10,1,52,0.46632,0.688,49.8
8,10,1,53,0.46628,0.68062,32.46
8,10,1,54,0.46757,0.67573,43.29
8,10,1,55,0.46954,0.67355,36.26
8,10,1,56,0.4723,0.67514,41.7
8,10,1,57,0.47625,0.67678,43.13
8,10,1,58,0.47872,0.67871,37.3
8,10,1,59,0.48044,0.68026,40.65
8,10,1,60,0.48105,0.6817,38.54
8,10,1,61,0.48095,0.68201,69.17
8,10,1,62,0.48068,0.68214,50.8
8,10,1,63,0.48015,0.68179,41.24
8,10,1,64,0.47984,0.68406,50.2
8,10,1,65,0.47985,0.68781,71.79
8,10,1,66,0.48014,0.69098,63.95
8,10,1,67,0.48052,0.69348,116.68
8,10,1,68,0.4807,0.69491,54.94
8,10,1,69,0.48066,0.69503,46.61
8,10,1,70,0.48078,0.69412,50.86
8,10,1,71,0.48133,0.69301,41.88
8,10,1,72,0.48204,0.69286,48.06
8,10,1,73,0.48269,0.69256,35.28
8,10,1,74,0.48349,0.69322,44.99
8,10,1,75,0.4839,0.69426,40.84
8,10,1,76,0.4837,0.69346,50.84
8,10,1,77,0.48333,0.69215,34.7
8,10,1,78,0.48273,0.6907,40.96
8,10,1,79,0.48211,0.69078,36.83
8,10,1,80,0.4819,0.69201,39.92
8,10,1,81,0.4818,0.69189,49.07
8,10,1,82,0.48181,0.69116,41.39
8,10,1,83,0.48185,0.69185,42.9
8,10,1,84,0.48198,0.6932,43.25
8,10,1,85,0.48212,0.69482,38.77
8,10,1,86,0.48232,0.69665,38.41
8,10,1,87,0.48252,0.69847,40.56
8,10,1,88,0.48299,0.69866,37.83
8,10,1,89,0.48349,0.69818,52.6
8,10,1,90,0.48408,0.69976,48.95
8,10,1,91,0.48467,0.69928,41.02
8,10,1,92,0.48512,0.69738,46.96
8,10,1,93,0.48587,0.69586,53.21
8,10,1,94,0.48611,0.69246,39.47
8,10,1,95,0.48641,0.68771,48.66
8,10,1,96,0.48677,0.6849,45.14
8,10,1,97,0.48716,0.68419,39.32
8,10,1,98,0.48771,0.68474,38.05
8,10,1,99,0.48857,0.68439,49.01
8,10,1,100,0.48945,0.68546,44.02
8,10,1,101,0.49023,0.68832,40.05
8,10,1,102,0.49067,0.69032,40.35
8,10,1,103,0.49038,0.68945,48.22
8,10,1,104,0.48982,0.68743,43.83
8,10,1,105,0.48918,0.68532,39.72
8,10,1,106,0.48892,0.68569,92.17
8,10,1,107,0.48857,0.686,63.27
8,10,1,108,0.48826,0.68534,33.84
8,10,1,109,0.48811,0.68403,49.61
8,10,1,110,0.48816,0.68356,77.84
8,10,1,111,0.48848,0.68514,48.7
8,10,1,112,0.48877,0.68558,58.95
8,10,1,113,0.48875,0.68617,52.66
8,10,1,114,0.48858,0.68632,59.44
8,10,1,115,0.48786,0.68541,40.24
8,10,1,116,0.48745,0.68439,42.25
8,10,1,117,0.4872,0.68366,104.74
8,10,1,118,0.48685,0.68361,76.0
8,10,1,119,0.48662,0.68429,53.83
8,10,1,120,0.48644,0.68359,44.89
8,10,1,121,0.48626,0.68254,63.96
8,10,1,122,0.48607,0.68161,48.0
8,10,1,123,0.48618,0.68075,49.49
8,10,1,124,0.4861,0.68023,50.42
8,10,1,125,0.48582,0.67985,41.49
8,10,1,126,0.48615,0.67958,54.45
8,10,1,127,0.48665,0.6792,75.83
8,10,1,128,0.487,0.67916,50.47
8,10,1,129,0.4877,0.67902,42.76
8,10,1,130,0.48846,0.67902,43.49
8,10,1,131,0.48949,0.67961,48.24
8,10,1,132,0.49063,0.68105,67.27
8,10,1,133,0.49187,0.68223,54.64
8,10,1,134,0.49275,0.683,76.9
8,10,1,135,0.49345,0.6834,47.1
8,10,1,136,0.49398,0.6832,39.72
8,10,1,137,0.49441,0.68244,40.48
8,10,1,138,0.4944,0.68297,61.95
8,10,1,139,0.49444,0.68267,50.35
8,10,1,140,0.49462,0.68318,51.7
8,10,1,141,0.49474,0.68287,71.22
8,10,1,142,0.49491,0.68279,51.97
8,10,1,143,0.49509,0.68216,84.59
8,10,1,144,0.49495,0.68243,77.62
8,10,1,145,0.49467,0.68268,58.46
8,10,1,146,0.49427,0.68565,71.18
8,10,1,147,0.49384,0.68786,82.56
8,10,1,148,0.49339,0.6906,64.48
8,10,1,149,0.49303,0.69212,50.34
8,10,1,150,0.49238,0.69093,42.29
8,10,1,151,0.49185,0.69052,75.0
8,10,1,152,0.49146,0.69067,49.97
8,10,1,153,0.49066,0.68932,54.01
8,10,2,0,0.48872,0.68099,46.21
8,10,2,1,0.48882,0.6812,52.03
8,10,2,2,0.48896,0.68236,50.02
8,10,2,3,0.48922,0.68341,38.69
8,10,2,4,0.48935,0.68328,43.4
8,10,2,5,0.48951,0.68236,39.24
8,10,2,6,0.48968,0.6817,48.18
8,10,2,7,0.48995,0.6822,42.57
8,10,2,8,0.49009,0.68172,38.93
8,10,2,9,0.4902,0.68084,49.72
8,10,2,10,0.49027,0.68033,68.75
8,10,2,11,0.49052,0.67933,43.61
8,10,2,12,0.49097,0.67924,55.43
8,10,2,13,0.49149,0.68035,42.73
8,10,2,14,0.49191,0.68088,37.47
8,10,2,15,0.4922,0.68175,54.33
8,10,2,16,0.49241,0.6817,43.82
8,10,2,17,0.49217,0.68063,38.28
8,10,2,18,0.49187,0.67959,47.69
8,10,2,19,0.49139,0.67778,43.61
8,10,2,20,0.49134,0.6773,39.87
8,10,2,21,0.49146,0.67716,66.81
8,10,2,22,0.49155,0.67707,67.62
8,10,2,23,0.49187,0.677,70.03
8,10,2,24,0.492,0.67694,51.68
8,10,2,25,0.49217,0.67789,41.12
8,10,2,26,0.4923,0.67801,74.17
8,10,2,27,0.4921,0.67802,49.5
8,10,2,28,0.49181,0.67952,44.43
8,10,2,29,0.4915,0.68063,70.8
8,10,2,30,0.49127,0.6818,41.77
8,10,2,31,0.49109,0.68319,50.32
8,10,2,32,0.49089,0.68375,36.41
8,10,2,33,0.49071,0.68449,56.22
8,10,2,34,0.49051,0.68454,47.28
8,10,2,35,0.49026,0.68312,46.17
8,10,2,36,0.49017,0.68285,79.24
8,10,2,37,0.4901,0.68232,46.18
8,10,2,38,0.49002,0.68187,40.23
8,10,2,39,0.49004,0.68156,46.0
8,10,2,40,0.49015,0.68123,49.11
8,10,2,41,0.49018,0.68076,43.98
8,10,2,42,0.49017,0.68074,40.86
8,10,2,43,0.49013,0.68048,49.65
8,10,2,44,0.49005,0.68037,38.01
8,10,2,45,0.49004,0.68019,41.9
8,10,2,46,0.49021,0.68166,42.37
8,10,2,47,0.49043,0.68322,34.71
8,10,2,48,0.49025,0.68384,40.32
8,10,2,49,0.49023,0.6838,38.65
8,10,2,50,0.48997,0.68352,41.57
8,10,2,51,0.48997,0.6837,43.32
8,10,2,52,0.48974,0.68402,40.98
8,10,2,53,0.48941,0.68338,83.03
8,10,2,54,0.48929,0.68414,68.57
8,10,2,55,0.48911,0.68437,70.13
8,10,2,56,0.48895,0.68418,62.46
8,10,2,57,0.48877,0.68412,72.8
8,10,2,58,0.48858,0.68351,53.6
8,10,2,59,0.48839,0.68324,49.51
8,10,2,60,0.48813,0.6821,55.53
8,10,2,61,0.48793,0.68037,38.74
8,10,2,62,0.48788,0.67992,45.04
8,10,2,63,0.48778,0.67915,47.99
8,10,2,64,0.48767,0.67846,50.07
8,10,2,65,0.48785,0.67743,55.37
8,10,2,66,0.4881,0.67728,43.63
8,10,2,67,0.48839,0.67756,64.74
8,10,2,68,0.48834,0.67711,76.42
8,10,2,69,0.48829,0.67823,42.27
8,10,2,70,0.48821,0.67802,53.22
8,10,2,71,0.48807,0.67685,49.61
8,10,2,72,0.48768,0.67589,40.26
8,10,2,73,0.4872,0.67498,33.69
8,10,2,74,0.48699,0.6736,80.7
8,10,2,75,0.48667,0.67234,60.18
8,10,2,76,0.48631,0.67178,48.84
8,10,2,77,0.48628,0.67104,40.6
8,10,2,78,0.48644,0.67082,37.91
8,10,2,79,0.48637,0.67103,49.43
8,10,2,80,0.4865,0.67128,68.72
8,10,2,81,0.48662,0.66999,44.84
8,10,2,82,0.48654,0.67008,44.38
8,10,2,83,0.48641,0.67131,53.52
8,10,2,84,0.48621,0.67244,47.73
8,10,2,85,0.48627,0.67383,50.24
8,10,2,86,0.48638,0.67508,40.4
8,10,2,87,0.48638,0.67928,44.12
8,10,2,88,0.48634,0.67945,49.08
8,10,2,89,0.48647,0.67991,38.19
8,10,2,90,0.48637,0.67997,40.59
8,10,2,91,0.48611,0.6788,58.77
8,10,2,92,0.48585,0.6781,76.28
8,10,2,93,0.48559,0.6777,42.61
8,10,2,94,0.48555,0.6784,48.56
8,10,2,95,0.48565,0.67961,40.99
8,10,2,96,0.4855,0.68079,69.54
8,10,2,97,0.4852,0.682,46.59
8,10,2,98,0.48489,0.68303,39.47
8,10,2,99,0.48461,0.68404,60.17
8,10,2,100,0.48456,0.68466,44.3
8,10,2,101,0.48454,0.68316,83.96
8,10,2,102,0.48444,0.68301,72.28
8,10,2,103,0.48465,0.68452,47.34
8,10,2,104,0.48455,0.68423,91.98
8,10,2,105,0.48438,0.68258,45.69
8,10,2,106,0.4839,0.68387,44.76
8,10,2,107,0.48324,0.6852,38.84
8,10,2,108,0.48256,0.68625,41.36
8,10,2,109,0.48186,0.68711,38.32
8,10,2,110,0.48157,0.68751,42.14
8,10,2,111,0.4815,0.68794,33.55
8,10,2,112,0.48132,0.68667,37.9
8,10,2,113,0.48121,0.68604,37.27
8,10,2,114,0.48137,0.68483,52.59
8,10,2,115,0.48169,0.68341,46.38
8,10,2,116,0.48171,0.68183,59.25
8,10,2,117,0.48163,0.68107,38.95
8,10,2,118,0.48188,0.68173,47.93
8,10,2,119,0.48229,0.68201,39.05
8,10,2,120,0.48255,0.68269,41.98
8,10,2,121,0.48312,0.68294,38.58
8,10,2,122,0.48375,0.68213,68.13
8,10,2,123,0.48409,0.68098,46.05
8,10,2,124,0.48433,0.67975,41.5
8,10,2,125,0.48447,0.6788,76.92
8,10,2,126,0.48464,0.67879,44.63
8,10,2,127,0.48469,0.67762,34.8
8,10,2,128,0.48484,0.67812,38.49
8,10,2,129,0.48473,0.67823,41.58
8,10,2,130,0.48444,0.67746,83.77
8,10,2,131,0.48417,0.67745,50.98
8,10,2,132,0.4839,0.67715,36.54
8,10,2,133,0.48372,0.67769,47.94
8,10,2,134,0.4836,0.67885,49.47
8,10,2,135,0.4832,0.67975,43.78
8,10,2,136,0.48278,0.6816,36.28
8,10,2,137,0.48244,0.68268,45.62
8,10,2,138,0.48171,0.68295,42.83
8,10,2,139,0.48138,0.68287,40.24
8,10,2,140,0.48089,0.68287,59.72
8,10,2,141,0.48039,0.68376,68.08
8,10,2,142,0.47997,0.68503,42.33
8,10,2,143,0.47938,0.68643,41.91
8,10,2,144,0.4788,0.68714,38.97
8,10,2,145,0.4784,0.68826,41.95
8,10,2,146,0.47773,0.68883,41.61
8,10,2,147,0.47732,0.68892,37.52
8,10,2,148,0.47711,0.68892,45.26
8,10,2,149,0.47698,0.6887,39.88
8,10,2,150,0.47683,0.68844,39.29
8,10,2,151,0.47665,0.68855,54.26
8,10,2,152,0.47674,0.68829,78.87
8,10,2,153,0.47696,0.6877,38.52
8,10,2,154,0.47694,0.6869,59.82
8,10,2,155,0.47685,0.68624,43.09
8,10,2,156,0.47685,0.68729,47.86
8,10,2,157,0.47655,0.68768,43.74
8,10,2,158,0.47611,0.68865,88.06
8,10,2,159,0.47564,0.68942,44.87
8,10,2,160,0.47523,0.69026,55.67
8,10,2,161,0.4752,0.69061,42.26
8,10,2,162,0.47535,0.69043,40.52
8,10,2,163,0.47544,0.68989,85.3
8,10,2,164,0.4757,0.68877,52.04
8,10,2,165,0.47612,0.68665,48.66
8,10,2,166,0.47642,0.68445,98.25
8,10,2,167,0.47668,0.68457,69.93
8,10,2,168,0.4769,0.68613,79.13
8,10,2,169,0.47706,0.68771,75.71
8,10,2,170,0.47726,0.6908,50.31
8,10,2,171,0.47736,0.69299,58.09
8,10,2,172,0.47744,0.69486,54.17
8,10,2,173,0.4775,0.69636,49.43
8,10,2,174,0.4775,0.69686,38.67
8,10,2,175,0.47782,0.69695,36.39
8,10,2,176,0.47812,0.69628,40.36
8,10,2,177,0.47857,0.69498,44.62
8,10,2,178,0.47921,0.69173,46.48
8,10,2,179,0.48003,0.68844,46.85
8,10,2,180,0.48066,0.68582,39.05
8,10,2,181,0.48131,0.683,37.51
8,10,2,182,0.4818,0.67928,38.82
8,10,2,183,0.48224,0.67771,36.77
8,10,2,184,0.48269,0.67604,41.78
8,10,2,185,0.48294,0.67453,42.71
8,10,2,186,0.48335,0.67195,53.9
8,10,2,187,0.4838,0.66968,79.95
8,10,2,188,0.48427,0.66891,41.6
8,10,2,189,0.48466,0.66799,37.99
8,10,2,190,0.48498,0.6688,44.87
8,10,2,191,0.48507,0.67065,41.64
8,10,2,192,0.485,0.67146,40.35
8,10,2,193,0.48492,0.6717,32.06
8,10,2,194,0.48495,0.67156,70.26
8,10,3,0,0.48508,0.67152,48.29
8,10,3,1,0.48458,0.67127,45.86
8,10,3,2,0.48413,0.67092,41.18
8,10,3,3,0.48383,0.67109,44.37
8,10,3,4,0.48374,0.6699,31.98
8,10,3,5,0.48371,0.66846,41.9
8,10,3,6,0.48367,0.66798,38.84
8,10,3,7,0.48358,0.667,65.83
8,10,3,8,0.4837,0.66552,41.82
8,10,3,9,0.48394,0.6636,53.81
8,10,3,10,0.48417,0.66186,43.93
8,10,3,11,0.4845,0.66129,59.98
8,10,3,12,0.48445,0.65997,46.53
8,10,3,13,0.48456,0.65852,44.79
8,10,3,14,0.48453,0.65808,51.61
8,10,3,15,0.48466,0.65692,72.92
8,10,3,16,0.48483,0.65689,57.26
8,10,3,17,0.48506,0.6574,56.71
8,10,3,18,0.48499,0.6578,73.97
8,10,3,19,0.48495,0.65838,47.39
8,10,3,20,0.48471,0.66074,70.42
8,10,3,21,0.48456,0.66378,44.63
8,10,3,22,0.4845,0.6679,39.2
8,10,3,23,0.4845,0.67251,50.35
8,10,3,24,0.48432,0.67399,55.88
8,10,3,25,0.48396,0.67398,55.09
8,10,3,26,0.48402,0.67494,44.35
8,10,3,27,0.48397,0.67645,42.65
8,10,3,28,0.48379,0.6764,37.7
8,10,3,29,0.48355,0.6757,41.89
8,10,3,30,0.48329,0.67483,39.87
8,10,3,31,0.48317,0.67493,37.46
8,10,3,32,0.4831,0.6751,43.54
8,10,3,33,0.48309,0.67528,40.84
8,10,3,34,0.4832,0.67544,50.55
8,10,3,35,0.48318,0.67448,40.35
8,10,3,36,0.48338,0.67348,45.12
8,10,3,37,0.48358,0.67208,42.65
8,10,3,38,0.48387,0.67172,38.41
8,10,3,39,0.48413,0.672,39.03
8,10,3,40,0.48411,0.67254,58.6
8,10,3,41,0.48398,0.67334,75.07
8,10,3,42,0.48366,0.67343,46.65
8,10,3,43,0.48339,0.67357,57.19
8,10,3,44,0.48319,0.67427,73.36
8,10,3,45,0.48318,0.6758,77.53
8,10,3,46,0.48325,0.6784,51.52
8,10,3,47,0.48341,0.68133,52.05
8,10,3,48,0.48349,0.68248,51.03
8,10,3,49,0.48317,0.68149,34.57
8,10,3,50,0.48293,0.67908,44.08
8,10,3,51,0.48294,0.67879,47.35
8,10,3,52,0.48301,0.67977,39.79
8,10,3,53,0.48294,0.67871,45.21
8,10,3,54,0.4829,0.6785,62.88
8,10,3,55,0.48279,0.6771,77.25
8,10,3,56,0.4827,0.67616,85.45
8,10,3,57,0.4827,0.67679,97.44
8,10,3,58,0.48271,0.67676,74.03
8,10,3,59,0.48245,0.67639,42.83
8,10,3,60,0.48206,0.67747,53.47
8,10,3,61,0.482,0.67695,42.33
8,10,3,62,0.48206,0.67569,39.97
8,10,3,63,0.48215,0.67502,49.54
8,10,3,64,0.48227,0.67443,46.03
8,10,3,65,0.4821,0.6739,44.98
8,10,3,66,0.48199,0.67498,38.83
8,10,3,67,0.48148,0.67555,60.42
8,10,3,68,0.48115,0.67628,90.02
8,10,3,69,0.48102,0.67754,59.43
8,10,3,70,0.48113,0.68016,41.08
8,10,3,71,0.48143,0.68337,52.25
8,10,3,72,0.48152,0.68298,64.35
8,10,3,73,0.48159,0.68232,47.78
8,10,3,74,0.48137,0.68117,79.4
8,10,3,75,0.48135,0.68014,55.69
8,10,3,76,0.48105,0.67854,39.52
8,10,3,77,0.48062,0.67692,38.56
8,10,3,78,0.48044,0.67693,46.42
8,10,3,79,0.48004,0.67739,40.73
8,10,3,80,0.47978,0.67835,47.29
8,10,3,81,0.47955,0.67913,48.62
8,10,3,82,0.47911,0.68051,36.84
8,10,3,83,0.47861,0.68154,43.83
8,10,3,84,0.47843,0.68331,43.88
8,10,3,85,0.47858,0.68562,40.9
8,10,3,86,0.47877,0.68725,45.15
8,10,3,87,0.47899,0.6894,43.28
8,10,3,88,0.47927,0.6892,35.82
8,10,3,89,0.4795,0.68771,44.65
8,10,3,90,0.47962,0.68627,46.86
8,10,3,91,0.47974,0.68485,57.92
8,10,3,92,0.47966,0.682,49.84
8,10,3,93,0.47986,0.6784,49.47
8,10,3,94,0.48013,0.67609,44.96
8,10,3,95,0.48043,0.67395,52.54
8,10,3,96,0.48066,0.67246,42.98
8,10,3,97,0.48104,0.67282,41.32
8,10,3,98,0.48112,0.6733,36.85
8,10,3,99,0.48135,0.67259,53.55
8,10,3,100,0.48134,0.67197,37.53
8,10,3,101,0.48114,0.67139,52.39
8,10,3,102,0.48088,0.67101,35.71
8,10,3,103,0.48069,0.67114,40.42
8,10,3,104,0.48065,0.67322,41.34
8,10,3,105,0.48063,0.67642,44.11
8,10,3,106,0.48091,0.68063,38.33
8,10,3,107,0.48118,0.68353,53.45
8,10,3,108,0.48169,0.68304,46.23
8,10,3,109,0.48194,0.68285,38.55
8,10,3,110,0.482,0.68239,41.47
8,10,3,111,0.4819,0.68063,46.85
8,10,3,112,0.48176,0.67893,83.04
8,10,3,113,0.48174,0.67826,81.34
8,10,3,114,0.48178,0.67731,58.73
8,10,3,115,0.48142,0.676,85.0
8,10,3,116,0.48096,0.67625,54.05
8,10,3,117,0.48063,0.67641,63.63
8,10,3,118,0.48053,0.67676,85.56
8,10,3,119,0.47994,0.67805,44.86
8,10,3,120,0.47927,0.67951,46.35
8,10,3,121,0.47858,0.6832,35.76
8,10,3,122,0.47795,0.68466,37.39
8,10,3,123,0.47773,0.68541,90.21
8,10,3,124,0.47777,0.68611,63.0
8,10,3,125,0.47753,0.68701,46.74
8,10,3,126,0.47751,0.68675,52.04
8,10,3,127,0.47774,0.68476,68.07
8,10,3,128,0.47803,0.684,72.04
8,10,3,129,0.47869,0.68157,94.12
8,10,3,130,0.479,0.67802,73.66
8,10,3,131,0.47926,0.67568,89.16
8,10,3,132,0.47951,0.67581,51.44
8,10,3,133,0.47986,0.67731,41.63
8,10,3,134,0.48005,0.6777,54.17
8,10,3,135,0.48019,0.67775,45.95
8,10,3,136,0.48013,0.6768,61.24
8,10,3,137,0.48,0.67591,47.0
8,10,3,138,0.47989,0.67501,63.26
8,10,3,139,0.47983,0.67472,49.25
8,10,3,140,0.47987,0.67473,47.36
8,10,3,141,0.4797,0.67508,43.55
8,10,3,142,0.4795,0.67653,39.64
8,10,3,143,0.47933,0.67715,45.55
8,10,3,144,0.47919,0.679,72.61
8,10,3,145,0.47904,0.67967,56.74
8,10,3,146,0.47897,0.68052,61.87
8,10,3,147,0.47862,0.68139,100.77
8,10,3,148,0.47847,0.68302,99.44
8,10,3,149,0.47833,0.68228,88.6
8,10,3,150,0.47833,0.68149,66.2
8,10,3,151,0.47825,0.67999,50.38
8,10,3,152,0.47812,0.67883,55.73
8,10,3,153,0.47789,0.67692,48.35
8,10,3,154,0.47765,0.67509,51.58
8,10,3,155,0.47747,0.67325,54.35
8,10,3,156,0.4774,0.6725,45.69
8,10,3,157,0.47718,0.67252,49.11
8,10,3,158,0.47683,0.67244,98.2
8,10,3,159,0.47649,0.67302,53.38
8,10,3,160,0.47582,0.67456,34.75
8,10,3,161,0.47527,0.67586,40.78
8,10,3,162,0.47478,0.67805,47.39
8,10,3,163,0.47462,0.68075,46.69
8,10,3,164,0.47456,0.68203,42.23
8,10,3,165,0.47492,0.68253,58.82
8,10,3,166,0.47509,0.68283,52.84
8,10,3,167,0.4753,0.6833,46.88
8,10,3,168,0.47523,0.68277,50.19
8,10,3,169,0.47507,0.68161,55.6
8,10,4,0,0.46481,0.66676,72.05
8,10,4,1,0.46479,0.6659,55.41
8,10,4,2,0.46478,0.66511,42.98
8,10,4,3,0.46513,0.66472,45.23
8,10,4,4,0.46552,0.66429,78.4
8,10,4,5,0.46594,0.6633,56.72
8,10,4,6,0.46649,0.66265,60.24
8,10,4,7,0.46661,0.66286,42.88
8,10,4,8,0.46647,0.66239,41.56
8,10,4,9,0.46629,0.66253,51.13
8,10,4,10,0.46633,0.66156,78.15
8,10,4,11,0.46658,0.66217,92.57
8,10,4,12,0.4666,0.66257,105.37
8,10,4,13,0.46682,0.66347,84.22
8,10,4,14,0.46693,0.66487,57.25
8,10,4,15,0.46704,0.66688,57.83
8,10,4,16,0.46672,0.6672,86.16
8,10,4,17,0.46648,0.66626,73.38
8,10,4,18,0.46646,0.66661,48.39
8,10,4,19,0.46646,0.66817,67.68
8,10,4,20,0.46674,0.6696,39.88
8,10,4,21,0.46707,0.67079,48.08
8,10,4,22,0.46736,0.67075,65.19
8,10,4,23,0.46765,0.67109,40.52
8,10,4,24,0.46791,0.67017,51.14
8,10,4,25,0.46781,0.66967,40.32
8,10,4,26,0.46787,0.66911,42.08
8,10,4,27,0.4676,0.66723,42.62
8,10,4,28,0.46758,0.66566,49.72
8,10,4,29,0.46738,0.66472,47.08
8,10,4,30,0.46703,0.66406,41.95
8,10,4,31,0.467,0.66341,48.47
8,10,4,32,0.46696,0.6614,55.7
8,10,4,33,0.46734,0.65975,75.98
8,10,4,34,0.46769,0.65933,49.96
8,10,4,35,0.46811,0.65989,51.19
8,10,4,36,0.46847,0.66039,40.97
8,10,4,37,0.46867,0.66039,45.06
8,10,4,38,0.46881,0.66034,38.88
8,10,4,39,0.46864,0.66016,42.27
8,10,4,40,0.4684,0.65989,39.4
8,10,4,41,0.46846,0.65986,50.94
8,10,4,42,0.46838,0.66006,44.95
8,10,4,43,0.46831,0.66054,41.86
8,10,4,44,0.46818,0.66086,42.63
8,10,4,45,0.46808,0.66101,64.09
8,10,4,46,0.4683,0.66083,60.52
8,10,4,47,0.46832,0.66092,43.96
8,10,4,48,0.46828,0.66105,40.83
8,10,4,49,0.46813,0.66061,44.95
8,10,4,50,0.46795,0.65994,47.1
8,10,4,51,0.46774,0.6591,39.98
8,10,4,52,0.46755,0.65855,65.94
8,10,4,53,0.46768,0.65822,62.82
8,10,4,54,0.46789,0.65778,35.67
8,10,4,55,0.46805,0.65625,40.89
8,10,4,56,0.46824,0.65448,54.71
8,10,4,57,0.46817,0.65301,47.21
8,10,4,58,0.46809,0.65413,38.23
8,10,4,59,0.46798,0.65591,43.85
8,10,4,60,0.46805,0.65516,45.58
8,10,4,61,0.46792,0.65382,50.19
8,10,4,62,0.46767,0.65225,42.07
8,10,4,63,0.46763,0.65317,39.34
8,10,4,64,0.46741,0.65467,60.57
8,10,4,65,0.4669,0.65421,40.26
8,10,4,66,0.46645,0.65388,44.3
8,10,4,67,0.46638,0.65358,46.96
8,10,4,68,0.46617,0.65369,87.27
8,10,4,69,0.46649,0.6532,53.12
8,10,4,70,0.46659,0.65232,46.74
8,10,4,71,0.46689,0.65092,39.53
8,10,4,72,0.46703,0.65107,32.11
8,10,4,73,0.4671,0.65211,39.44
8,10,4,74,0.46708,0.65248,41.4
8,10,4,75,0.46705,0.65163,39.55
8,10,4,76,0.46705,0.65141,45.96
8,10,4,77,0.46708,0.65236,41.14
8,10,4,78,0.46722,0.65408,42.94
8,10,4,79,0.46709,0.65649,41.05
8,10,4,80,0.46673,0.65759,58.73
8,10,4,81,0.46668,0.65847,86.21
8,10,4,82,0.46683,0.65933,57.23
8,10,4,83,0.46716,0.66115,41.66
8,10,4,84,0.46706,0.66082,42.43
8,10,4,85,0.46709,0.6596,47.63
8,10,4,86,0.46679,0.6591,44.83
8,10,4,87,0.46668,0.65872,42.83
8,10,4,88,0.46656,0.65733,40.34
8,10,4,89,0.46651,0.65633,45.31
8,10,4,90,0.46649,0.6556,47.89
8,10,4,91,0.4665,0.65541,92.34
8,10,4,92,0.46651,0.65513,65.89
8,10,4,93,0.46652,0.65519,45.29
8,10,4,94,0.46653,0.65526,43.07
8,10,4,95,0.4666,0.65538,60.46
8,10,4,96,0.46643,0.65594,50.43
8,10,4,97,0.46609,0.65718,69.4
8,10,4,98,0.46583,0.65825,82.42
8,10,4,99,0.46556,0.65792,80.05
8,10,4,100,0.46539,0.65723,75.26
8,10,4,101,0.46527,0.65686,104.57
8,10,4,102,0.46504,0.65468,84.57
8,10,4,103,0.46499,0.65395,102.05
8,10,4,104,0.46496,0.65407,80.81
8,10,4,105,0.46488,0.65488,64.28
8,10,4,106,0.46485,0.65661,77.34
8,10,4,107,0.46505,0.65793,32.59
8,10,4,108,0.46563,0.65881,56.15
8,10,4,109,0.46608,0.65901,85.76
8,10,4,110,0.46628,0.65866,66.79
8,10,4,111,0.46615,0.65799,45.53
8,10,4,112,0.46596,0.65883,49.22
8,10,4,113,0.46583,0.65983,40.34
8,10,4,114,0.46542,0.66011,46.98
8,10,4,115,0.4649,0.65928,58.37
8,10,4,116,0.46441,0.65924,86.12
8,10,4,117,0.46403,0.65977,51.55
8,10,4,118,0.46373,0.66001,53.41
8,10,4,119,0.46383,0.66,38.03
8,10,4,120,0.46415,0.66071,76.87
8,10,4,121,0.46404,0.65998,50.08
8,10,4,122,0.46418,0.65905,48.9
8,10,4,123,0.46441,0.65835,35.27
8,10,4,124,0.46469,0.65892,59.36
8,10,4,125,0.46485,0.65921,72.55
8,10,4,126,0.46491,0.65912,55.77
8,10,4,127,0.46501,0.65887,59.57
8,10,4,128,0.46487,0.6595,52.86
8,10,4,129,0.46458,0.66153,39.18
8,10,4,130,0.46425,0.66245,84.24
8,10,4,131,0.46394,0.66207,53.89
8,10,4,132,0.46391,0.6607,45.79
8,10,4,133,0.46404,0.66058,39.94
8,10,4,134,0.46444,0.66099,48.5
8,10,4,135,0.46537,0.66095,43.88
8,10,4,136,0.46614,0.66068,42.29
8,10,4,137,0.4671,0.6617,38.75
8,10,4,138,0.46805,0.66293,42.78
8,10,4,139,0.46923,0.6663,71.85
8,10,4,140,0.47028,0.67012,40.74
8,10,4,141,0.47117,0.67311,41.68
8,10,4,142,0.47217,0.67479,42.98
8,10,4,143,0.47304,0.675,40.32
8,10,4,144,0.47378,0.67556,45.83
8,10,4,145,0.47442,0.67655,39.33
8,10,4,146,0.4751,0.67755,45.59
8,10,4,147,0.47613,0.67727,44.29
8,10,4,148,0.47715,0.67612,41.73
8,10,4,149,0.47787,0.67397,52.74
8,10,4,150,0.47842,0.67137,41.27
8,10,4,151,0.47886,0.66826,37.07
8,10,5,0,0.48723,0.65919,37.28
8,10,5,1,0.48738,0.6607,43.24
8,10,5,2,0.48752,0.66322,63.87
8,10,5,3,0.48765,0.66429,43.72
8,10,5,4,0.48783,0.66488,45.22
8,10,5,5,0.48755,0.66283,45.0
8,10,5,6,0.48709,0.65974,40.01
8,10,5,7,0.48646,0.65469,37.97
8,10,5,8,0.48622,0.6494,37.07
8,10,5,9,0.4863,0.6487,62.73
8,10,5,10,0.48654,0.65011,65.52
8,10,5,11,0.4868,0.65152,42.54
8,10,5,12,0.48675,0.65234,80.82
8,10,5,13,0.4865,0.65132,81.55
8,10,5,14,0.48617,0.64961,76.77
8,10,5,15,0.48583,0.64705,51.97
8,10,5,16,0.48541,0.64363,49.64
8,10,5,17,0.48516,0.6411,38.97
8,10,5,18,0.48494,0.63876,84.05
8,10,5,19,0.48452,0.63666,63.42
8,10,5,20,0.484,0.63467,57.47
8,10,5,21,0.48355,0.63424,50.63
8,10,5,22,0.4833,0.63315,42.46
8,10,5,23,0.48332,0.63244,36.6
8,10,5,24,0.4834,0.63192,50.26
8,10,5,25,0.48347,0.63112,41.53
8,10,5,26,0.4833,0.63069,46.21
8,10,5,27,0.48301,0.62897,79.83
8,10,5,28,0.48272,0.62808,89.0
8,10,5,29,0.48248,0.62781,62.56
8,10,5,30,0.48215,0.6266,62.4
8,10,5,31,0.48195,0.62763,89.51
8,10,5,32,0.48184,0.62811,70.92
8,10,5,33,0.48174,0.62839,46.95
8,10,5,34,0.48138,0.62917,42.14
8,10,5,35,0.48078,0.63028,38.83
8,10,5,36,0.48019,0.6318,47.54
8,10,5,37,0.47987,0.63401,46.45
8,10,5,38,0.47972,0.63591,72.91
8,10,5,39,0.47969,0.63721,49.28
8,10,5,40,0.47989,0.63738,44.37
8,10,5,41,0.48021,0.63807,43.99
8,10,5,42,0.48064,0.64003,33.92
8,10,5,43,0.48095,0.64085,41.25
8,10,5,44,0.48116,0.64017,54.23
8,10,5,45,0.48132,0.64,45.87
8,10,5,46,0.48147,0.63999,41.15
8,10,5,47,0.48185,0.63972,41.63
8,10,5,48,0.48224,0.63888,44.2
8,10,5,49,0.48255,0.63808,42.22
8,10,5,50,0.48277,0.63847,49.16
8,10,5,51,0.48329,0.64004,43.24
8,10,5,52,0.48381,0.64108,41.7
8,10,5,53,0.48426,0.64304,62.42
8,10,5,54,0.48468,0.64445,46.58
8,10,5,55,0.4848,0.64606,36.91
8,10,5,56,0.48466,0.6457,40.94
8,10,5,57,0.48448,0.64497,37.5
8,10,5,58,0.48435,0.64426,40.88
8,10,5,59,0.4842,0.64389,37.69
8,10,5,60,0.48403,0.644,38.02
8,10,5,61,0.4838,0.6424,36.69
8,10,5,62,0.48356,0.64102,50.65
8,10,5,63,0.48332,0.63992,72.16
8,10,5,64,0.48309,0.63999,70.82
8,10,5,65,0.48324,0.64053,42.16
8,10,5,66,0.48349,0.64125,45.16
8,10,5,67,0.48402,0.64177,43.14
8,10,5,68,0.48445,0.64384,45.01
8,10,5,69,0.48512,0.64602,45.25
8,10,5,70,0.48554,0.64991,80.93
8,10,5,71,0.48572,0.65145,51.76
8,10,5,72,0.48586,0.65516,44.36
8,10,5,73,0.48628,0.65912,46.1
8,10,5,74,0.48677,0.66242,44.7
8,10,5,75,0.4872,0.66633,41.77
8,10,5,76,0.48757,0.66832,76.09
8,10,5,77,0.48768,0.66918,47.89
8,10,5,78,0.48783,0.6705,41.25
8,10,5,79,0.48756,0.67174,32.83
8,10,5,80,0.48712,0.66977,41.74
8,10,5,81,0.48657,0.66596,58.52
8,10,5,82,0.48608,0.6616,42.41
8,10,5,83,0.48551,0.65756,41.37
8,10,5,84,0.48486,0.65229,39.74
8,10,5,85,0.4844,0.64778,47.13
8,10,5,86,0.48412,0.64423,38.92
8,10,5,87,0.484,0.64256,76.88
8,10,5,88,0.48356,0.64232,39.38
8,10,5,89,0.48311,0.6413,45.26
8,10,5,90,0.48277,0.63944,48.7
8,10,5,91,0.4827,0.63775,50.17
8,10,5,92,0.48248,0.63724,46.06
8,10,5,93,0.48227,0.63722,50.61
8,10,5,94,0.48209,0.6366,50.64
8,10,5,95,0.48196,0.63564,56.93
8,10,5,96,0.48176,0.63443,46.13
8,10,5,97,0.48155,0.63434,50.53
8,10,5,98,0.48144,0.63506,45.04
8,10,5,99,0.48141,0.63536,48.64
8,10,5,100,0.48077,0.63621,71.68
8,10,5,101,0.48019,0.63839,45.28
8,10,5,102,0.47965,0.64125,44.2
8,10,5,103,0.47931,0.64466,37.55
8,10,5,104,0.47904,0.64716,42.64
8,10,5,105,0.4788,0.64889,39.11
8,10,5,106,0.47866,0.64974,39.41
8,10,5,107,0.47855,0.65017,90.81
8,10,5,108,0.47844,0.6503,56.69
8,10,5,109,0.47835,0.65023,50.02
8,10,5,110,0.47828,0.6503,42.95
8,10,5,111,0.4779,0.6506,40.28
8,10,5,112,0.47732,0.65061,41.06
8,10,5,113,0.47716,0.65112,45.86
8,10,5,114,0.47717,0.65211,36.14
8,10,5,115,0.47694,0.65326,41.05
8,10,5,116,0.47667,0.65456,36.32
8,10,5,117,0.47645,0.65486,43.34
8,10,5,118,0.47589,0.65459,72.94
8,10,5,119,0.47559,0.6537,47.68
8,10,5,120,0.47518,0.65501,46.45
8,10,5,121,0.47509,0.65631,73.02
8,10,5,122,0.47482,0.65792,61.69
8,10,5,123,0.47475,0.65868,42.92
8,10,5,124,0.47481,0.65851,59.42
8,10,5,125,0.47483,0.65849,41.08
8,10,5,126,0.47503,0.65783,38.28
8,10,5,127,0.47527,0.65639,48.05
8,10,5,128,0.4758,0.65473,47.01
8,10,5,129,0.4765,0.65415,39.69
8,10,5,130,0.47719,0.65355,39.02
8,10,5,131,0.47742,0.65178,54.95
8,10,5,132,0.47769,0.64884,46.68
8,10,5,133,0.47797,0.64689,80.68
8,10,5,134,0.47834,0.6458,60.31
8,10,5,135,0.4785,0.6457,76.09
8,10,5,136,0.47853,0.6462,54.7
8,10,5,137,0.47856,0.64805,45.85
8,10,5,138,0.47854,0.64935,41.15
8,10,5,139,0.47872,0.64986,42.95
8,10,5,140,0.4787,0.65041,89.63
8,10,5,141,0.47852,0.65077,50.88
8,10,5,142,0.47859,0.65138,53.45
8,10,5,143,0.47881,0.65153,48.32
8,10,5,144,0.47875,0.65214,41.76
8,10,5,145,0.47862,0.65202,55.84
8,10,5,146,0.4785,0.65179,53.0
8,10,5,147,0.47815,0.6522,73.45
8,10,5,148,0.47754,0.65244,45.81
8,10,5,149,0.47715,0.6516,59.16
8,10,5,150,0.4767,0.65234,40.07
8,10,5,151,0.47631,0.65287,44.22
8,10,5,152,0.47593,0.6531,39.18
8,10,5,153,0.47555,0.65346,51.05
8,10,5,154,0.47548,0.65391,49.76
8,10,5,155,0.47545,0.6553,59.79
8,10,5,156,0.47569,0.65638,45.9
8,10,5,157,0.47602,0.65608,81.48
8,10,5,158,0.47634,0.65552,87.49
8,10,5,159,0.47671,0.65636,62.76
8,10,5,160,0.4768,0.65702,86.07
8,10,5,161,0.47674,0.65692,61.64
8,10,5,162,0.4767,0.65611,47.42
8,10,5,163,0.47677,0.65573,57.5
8,10,5,164,0.4766,0.65628,73.86
8,10,5,165,0.47629,0.65672,43.5
8,10,5,166,0.47592,0.65682,54.11
8,10,5,167,0.47562,0.65771,47.05
8,10,5,168,0.47535,0.65836,75.4
8,10,5,169,0.47542,0.65898,36.41
8,10,5,170,0.47536,0.65941,38.11
8,10,5,171,0.47493,0.66065,39.08
8,10,5,172,0.4747,0.66261,40.21
8,10,5,173,0.47459,0.66376,36.08
8,10,5,174,0.4745,0.66388,36.48
8,10,5,175,0.47453,0.66342,54.6
8,10,5,176,0.47455,0.663,52.58
8,10,5,177,0.47459,0.66275,80.52
8,10,5,178,0.47455,0.66196,53.12
8,10,5,179,0.4745,0.66191,50.56
8,10,5,180,0.47478,0.66221,38.09
8,10,5,181,0.47511,0.66161,46.6
8,10,5,182,0.4754,0.66073,43.13
8,10,5,183,0.47563,0.65974,47.56
8,10,5,184,0.47578,0.65902,51.35
8,10,5,185,0.47589,0.6584,39.42
8,10,5,186,0.476,0.65793,44.79
8,10,5,187,0.47617,0.65935,39.03
9,10,1,0,0.77086,0.71059,52.72
9,10,1,1,0.77066,0.71329,42.75
9,10,1,2,0.77058,0.71461,75.09
9,10,1,3,0.77059,0.71432,42.02
9,10,1,4,0.77092,0.7131,40.94
9,10,1,5,0.77165,0.71139,76.27
9,10,1,6,0.7726,0.70976,69.79
9,10,1,7,0.77291,0.71057,69.59
9,10,1,8,0.77287,0.71412,49.05
9,10,1,9,0.77192,0.71864,44.62
9,10,1,10,0.77111,0.72233,40.62
9,10,1,11,0.77014,0.72491,40.71
9,10,1,12,0.76878,0.72794,50.23
9,10,1,13,0.76735,0.73164,77.65
9,10,1,14,0.76674,0.73016,74.55
9,10,1,15,0.76643,0.72491,47.65
9,10,1,16,0.76634,0.71858,37.7
9,10,1,17,0.7661,0.7124,38.36
9,10,1,18,0.76565,0.70789,42.32
9,10,1,19,0.76528,0.70333,39.91
9,10,1,20,0.76534,0.69835,38.94
9,10,1,21,0.76521,0.69942,40.41
9,10,1,22,0.76505,0.70197,50.35
9,10,1,23,0.76464,0.70781,69.77
9,10,1,24,0.76447,0.71132,85.57
9,10,1,25,0.7646,0.71234,44.91
9,10,1,26,0.76468,0.70982,65.22
9,10,1,27,0.76471,0.70729,73.68
9,10,1,28,0.76501,0.70448,41.85
9,10,1,29,0.76559,0.70079,39.09
9,10,1,30,0.76565,0.70001,36.25
9,10,1,31,0.76537,0.70088,44.64
9,10,1,32,0.7651,0.70094,47.42
9,10,1,33,0.76472,0.70121,37.92
9,10,1,34,0.76472,0.70221,40.93
9,10,1,35,0.7647,0.70232,32.3
9,10,1,36,0.76474,0.70499,46.26
9,10,1,37,0.7645,0.70776,41.47
9,10,1,38,0.76439,0.71177,50.6
9,10,1,39,0.7643,0.71567,36.83
9,10,1,40,0.76428,0.71866,34.96
9,10,1,41,0.76422,0.71872,48.1
9,10,1,42,0.76405,0.71779,38.7
9,10,1,43,0.76428,0.71684,41.2
9,10,1,44,0.76489,0.71759,38.69
9,10,1,45,0.76552,0.72162,42.55
9,10,1,46,0.7666,0.72285,49.5
9,10,1,47,0.76752,0.72403,50.19
9,10,1,48,0.76874,0.72412,40.35
9,10,1,49,0.77037,0.72378,36.36
9,10,1,50,0.77256,0.71988,40.93
9,10,1,51,0.77396,0.71666,43.49
9,10,1,52,0.77492,0.71524,55.62
9,10,1,53,0.77563,0.71545,36.23
9,10,1,54,0.77628,0.7152,62.88
9,10,1,55,0.77732,0.71509,44.25
9,10,1,56,0.7781,0.71533,40.09
9,10,1,57,0.77837,0.71584,83.84
9,10,1,58,0.77766,0.71407,41.91
9,10,1,59,0.77658,0.7123,72.8
9,10,1,60,0.77566,0.71056,46.87
9,10,1,61,0.77473,0.70916,40.08
9,10,1,62,0.77367,0.70888,40.94
9,10,1,63,0.77289,0.70804,37.44
9,10,1,64,0.77197,0.70675,45.4
9,10,1,65,0.77111,0.70623,45.88
9,10,1,66,0.77044,0.70566,51.98
9,10,1,67,0.76951,0.70236,44.21
9,10,1,68,0.76856,0.70047,39.12
9,10,1,69,0.76778,0.70179,40.56
9,10,1,70,0.76704,0.70465,39.39
9,10,1,71,0.76693,0.70561,42.32
9,10,1,72,0.76699,0.70733,36.61
9,10,1,73,0.76673,0.70976,49.3
9,10,1,74,0.76627,0.71246,44.0
9,10,1,75,0.76613,0.71406,49.45
9,10,1,76,0.7664,0.71255,44.68
9,10,1,77,0.76655,0.7101,48.22
9,10,1,78,0.76665,0.70735,41.94
9,10,1,79,0.76643,0.7043,40.45
9,10,1,80,0.76605,0.70284,43.85
9,10,1,81,0.76553,0.70305,33.48
9,10,1,82,0.76498,0.7047,39.55
9,10,1,83,0.76428,0.70764,48.15
9,10,1,84,0.7636,0.7098,36.69
9,10,1,85,0.76312,0.70977,42.15
9,10,1,86,0.76305,0.71021,38.26
9,10,1,87,0.76315,0.71134,40.6
9,10,1,88,0.76328,0.71331,45.94
9,10,1,89,0.76325,0.71436,42.16
9,10,1,90,0.76324,0.71287,40.59
9,10,1,91,0.76319,0.7105,39.11
9,10,1,92,0.76321,0.70749,33.85
9,10,1,93,0.76325,0.70462,27.47
9,10,1,94,0.76335,0.70073,37.01
9,10,1,95,0.76379,0.69702,47.76
9,10,1,96,0.76424,0.695,48.96
9,10,1,97,0.7646,0.69303,81.25
9,10,1,98,0.7649,0.69205,52.91
9,10,1,99,0.76519,0.69163,46.55
9,10,1,100,0.76558,0.68959,37.27
9,10,1,101,0.76594,0.68737,43.5
9,10,1,102,0.76615,0.68748,51.34
9,10,1,103,0.7662,0.68927,55.81
9,10,1,104,0.76605,0.68885,41.61
9,10,1,105,0.76585,0.68763,39.68
9,10,1,106,0.76574,0.68574,54.9
9,10,1,107,0.76569,0.6844,54.21
9,10,1,108,0.7654,0.68227,37.92
9,10,1,109,0.76513,0.67878,39.69
9,10,1,110,0.76465,0.67648,44.28
9,10,1,111,0.76429,0.67597,46.46
9,10,1,112,0.76398,0.67646,40.24
9,10,1,113,0.76365,0.6769,36.5
9,10,1,114,0.7633,0.67789,47.66
9,10,1,115,0.76299,0.67879,63.96
9,10,1,116,0.76274,0.67879,58.44
9,10,1,117,0.76273,0.67905,74.21
9,10,1,118,0.76277,0.67998,51.85
9,10,1,119,0.76262,0.68352,83.39
9,10,1,120,0.76217,0.68881,48.41
9,10,1,121,0.76207,0.69303,42.54
9,10,1,122,0.76184,0.69669,57.08
9,10,1,123,0.76188,0.69658,38.4
9,10,1,124,0.76175,0.69527,37.57
9,10,1,125,0.76177,0.69209,42.18
9,10,1,126,0.76175,0.68919,38.83
9,10,1,127,0.76174,0.6864,49.39
9,10,1,128,0.76181,0.68274,39.86
9,10,1,129,0.76189,0.68006,43.22
9,10,1,130,0.76227,0.67756,87.3
9,10,1,131,0.76269,0.67539,82.36
9,10,1,132,0.76302,0.676,49.37
9,10,1,133,0.76286,0.67802,33.96
9,10,1,134,0.76281,0.67969,78.77
9,10,1,135,0.76277,0.68163,41.71
9,10,1,136,0.76284,0.68246,73.38
9,10,1,137,0.76296,0.68239,53.61
9,10,1,138,0.76297,0.68376,62.7
9,10,1,139,0.76298,0.68456,42.78
9,10,1,140,0.76254,0.68607,55.2
9,10,1,141,0.76226,0.68782,39.48
9,10,1,142,0.76187,0.69138,43.57
9,10,1,143,0.76152,0.69447,35.26
9,10,1,144,0.76117,0.69641,70.83
9,10,1,145,0.7613,0.69669,83.72
9,10,1,146,0.76152,0.69758,132.74
9,10,1,147,0.76142,0.69859,103.78
9,10,1,148,0.76152,0.69881,88.85
9,10,1,149,0.76176,0.69872,88.96
9,10,1,150,0.7622,0.69666,49.63
9,10,1,151,0.76256,0.69497,70.81
9,10,1,152,0.76275,0.69434,49.89
9,10,1,153,0.76252,0.69454,50.07
9,10,1,154,0.76234,0.69569,54.18
9,10,1,155,0.76241,0.69605,45.67
9,10,1,156,0.76257,0.69594,43.27
9,10,1,157,0.76264,0.69748,46.21
9,10,2,0,0.7636,0.70639,90.68
9,10,2,1,0.76387,0.7089,58.12
9,10,2,2,0.76403,0.71235,73.91
9,10,2,3,0.76411,0.71581,60.06
9,10,2,4,0.76429,0.71705,35.84
9,10,2,5,0.76429,0.71978,53.96
9,10,2,6,0.76417,0.71989,39.33
9,10,2,7,0.76397,0.72005,63.51
9,10,2,8,0.76352,0.71848,42.38
9,10,2,9,0.76299,0.71578,45.09
9,10,2,10,0.7626,0.71298,38.11
9,10,2,11,0.76215,0.71142,43.96
9,10,2,12,0.76147,0.71118,43.11
9,10,2,13,0.76087,0.711,35.33
9,10,2,14,0.76055,0.71077,33.96
9,10,2,15,0.76064,0.70742,77.2
9,10,2,16,0.76082,0.70473,44.2
9,10,2,17,0.76098,0.70333,68.49
9,10,2,18,0.76103,0.70368,69.14
9,10,2,19,0.76071,0.7046,76.09
9,10,2,20,0.7605,0.70582,39.24
9,10,2,21,0.76024,0.70506,39.63
9,10,2,22,0.76015,0.70192,46.42
9,10,2,23,0.76025,0.69836,40.18
9,10,2,24,0.76019,0.69508,53.81
9,10,2,25,0.75974,0.69313,49.64
9,10,2,26,0.75937,0.69072,40.46
9,10,2,27,0.75921,0.68833,85.14
9,10,2,28,0.75919,0.68637,66.38
9,10,2,29,0.75911,0.68444,82.66
9,10,2,30,0.75894,0.68231,63.43
9,10,2,31,0.75895,0.68083,43.78
9,10,2,32,0.75933,0.67928,36.0
9,10,2,33,0.75976,0.67731,44.8
9,10,2,34,0.76018,0.67576,46.28
9,10,2,35,0.76068,0.67245,92.91
9,10,2,36,0.76112,0.66886,83.62
9,10,2,37,0.76131,0.66835,60.13
9,10,2,38,0.76139,0.66971,43.27
9,10,2,39,0.76135,0.67223,45.25
9,10,2,40,0.76138,0.67358,36.92
9,10,2,41,0.7611,0.6739,59.72
9,10,2,42,0.76062,0.67439,47.63
9,10,2,43,0.75999,0.67573,48.91
9,10,2,44,0.7596,0.67602,42.69
9,10,2,45,0.75934,0.67575,35.11
9,10,2,46,0.75931,0.67485,47.16
9,10,2,47,0.75928,0.67468,40.67
9,10,2,48,0.75931,0.67461,38.13
9,10,2,49,0.75965,0.67571,79.28
9,10,2,50,0.75974,0.6762,68.12
9,10,2,51,0.75966,0.6769,73.1
9,10,2,52,0.75976,0.67752,43.79
9,10,2,53,0.75994,0.67821,44.33
9,10,2,54,0.76041,0.6778,42.1
9,10,2,55,0.76101,0.67625,48.52
9,10,2,56,0.76161,0.67558,49.07
9,10,2,57,0.76179,0.6751,42.18
9,10,2,58,0.76162,0.67566,41.06
9,10,2,59,0.76134,0.67957,35.84
9,10,2,60,0.76119,0.68241,37.1
9,10,2,61,0.76109,0.6857,45.98
9,10,2,62,0.76077,0.68816,41.5
9,10,2,63,0.76076,0.68637,42.13
9,10,2,64,0.76074,0.68404,33.65
9,10,2,65,0.76086,0.68015,56.67
9,10,2,66,0.7609,0.67597,35.77
9,10,2,67,0.76101,0.67597,37.12
9,10,2,68,0.7613,0.6757,50.29
9,10,2,69,0.76168,0.67507,53.74
9,10,2,70,0.76197,0.67191,45.26
9,10,2,71,0.7621,0.66968,47.48
9,10,2,72,0.76218,0.66795,69.93
9,10,2,73,0.76199,0.66714,43.15
9,10,2,74,0.76204,0.66728,47.42
9,10,2,75,0.76188,0.66829,51.99
9,10,2,76,0.76165,0.66862,43.5
9,10,2,77,0.76139,0.66997,44.16
9,10,2,78,0.76099,0.67062,48.46
9,10,2,79,0.76067,0.67184,73.95
9,10,2,80,0.76072,0.67049,69.26
9,10,2,81,0.76072,0.6692,52.62
9,10,2,82,0.76062,0.66925,61.37
9,10,2,83,0.76072,0.66985,43.17
9,10,2,84,0.76096,0.66931,49.6
9,10,2,85,0.76122,0.6678,43.93
9,10,2,86,0.76142,0.66685,38.75
9,10,2,87,0.76159,0.66638,48.89
9,10,2,88,0.76171,0.66667,36.4
9,10,2,89,0.76174,0.66815,66.59
9,10,2,90,0.76176,0.66988,40.11
9,10,2,91,0.76186,0.67029,43.3
9,10,2,92,0.76193,0.67082,41.66
9,10,2,93,0.76193,0.67139,42.96
9,10,2,94,0.76203,0.67046,71.49
9,10,2,95,0.76202,0.6707,59.66
9,10,2,96,0.76201,0.67041,126.06
9,10,2,97,0.76191,0.67051,62.72
9,10,2,98,0.76158,0.67062,75.45
9,10,2,99,0.76128,0.67023,48.65
9,10,2,100,0.76109,0.66972,44.49
9,10,2,101,0.76082,0.66802,49.48
9,10,2,102,0.76094,0.66845,39.7
9,10,2,103,0.76086,0.67026,62.48
9,10,2,104,0.76062,0.67342,42.29
9,10,2,105,0.76072,0.67586,39.97
9,10,2,106,0.7608,0.67659,47.81
9,10,2,107,0.76094,0.67506,40.02
9,10,2,108,0.76124,0.67177,49.34
9,10,2,109,0.76137,0.66988,62.28
9,10,2,110,0.76132,0.66971,46.66
9,10,2,111,0.76151,0.67021,44.92
9,10,2,112,0.76152,0.67037,56.88
9,10,2,113,0.76153,0.66903,41.12
9,10,2,114,0.76152,0.66801,65.97
9,10,2,115,0.7616,0.66687,40.0
9,10,2,116,0.7614,0.66568,42.08
9,10,2,117,0.7612,0.66338,40.05
9,10,2,118,0.76105,0.66098,43.02
9,10,3,0,0.76018,0.66099,56.27
9,10,3,1,0.75973,0.66508,40.55
9,10,3,2,0.7594,0.66798,45.6
9,10,3,3,0.75907,0.67047,40.47
9,10,3,4,0.75893,0.67037,39.05
9,10,3,5,0.75876,0.66999,58.22
9,10,3,6,0.75869,0.66951,33.41
9,10,3,7,0.75887,0.66698,37.53
9,10,3,8,0.75905,0.66563,54.53
9,10,3,9,0.75947,0.66172,37.08
9,10,3,10,0.75957,0.65767,36.3
9,10,3,11,0.75993,0.65235,40.41
9,10,3,12,0.75988,0.65007,41.99
9,10,3,13,0.75997,0.64897,53.29
9,10,3,14,0.75992,0.64648,48.96
9,10,3,15,0.75954,0.64357,57.53
9,10,3,16,0.75938,0.64197,42.7
9,10,3,17,0.75933,0.64076,46.02
9,10,3,18,0.75934,0.63856,38.49
9,10,3,19,0.75932,0.63722,41.28
9,10,3,20,0.75926,0.63607,101.4
9,10,3,21,0.7594,0.63611,81.7
9,10,3,22,0.75944,0.63553,43.57
9,10,3,23,0.75969,0.63492,49.41
9,10,3,24,0.75977,0.6367,46.81
9,10,3,25,0.75962,0.64145,36.02
9,10,3,26,0.75977,0.64524,72.21
9,10,3,27,0.76014,0.64873,42.26
9,10,3,28,0.76006,0.65374,50.16
9,10,3,29,0.75982,0.65884,43.97
9,10,3,30,0.75953,0.66281,45.24
9,10,3,31,0.75958,0.66197,37.7
9,10,3,32,0.75953,0.66208,65.0
9,10,3,33,0.75954,0.66314,38.98
9,10,3,34,0.75951,0.66162,36.63
9,10,3,35,0.75911,0.65871,42.41
9,10,3,36,0.75869,0.65552,33.67
9,10,3,37,0.75816,0.65386,59.94
9,10,3,38,0.75785,0.65077,93.88
9,10,3,39,0.75787,0.64728,83.51
9,10,3,40,0.75779,0.64365,40.37
9,10,3,41,0.75807,0.64013,45.41
9,10,3,42,0.75842,0.6375,81.18
9,10,3,43,0.75902,0.63382,58.72
9,10,3,44,0.75936,0.63504,68.35
9,10,3,45,0.75961,0.63719,64.57
9,10,3,46,0.75985,0.63833,55.25
9,10,3,47,0.75997,0.63752,86.38
9,10,3,48,0.75998,0.6365,60.99
9,10,3,49,0.76014,0.63246,41.25
9,10,3,50,0.76034,0.62921,39.8
9,10,3,51,0.7605,0.62694,47.78
9,10,3,52,0.76068,0.62433,34.91
9,10,3,53,0.76048,0.62318,70.8
9,10,3,54,0.75997,0.62381,39.48
9,10,3,55,0.75953,0.62367,39.79
9,10,3,56,0.75912,0.62313,52.23
9,10,3,57,0.75912,0.62182,38.66
9,10,3,58,0.7593,0.61992,64.65
9,10,3,59,0.75964,0.61895,45.7
9,10,3,60,0.75998,0.62052,48.54
9,10,3,61,0.76029,0.6225,73.86
9,10,3,62,0.76026,0.62436,45.9
9,10,3,63,0.76021,0.62488,59.01
9,10,3,64,0.75977,0.62645,38.08
9,10,3,65,0.75908,0.6292,48.96
9,10,3,66,0.75837,0.63298,39.21
9,10,3,67,0.75794,0.63467,72.99
9,10,3,68,0.75763,0.63553,40.75
9,10,3,69,0.75735,0.63599,50.16
9,10,3,70,0.7571,0.63578,34.64
9,10,3,71,0.75689,0.63508,42.37
9,10,3,72,0.75674,0.63489,39.25
9,10,3,73,0.75692,0.6348,51.07
9,10,3,74,0.75694,0.6348,47.75
9,10,3,75,0.75689,0.63459,38.46
9,10,3,76,0.75682,0.63418,34.49
9,10,3,77,0.75678,0.63339,43.88
9,10,3,78,0.75669,0.63253,39.94
9,10,3,79,0.75669,0.63194,35.18
9,10,3,80,0.75675,0.63052,80.23
9,10,3,81,0.75716,0.62894,39.89
9,10,3,82,0.75768,0.62707,58.85
9,10,3,83,0.7582,0.62504,87.86
9,10,3,84,0.75869,0.6238,56.37
9,10,3,85,0.75919,0.62186,45.99
9,10,3,86,0.7596,0.61955,52.18
9,10,3,87,0.75977,0.61864,48.56
9,10,3,88,0.75981,0.61924,43.86
9,10,3,89,0.75977,0.62003,58.9
9,10,3,90,0.75972,0.6209,49.52
9,10,3,91,0.75979,0.62117,41.1
9,10,3,92,0.75986,0.62106,38.16
9,10,3,93,0.75989,0.62078,59.46
9,10,3,94,0.75988,0.62052,77.0
9,10,3,95,0.7598,0.6209,47.38
9,10,3,96,0.75975,0.6206,76.04
9,10,3,97,0.75972,0.61993,50.07
9,10,3,98,0.75951,0.62168,38.92
9,10,3,99,0.75915,0.62453,39.5
9,10,3,100,0.75898,0.62797,70.65
9,10,3,101,0.75895,0.63116,73.87
9,10,3,102,0.759,0.63391,47.21
9,10,3,103,0.75895,0.63804,48.41
9,10,3,104,0.75879,0.64281,46.13
9,10,3,105,0.75854,0.64754,30.15
9,10,3,106,0.75823,0.65151,38.7
9,10,3,107,0.75783,0.65542,49.76
9,10,3,108,0.75771,0.65959,80.65
9,10,3,109,0.75771,0.66335,50.44
9,10,3,110,0.75743,0.66702,45.15
9,10,3,111,0.7575,0.66903,36.99
9,10,3,112,0.75773,0.6698,44.55
9,10,3,113,0.75808,0.66981,44.44
9,10,3,114,0.75843,0.66947,45.96
9,10,3,115,0.75864,0.67012,43.96
9,10,3,116,0.7588,0.67143,44.39
9,10,3,117,0.75881,0.66902,40.2
9,10,3,118,0.75887,0.66525,36.46
9,10,3,119,0.7587,0.66389,65.92
9,10,3,120,0.75843,0.66362,62.91
9,10,3,121,0.75816,0.6645,40.73
9,10,3,122,0.75784,0.66542,45.32
9,10,3,123,0.75765,0.66526,56.55
9,10,3,124,0.75783,0.66295,41.67
9,10,3,125,0.75791,0.65962,38.3
9,10,3,126,0.7579,0.65706,70.13
9,10,3,127,0.75792,0.65363,87.93
9,10,3,128,0.75792,0.65083,73.18
9,10,3,129,0.75798,0.6482,80.82
9,10,3,130,0.75807,0.64626,61.13
9,10,3,131,0.75823,0.64389,39.75
9,10,3,132,0.75832,0.64208,40.76
9,10,4,0,0.75834,0.63223,79.45
9,10,4,1,0.75839,0.63167,67.78
9,10,4,2,0.75877,0.63136,115.83
9,10,4,3,0.75898,0.63447,79.02
9,10,4,4,0.7593,0.64057,75.73
9,10,4,5,0.75973,0.64568,76.4
9,10,4,6,0.76003,0.65005,74.68
9,10,4,7,0.76018,0.65454,71.86
9,10,4,8,0.76025,0.6584,67.62
9,10,4,9,0.76025,0.6622,42.8
9,10,4,10,0.76021,0.66531,44.93
9,10,4,11,0.76019,0.66831,44.05
9,10,4,12,0.76021,0.67015,37.04
9,10,4,13,0.76015,0.6719,58.58
9,10,4,14,0.7601,0.67276,49.74
9,10,4,15,0.76011,0.67234,69.55
9,10,4,16,0.76005,0.67276,46.11
9,10,4,17,0.76017,0.67365,51.88
9,10,4,18,0.7603,0.67414,47.61
9,10,4,19,0.7605,0.67284,43.59
9,10,4,20,0.76051,0.67235,73.57
9,10,4,21,0.76051,0.6715,80.58
9,10,4,22,0.76061,0.67059,44.44
9,10,4,23,0.76075,0.67035,63.36
9,10,4,24,0.76096,0.67018,43.51
9,10,4,25,0.7608,0.67214,42.5
9,10,4,26,0.76091,0.67386,39.05
9,10,4,27,0.76114,0.67487,49.3
9,10,4,28,0.7612,0.67434,34.07
9,10,4,29,0.76125,0.67656,36.22
9,10,4,30,0.76114,0.68088,52.04
9,10,4,31,0.76114,0.6831,44.86
9,10,4,32,0.76113,0.68388,33.94
9,10,4,33,0.76156,0.68195,51.77
9,10,4,34,0.76207,0.68066,40.93
9,10,4,35,0.76245,0.68003,34.69
9,10,4,36,0.76294,0.67819,49.61
9,10,4,37,0.76356,0.67561,41.3
9,10,4,38,0.76378,0.67348,66.45
9,10,4,39,0.76373,0.67262,77.75
9,10,4,40,0.76353,0.67293,54.3
9,10,4,41,0.76284,0.67424,52.15
9,10,4,42,0.76241,0.67565,40.82
9,10,4,43,0.76208,0.67736,43.48
9,10,4,44,0.76189,0.67758,36.11
9,10,4,45,0.76179,0.67772,38.06
9,10,4,46,0.76168,0.6782,46.61
9,10,4,47,0.7616,0.67852,40.38
9,10,4,48,0.76162,0.67803,34.27
9,10,4,49,0.76209,0.67671,49.41
9,10,4,50,0.76268,0.67512,38.5
9,10,4,51,0.76297,0.67525,34.87
9,10,4,52,0.76317,0.67724,40.81
9,10,4,53,0.76355,0.67848,65.92
9,10,4,54,0.76384,0.67919,81.65
9,10,4,55,0.76395,0.67952,76.97
9,10,4,56,0.76398,0.67974,40.77
9,10,4,57,0.76389,0.67991,51.23
9,10,4,58,0.76373,0.68102,39.12
9,10,4,59,0.76367,0.68097,38.13
9,10,4,60,0.7636,0.68053,55.56
9,10,4,61,0.76342,0.6819,115.93
9,10,4,62,0.76314,0.68476,89.65
9,10,4,63,0.763,0.68737,83.21
9,10,4,64,0.76316,0.68687,93.06
9,10,4,65,0.7631,0.6856,49.28
9,10,4,66,0.76288,0.68498,52.6
9,10,4,67,0.76279,0.68296,33.97
9,10,4,68,0.76246,0.68106,37.19
9,10,4,69,0.76182,0.68221,80.27
9,10,4,70,0.76132,0.68514,49.26
9,10,4,71,0.76102,0.68669,40.23
9,10,4,72,0.76044,0.68798,44.01
9,10,4,73,0.75984,0.6896,37.93
9,10,4,74,0.7595,0.68938,40.6
9,10,4,75,0.75932,0.68835,35.91
9,10,4,76,0.7594,0.68566,39.98
9,10,4,77,0.75936,0.68506,46.0
9,10,4,78,0.7593,0.68521,36.85
9,10,4,79,0.75919,0.68585,42.92
9,10,4,80,0.75908,0.6865,36.23
9,10,4,81,0.75898,0.68725,41.5
9,10,4,82,0.75887,0.68817,58.13
9,10,4,83,0.75892,0.68977,53.61
9,10,4,84,0.75893,0.68994,84.98
9,10,4,85,0.75898,0.68882,80.43
9,10,4,86,0.75869,0.68657,70.94
9,10,4,87,0.75869,0.68346,43.89
9,10,4,88,0.75862,0.67965,44.89
9,10,4,89,0.7587,0.67774,49.3
9,10,4,90,0.75876,0.67745,40.61
9,10,4,91,0.75886,0.67757,59.68
9,10,4,92,0.759,0.67724,37.4
9,10,4,93,0.7593,0.67663,51.24
9,10,4,94,0.75975,0.67531,51.71
9,10,4,95,0.76004,0.67411,48.21
9,10,4,96,0.7602,0.67315,58.16
9,10,4,97,0.76033,0.67174,53.39
9,10,4,98,0.76074,0.67038,60.46
9,10,4,99,0.76098,0.67147,42.91
9,10,4,100,0.7612,0.67271,80.94
9,10,4,101,0.76128,0.67449,44.98
9,10,4,102,0.76151,0.67368,42.15
9,10,4,103,0.76176,0.67168,36.32
9,10,4,104,0.762,0.66998,44.95
9,10,4,105,0.76173,0.66963,50.33
9,10,4,106,0.76168,0.67019,50.21
9,10,4,107,0.76148,0.67091,61.43
9,10,4,108,0.76158,0.67205,41.26
9,10,4,109,0.76149,0.67307,45.62
9,10,4,110,0.76145,0.67576,43.99
9,10,4,111,0.7615,0.67699,48.09
9,10,4,112,0.7614,0.67866,47.71
9,10,4,113,0.76139,0.67969,39.82
9,10,4,114,0.76112,0.68105,47.87
9,10,4,115,0.76067,0.68355,45.15
9,10,4,116,0.76019,0.68616,36.27
9,10,4,117,0.75992,0.68666,48.39
9,10,4,118,0.75973,0.6877,49.48
9,10,4,119,0.75976,0.68704,40.04
9,10,4,120,0.75979,0.68614,37.53
9,10,4,121,0.7598,0.68506,41.23
9,10,4,122,0.7597,0.68436,38.76
9,10,4,123,0.75969,0.68266,45.82
9,10,4,124,0.75957,0.68195,38.54
9,10,4,125,0.7597,0.68153,39.35
9,10,4,126,0.75984,0.68169,48.3
9,10,4,127,0.76051,0.67942,48.45
9,10,4,128,0.76118,0.67538,35.98
9,10,4,129,0.76159,0.67251,37.0
9,10,4,130,0.76179,0.67176,35.97
9,10,4,131,0.76186,0.67173,37.13
9,10,4,132,0.76186,0.67191,33.97
9,10,4,133,0.76219,0.67199,39.67
9,10,4,134,0.76241,0.67165,47.87
9,10,4,135,0.76245,0.67209,34.38
9,10,4,136,0.76239,0.6726,48.56
9,10,4,137,0.76236,0.67232,49.64
9,10,4,138,0.76231,0.67224,33.58
9,10,4,139,0.76224,0.67218,41.98
9,10,4,140,0.76221,0.67151,52.21
9,10,4,141,0.76221,0.67035,50.47
9,10,4,142,0.76226,0.66893,38.09
9,10,4,143,0.76237,0.6668,38.03
9,10,4,144,0.76242,0.66611,37.59
9,10,4,145,0.76241,0.66589,33.41
9,10,4,146,0.76247,0.66497,42.88
9,10,4,147,0.76243,0.66532,37.36
9,10,5,0,0.76323,0.69647,45.85
9,10,5,1,0.76312,0.70377,47.07
9,10,5,2,0.76332,0.70555,42.24
9,10,5,3,0.76336,0.70411,45.28
9,10,5,4,0.76322,0.70354,46.92
9,10,5,5,0.76283,0.70151,35.5
9,10,5,6,0.76206,0.70026,55.02
9,10,5,7,0.7612,0.69836,43.25
9,10,5,8,0.76072,0.69635,41.32
9,10,5,9,0.76087,0.69352,42.85
9,10,5,10,0.76122,0.6909,33.24
9,10,5,11,0.76214,0.68685,40.19
9,10,5,12,0.76225,0.68683,35.71
9,10,5,13,0.76196,0.68888,44.53
9,10,5,14,0.7616,0.69132,64.38
9,10,5,15,0.76133,0.69398,38.62
9,10,5,16,0.76152,0.69358,63.0
9,10,5,17,0.76175,0.69189,38.45
9,10,5,18,0.76165,0.68997,40.08
9,10,5,19,0.76138,0.68836,57.68
9,10,5,20,0.76072,0.6867,43.49
9,10,5,21,0.76025,0.68583,38.0
9,10,5,22,0.76,0.68452,46.34
9,10,5,23,0.76022,0.68317,33.59
9,10,5,24,0.76009,0.68299,33.53
9,10,5,25,0.7604,0.68316,38.78
9,10,5,26,0.76074,0.68333,42.76
9,10,5,27,0.76116,0.6845,37.5
9,10,5,28,0.76143,0.68512,59.5
9,10,5,29,0.76137,0.68522,50.94
9,10,5,30,0.7611,0.68476,69.7
9,10,5,31,0.76119,0.6837,51.17
9,10,5,32,0.76126,0.68201,71.58
9,10,5,33,0.7613,0.68156,61.03
9,10,5,34,0.76112,0.68133,40.58
9,10,5,35,0.76105,0.68215,53.68
9,10,5,36,0.76058,0.68502,50.77
9,10,5,37,0.76031,0.68843,42.76
9,10,5,38,0.76041,0.68716,37.5
9,10,5,39,0.76058,0.6845,36.24
9,10,5,40,0.76092,0.68312,40.89
9,10,5,41,0.76132,0.68142,38.74
9,10,5,42,0.76145,0.68237,46.56
9,10,5,43,0.76148,0.68507,37.25
9,10,5,44,0.76143,0.68573,44.78
9,10,5,45,0.76138,0.68552,38.81
9,10,5,46,0.76135,0.68487,53.24
9,10,5,47,0.76123,0.68537,34.42
9,10,5,48,0.76108,0.68611,39.98
9,10,5,49,0.76111,0.68718,42.46
9,10,5,50,0.76156,0.68838,42.5
9,10,5,51,0.76215,0.68847,44.54
9,10,5,52,0.76269,0.68805,36.7
9,10,5,53,0.76312,0.68818,54.37
9,10,5,54,0.76314,0.68817,42.53
9,10,5,55,0.76331,0.6884,41.51
9,10,5,56,0.76327,0.68769,57.94
9,10,5,57,0.7635,0.68694,62.25
9,10,5,58,0.76342,0.68719,80.68
9,10,5,59,0.76314,0.68789,80.96
9,10,5,60,0.76264,0.68906,46.81
9,10,5,61,0.76249,0.69058,65.96
9,10,5,62,0.76245,0.69268,35.61
9,10,5,63,0.76243,0.69753,45.92
9,10,5,64,0.76222,0.70124,37.9
9,10,5,65,0.76214,0.705,41.62
9,10,5,66,0.76203,0.70986,42.25
9,10,5,67,0.7619,0.71442,38.35
9,10,5,68,0.76192,0.71654,37.03
9,10,5,69,0.76212,0.71604,48.85
9,10,5,70,0.7623,0.71564,49.33
9,10,5,71,0.76258,0.71359,47.82
9,10,5,72,0.76292,0.71057,40.39
9,10,5,73,0.76304,0.70998,62.12
9,10,5,74,0.76313,0.70957,46.27
9,10,5,75,0.76282,0.70847,35.65
9,10,5,76,0.76243,0.70744,34.23
9,10,5,77,0.76179,0.70839,41.85
9,10,5,78,0.76107,0.71092,40.47
9,10,5,79,0.76086,0.7121,82.45
9,10,5,80,0.7608,0.71373,79.19
9,10,5,81,0.76087,0.7149,43.06
9,10,5,82,0.76102,0.71533,37.71
9,10,5,83,0.76119,0.71595,70.58
9,10,5,84,0.76128,0.71751,43.19
9,10,5,85,0.76157,0.71744,39.75
9,10,5,86,0.76178,0.71839,84.17
9,10,5,87,0.76179,0.71793,77.23
9,10,5,88,0.76159,0.71617,43.02
9,10,5,89,0.76129,0.71558,37.52
9,10,5,90,0.7611,0.71316,43.28
9,10,5,91,0.76129,0.70959,42.0
9,10,5,92,0.76165,0.70752,41.29
9,10,5,93,0.76165,0.70638,51.57
9,10,5,94,0.7615,0.7062,82.66
9,10,5,95,0.76163,0.7054,53.12
9,10,5,96,0.76187,0.70538,55.46
9,10,5,97,0.76214,0.70536,60.08
9,10,5,98,0.76187,0.707,41.44
9,10,5,99,0.7616,0.70814,50.53
9,10,5,100,0.76148,0.70615,44.55
9,10,5,101,0.76148,0.70298,71.42
9,10,5,102,0.76162,0.69999,52.55
9,10,5,103,0.76181,0.69704,54.19
9,10,5,104,0.76191,0.69575,35.63
9,10,5,105,0.76238,0.69434,42.15
9,10,5,106,0.76282,0.69353,48.83
9,10,5,107,0.76266,0.6956,42.91
9,10,5,108,0.76228,0.69724,38.58
9,10,5,109,0.76215,0.69871,35.82
9,10,5,110,0.76209,0.70106,48.68
9,10,5,111,0.76228,0.70185,38.33
9,10,5,112,0.76242,0.70282,56.66
9,10,5,113,0.76271,0.70193,52.6
9,10,5,114,0.76307,0.70008,81.07
9,10,5,115,0.76335,0.69863,70.73
9,10,5,116,0.76329,0.69673,49.47
9,10,5,117,0.76305,0.69487,55.94
9,10,5,118,0.76263,0.69344,47.46
9,10,5,119,0.76234,0.69334,48.41
9,10,5,120,0.76206,0.69224,39.36
9,10,5,121,0.7618,0.6924,44.42
9,10,5,122,0.76159,0.6921,54.0
9,10,5,123,0.76129,0.69312,45.01
9,10,5,124,0.76124,0.69334,39.94
9,10,5,125,0.76127,0.69385,45.05
9,10,5,126,0.76159,0.69149,46.9
9,10,5,127,0.76219,0.68684,37.75
9,10,5,128,0.76238,0.68396,43.96
9,10,5,129,0.76247,0.68139,37.89
9,10,5,130,0.76255,0.67953,40.04
9,10,5,131,0.76248,0.67937,56.57
9,10,5,132,0.76237,0.67952,77.0
9,10,5,133,0.76186,0.67982,47.34
9,10,5,134,0.76147,0.68057,32.32
9,10,5,135,0.76127,0.6816,37.71
9,10,5,136,0.76091,0.68141,56.43
9,10,5,137,0.76089,0.68002,37.82
9,10,5,138,0.76103,0.67783,37.86
9,10,5,139,0.76118,0.67604,41.21
9,10,5,140,0.76134,0.67426,36.26
9,10,5,141,0.76157,0.67257,78.43
9,10,5,142,0.76176,0.67152,45.63
9,10,5,143,0.76188,0.67105,56.67
9,10,5,144,0.76189,0.67109,44.43
9,10,5,145,0.76224,0.67084,40.15
9,10,5,146,0.76247,0.66967,41.26
9,10,5,147,0.7626,0.67169,50.85
9,10,5,148,0.76268,0.67508,41.51
9,10,5,149,0.76268,0.67818,35.96
9,10,5,150,0.76275,0.67993,49.74
9,10,5,151,0.76289,0.68164,37.92
9,10,5,152,0.76282,0.68189,79.89
9,10,5,153,0.76261,0.6826,59.68
9,10,5,154,0.76202,0.68367,31.89
9,10,5,155,0.76142,0.68477,42.89
9,10,5,156,0.76073,0.68486,44.47
9,10,5,157,0.76029,0.68322,56.55
9,10,5,158,0.76011,0.68104,42.37
9,10,5,159,0.76,0.6786,86.13
9,10,5,160,0.76,0.6762,53.22
9,10,5,161,0.7601,0.67251,42.57
9,10,5,162,0.7602,0.66995,43.06
9,10,5,163,0.76062,0.66798,55.05
9,10,5,164,0.76067,0.66762,46.83
9,10,5,165,0.7608,0.6683,42.5
9,10,5,166,0.76097,0.66981,44.43
9,10,5,167,0.76082,0.672,42.95
9,10,5,168,0.76096,0.67396,44.67
9,10,5,169,0.76083,0.67631,55.82
9,10,5,170,0.76041,0.67655,39.45
9,10,5,171,0.75978,0.67752,33.3
9,10,5,172,0.75951,0.67728,61.78
9,10,5,173,0.75944,0.67767,84.14
9,10,5,174,0.7594,0.6784,50.96
9,10,5,175,0.75944,0.6781,50.83
9,10,5,176,0.75942,0.67836,39.64
9,10,5,177,0.75953,0.67779,65.18
9,10,5,178,0.75927,0.67851,33.23
9,10,5,179,0.75891,0.67968,42.75
9,10,5,180,0.75879,0.6775,39.53
9,10,5,181,0.75871,0.67526,43.18
9,10,5,182,0.75866,0.67271,34.43
9,10,5,183,0.75868,0.67028,45.42
9,10,5,184,0.75858,0.66838,78.91
9,10,5,185,0.7585,0.66695,54.13
9,10,5,186,0.75841,0.66626,38.06
9,10,5,187,0.75823,0.66709,42.04
9,10,5,188,0.75802,0.66897,35.08
9,10,5,189,0.75809,0.67116,37.44
9,10,5,190,0.75825,0.67368,49.82
9,10,5,191,0.75841,0.67531,62.24
9,10,5,192,0.75846,0.67678,43.8
9,10,5,193,0.75838,0.67802,51.39
9,10,5,194,0.75818,0.67979,38.83
9,10,5,195,0.7581,0.68,36.82
9,10,5,196,0.75824,0.68061,40.83
9,10,5,197,0.75822,0.6813,44.67
9,10,5,198,0.75793,0.681,41.36
9,10,5,199,0.75747,0.68053,36.75
9,10,5,200,0.75702,0.68052,42.93
9,10,5,201,0.7564,0.68297,40.43
9,10,5,202,0.75609,0.6873,39.15
9,10,5,203,0.75593,0.69188,36.43
9,10,5,204,0.75608,0.69499,40.69
9,10,5,205,0.75623,0.69577,35.19
9,10,5,206,0.7568,0.69395,43.98
9,10,5,207,0.7571,0.69186,39.17
9,10,5,208,0.75738,0.68987,40.72
9,10,5,209,0.75777,0.68779,57.92
9,10,5,210,0.75789,0.68514,42.46
1,30,1,0,0.14822,0.07301,83.0
1,30,1,1,0.14681,0.07345,45.65
1,30,1,2,0.1459,0.07213,59.71
1,30,1,3,0.14586,0.07348,34.38
1,30,1,4,0.14536,0.07732,42.07
1,30,1,5,0.14456,0.07526,36.43
1,30,1,6,0.1437,0.06896,40.02
1,30,1,7,0.14319,0.06387,35.21
1,30,1,8,0.14238,0.05929,42.94
1,30,1,9,0.14147,0.05473,46.88
1,30,1,10,0.14058,0.04817,39.89
1,30,1,11,0.14038,0.04137,42.67
1,30,1,12,0.16931,0.41905,44.28
1,30,1,13,0.16816,0.41663,39.7
1,30,1,14,0.16659,0.41789,82.0
1,30,1,15,0.16514,0.42292,61.37
1,30,1,16,0.16382,0.42985,64.28
1,30,1,17,0.16337,0.43679,49.46
1,30,1,18,0.16354,0.44985,59.1
1,30,1,19,0.16449,0.46637,45.27
1,30,1,20,0.16606,0.48792,41.25
1,30,1,21,0.16822,0.51565,48.37
1,30,1,22,0.17031,0.53647,50.08
1,30,1,23,0.17122,0.54657,46.77
1,30,1,24,0.17112,0.53539,41.61
1,30,1,25,0.17096,0.52299,52.16
1,30,1,26,0.17182,0.51569,46.82
1,30,1,27,0.17355,0.51307,43.62
1,30,1,28,0.17481,0.50668,58.95
1,30,1,29,0.17615,0.49969,56.73
1,30,1,30,0.1767,0.49324,82.39
1,30,1,31,0.17577,0.48441,125.42
1,30,1,32,0.17467,0.48195,93.14
1,30,1,33,0.17369,0.48511,57.95
1,30,1,34,0.17275,0.49013,85.93
1,30,1,35,0.17154,0.48653,61.75
1,30,1,36,0.16888,0.47754,91.1
1,30,1,37,0.16636,0.47426,74.67
1,30,1,38,0.16294,0.47374,86.27
1,30,1,39,0.15995,0.46911,78.93
1,30,1,40,0.1543,0.4394,54.81
1,30,1,41,0.14958,0.41053,52.26
1,30,1,42,0.14458,0.36292,74.03
1,30,1,43,0.14194,0.33061,85.45
1,30,1,44,0.14118,0.30689,91.4
1,30,1,45,0.14067,0.27111,85.27
1,30,1,46,0.14001,0.23537,43.72
1,30,1,47,0.14011,0.20548,43.99
1,30,1,48,0.14027,0.17334,46.56
1,30,1,49,0.14064,0.14651,51.55
1,30,1,50,0.14108,0.12587,47.93
1,30,1,51,0.14104,0.11306,35.84
1,30,1,52,0.14085,0.09926,78.27
1,30,1,53,0.13996,0.08988,52.81
1,30,1,54,0.13867,0.08049,57.46
1,30,1,55,0.13736,0.07114,80.12
1,30,1,56,0.13641,0.06498,88.42
1,30,1,57,0.13556,0.06154,121.16
1,30,1,58,0.13463,0.05438,96.55
1,30,1,59,0.13454,0.05301,78.43
1,30,1,60,0.13455,0.05132,85.68
1,30,1,61,0.13466,0.05033,57.99
1,30,1,62,0.13456,0.0471,51.86
1,30,1,63,0.13426,0.0418,42.75
1,30,1,64,0.13395,0.03723,46.85
1,30,1,65,0.13384,0.0344,61.76
1,30,1,66,0.13379,0.03288,44.65
1,30,1,67,0.13379,0.03202,35.54
1,30,1,68,0.13369,0.03033,67.27
1,30,1,69,0.13349,0.02778,58.42
1,30,1,70,0.13337,0.0262,42.77
1,30,1,71,0.13312,0.02343,44.59
1,30,1,72,0.13309,0.02311,44.08
1,30,1,73,0.13299,0.02224,40.84
1,30,1,74,0.13284,0.02084,51.1
1,30,1,75,0.13277,0.02044,80.3
1,30,1,76,0.1324,0.02029,52.44
1,30,1,77,0.13163,0.01719,64.35
1,30,1,78,0.13064,0.01184,81.93
1,30,1,79,0.13053,0.01255,71.85
1,30,1,80,0.13117,0.01557,45.18
1,30,1,81,0.1315,0.01738,39.79
1,30,1,82,0.13144,0.01702,41.86
1,30,1,83,0.13135,0.01731,48.77
1,30,1,84,0.13138,0.01786,47.63
1,30,1,85,0.13122,0.01707,38.77
1,30,1,86,0.13099,0.01612,40.11
1,30,1,87,0.13144,0.01849,67.09
1,30,1,88,0.13178,0.01949,43.79
1,30,1,89,0.13224,0.02118,40.47
1,30,1,90,0.13239,0.01987,47.5
1,30,1,91,0.1331,0.02308,43.99
1,30,1,92,0.1333,0.02211,43.13
1,30,1,93,0.1331,0.02054,46.67
1,30,1,94,0.13255,0.01734,44.84
1,30,1,95,0.13086,0.00813,46.41
1,30,1,96,0.13065,0.0081,69.73
1,30,1,97,0.13076,0.00698,79.42
1,30,1,98,0.13124,0.00848,44.3
1,30,1,99,0.13181,0.01123,51.87
1,30,1,100,0.13193,0.00982,41.85
1,30,1,101,0.13188,0.00821,47.69
1,30,1,102,0.13215,0.00832,58.54
1,30,1,103,0.13223,0.00755,43.04
1,30,1,104,0.13265,0.01064,62.48
1,30,1,105,0.13308,0.01593,40.63
1,30,1,106,0.1336,0.02038,67.31
1,30,1,107,0.13426,0.0248,78.47
1,30,1,108,0.13492,0.02869,48.09
1,30,1,109,0.13593,0.03565,38.94
1,30,1,110,0.13681,0.04205,86.94
1,30,1,111,0.13766,0.04924,70.48
1,30,1,112,0.13871,0.0577,40.26
1,30,1,113,0.13938,0.06203,40.97
1,30,1,114,0.14012,0.06751,39.12
1,30,1,115,0.14083,0.07389,69.27
1,30,1,116,0.14131,0.0789,54.43
1,30,1,117,0.14152,0.08141,79.0
1,30,1,118,0.14156,0.08238,71.3
1,30,1,119,0.14165,0.08328,85.46
1,30,1,120,0.14164,0.08265,86.01
1,30,1,121,0.14144,0.07973,46.46
1,30,1,122,0.14188,0.07786,52.41
1,30,1,123,0.14233,0.07397,44.99
1,30,1,124,0.14255,0.06694,36.49
1,30,1,125,0.14223,0.05678,39.72
1,30,1,126,0.14169,0.04647,41.36
1,30,1,127,0.14115,0.03841,40.57
1,30,1,128,0.14043,0.03007,92.55
1,30,1,129,0.13945,0.0239,79.63
1,30,1,130,0.13856,0.02022,50.03
1,30,1,131,0.13774,0.01771,76.0
1,30,1,132,0.13665,0.01427,74.77
1,30,1,133,0.13606,0.01365,45.16
1,30,2,0,0.12835,0.01541,42.21
1,30,2,1,0.1286,0.01542,36.77
1,30,2,2,0.12907,0.01597,39.37
1,30,2,3,0.12916,0.01399,40.8
1,30,2,4,0.13086,0.01235,55.13
1,30,2,5,0.13077,0.01065,41.61
1,30,2,6,0.13094,0.01088,40.92
1,30,2,7,0.13092,0.01261,46.25
1,30,2,8,0.13078,0.01499,39.28
1,30,2,9,0.13033,0.01468,54.88
1,30,2,10,0.12991,0.0143,51.13
1,30,2,11,0.12972,0.01594,48.16
1,30,2,12,0.12927,0.01549,44.25
1,30,2,13,0.129,0.01467,36.31
1,30,2,14,0.129,0.01556,41.62
1,30,2,15,0.1291,0.01794,35.32
1,30,2,16,0.1293,0.01698,39.88
1,30,2,17,0.12947,0.01763,74.7
1,30,2,18,0.1298,0.0171,46.13
1,30,2,19,0.13007,0.01513,39.98
1,30,2,20,0.13052,0.01216,38.27
1,30,2,21,0.13096,0.00908,42.35
1,30,2,22,0.13077,0.0078,43.09
1,30,2,23,0.13081,0.00771,41.48
1,30,2,24,0.13096,0.00755,40.76
1,30,2,25,0.13124,0.00696,38.62
1,30,2,26,0.13155,0.00652,41.5
1,30,2,27,0.13172,0.00675,40.25
1,30,2,28,0.13216,0.00631,39.44
1,30,2,29,0.13264,0.00766,53.83
1,30,2,30,0.13305,0.00977,42.88
1,30,2,31,0.13335,0.01254,46.71
1,30,2,32,0.13359,0.01546,43.52
1,30,2,33,0.1339,0.01943,34.73
1,30,2,34,0.13383,0.01993,42.86
1,30,2,35,0.13328,0.01858,36.54
1,30,2,36,0.13374,0.01085,42.24
1,30,2,37,0.13415,0.01432,49.63
1,30,2,38,0.13477,0.02205,36.68
1,30,2,39,0.13493,0.0259,34.16
1,30,2,40,0.1348,0.02734,43.92
1,30,2,41,0.13467,0.0279,68.94
1,30,2,42,0.13453,0.02774,42.09
1,30,2,43,0.1346,0.02922,46.75
1,30,2,44,0.13464,0.03007,42.22
1,30,2,45,0.13452,0.02917,55.74
1,30,2,46,0.13432,0.02743,44.56
1,30,2,47,0.13462,0.0259,46.21
1,30,2,48,0.13478,0.02495,42.44
1,30,2,49,0.13496,0.02613,47.82
1,30,2,50,0.13487,0.02602,45.02
1,30,2,51,0.13498,0.02798,42.12
1,30,2,52,0.13538,0.03075,37.51
1,30,2,53,0.13584,0.03243,47.58
1,30,2,54,0.13563,0.03116,41.43
1,30,2,55,0.13545,0.02793,54.41
1,30,2,56,0.13498,0.02491,43.29
1,30,2,57,0.13443,0.02279,41.03
1,30,2,58,0.13451,0.02306,41.92
1,30,2,59,0.13463,0.02172,42.76
1,30,2,60,0.13434,0.01961,35.58
1,30,2,61,0.1342,0.01794,37.44
1,30,2,62,0.13375,0.01646,36.09
1,30,2,63,0.13388,0.0172,42.59
1,30,2,64,0.13422,0.01795,59.91
1,30,2,65,0.1348,0.02015,39.64
1,30,2,66,0.13487,0.02351,45.64
1,30,2,67,0.13432,0.02452,72.62
1,30,2,68,0.13406,0.02393,47.76
1,30,2,69,0.13367,0.02371,42.17
1,30,2,70,0.1333,0.02389,37.13
1,30,2,71,0.13305,0.02474,39.96
1,30,2,72,0.13333,0.02615,37.32
1,30,2,73,0.13328,0.02728,36.54
1,30,2,74,0.13298,0.0279,46.49
1,30,2,75,0.13278,0.02949,45.86
1,30,2,76,0.1328,0.02987,67.04
1,30,2,77,0.13284,0.02937,63.17
1,30,2,78,0.13295,0.03316,47.3
1,30,2,79,0.13305,0.035,41.36
1,30,2,80,0.13337,0.03776,35.56
1,30,2,81,0.13372,0.04042,43.47
1,30,2,82,0.13392,0.04092,45.65
1,30,2,83,0.13398,0.03999,44.04
1,30,2,84,0.13405,0.03922,41.71
1,30,2,85,0.13395,0.0364,63.92
1,30,2,86,0.13393,0.03503,91.46
1,30,2,87,0.13415,0.03602,51.01
1,30,2,88,0.13425,0.0356,50.93
1,30,2,89,0.13432,0.03537,42.27
1,30,2,90,0.13439,0.03542,38.98
1,30,2,91,0.13461,0.03671,41.99
1,30,2,92,0.1348,0.03838,39.46
1,30,2,93,0.13531,0.0411,36.79
1,30,2,94,0.1352,0.04175,66.99
1,30,2,95,0.13529,0.04108,41.92
1,30,2,96,0.13516,0.04047,38.89
1,30,2,97,0.13549,0.04076,70.08
1,30,2,98,0.13604,0.04194,46.82
1,30,2,99,0.13661,0.04302,49.37
1,30,2,100,0.13706,0.04512,48.16
1,30,2,101,0.13751,0.04662,52.03
1,30,2,102,0.13811,0.04994,45.22
1,30,2,103,0.13856,0.05137,44.18
1,30,2,104,0.13831,0.05068,42.61
1,30,2,105,0.13723,0.04481,45.62
1,30,2,106,0.1362,0.03503,59.28
1,30,2,107,0.13531,0.02852,38.14
1,30,2,108,0.13434,0.01858,41.71
1,30,2,109,0.13385,0.01425,36.39
1,30,2,110,0.13364,0.01369,55.76
1,30,2,111,0.13353,0.01392,41.53
1,30,2,112,0.13374,0.01521,48.07
1,30,2,113,0.13378,0.01467,46.08
1,30,2,114,0.13403,0.01451,48.43
1,30,2,115,0.13397,0.0151,45.53
1,30,2,116,0.13401,0.01569,41.46
1,30,2,117,0.13423,0.01609,38.73
1,30,2,118,0.13429,0.01373,40.99
1,30,2,119,0.13396,0.0115,45.56
1,30,2,120,0.13367,0.0112,43.7
1,30,2,121,0.13334,0.01093,45.16
1,30,2,122,0.13299,0.01117,45.55
1,30,2,123,0.13268,0.01247,41.54
1,30,2,124,0.13247,0.01434,36.45
1,30,2,125,0.13221,0.01566,39.24
1,30,2,126,0.13172,0.01487,52.83
1,30,2,127,0.13129,0.01433,40.1
1,30,2,128,0.13122,0.01264,43.1
1,30,2,129,0.13099,0.01045,37.29
1,30,2,130,0.13069,0.00837,55.52
1,30,2,131,0.13139,0.01055,40.69
1,30,2,132,0.13193,0.01374,62.72
1,30,2,133,0.13238,0.0168,47.83
1,30,2,134,0.1326,0.02057,39.99
1,30,2,135,0.13292,0.02405,70.16
1,30,2,136,0.13347,0.02923,35.67
1,30,2,137,0.13405,0.03415,39.33
1,30,2,138,0.13453,0.0387,43.53
1,30,2,139,0.13474,0.0409,65.65
1,30,2,140,0.13488,0.04265,57.68
1,30,2,141,0.13478,0.0421,67.9
1,30,2,142,0.13474,0.04125,47.12
1,30,2,143,0.13493,0.04149,49.5
1,30,2,144,0.13519,0.04321,82.15
1,30,2,145,0.13547,0.04551,45.59
1,30,2,146,0.1353,0.04319,42.1
1,30,2,147,0.13556,0.04041,38.34
1,30,2,148,0.13565,0.03404,44.78
1,30,2,149,0.1359,0.03166,71.69
1,30,2,150,0.13627,0.03204,36.31
1,30,2,151,0.13712,0.03773,38.57
1,30,2,152,0.13816,0.04713,33.0
1,30,2,153,0.1387,0.0528,38.89
1,30,2,154,0.13902,0.05648,40.42
1,30,2,155,0.13931,0.05886,39.66
1,30,2,156,0.13924,0.05977,40.79
1,30,2,157,0.13896,0.05939,60.1
1,30,2,158,0.1384,0.05635,36.33
1,30,2,159,0.13851,0.0547,39.3
1,30,2,160,0.13855,0.05402,50.51
1,30,2,161,0.13892,0.05328,42.38
1,30,2,162,0.13871,0.04986,47.14
1,30,2,163,0.13859,0.0491,48.95
1,30,2,164,0.13853,0.04989,47.36
1,30,2,165,0.13846,0.05133,45.68
1,30,2,166,0.13815,0.05055,46.76
1,30,2,167,0.13738,0.04568,38.12
1,30,2,168,0.13655,0.03979,46.51
1,30,2,169,0.13577,0.03452,46.47
1,30,2,170,0.13518,0.03073,39.03
1,30,2,171,0.13481,0.02901,44.55
1,30,2,172,0.13455,0.02821,39.78
1,30,2,173,0.1344,0.02824,44.21
1,30,2,174,0.13459,0.02685,78.9
1,30,2,175,0.13458,0.02499,52.93
1,30,2,176,0.13467,0.02146,38.27
1,30,2,177,0.13483,0.01713,40.16
1,30,2,178,0.13467,0.01399,45.39
1,30,2,179,0.13454,0.01381,66.94
1,30,2,180,0.1345,0.01558,53.23
1,30,2,181,0.13432,0.01724,66.37
1,30,2,182,0.13407,0.01738,54.9
1,30,2,183,0.134,0.01673,39.55
1,30,2,184,0.13401,0.01562,39.53
1,30,2,185,0.13418,0.01741,40.57
1,30,2,186,0.13449,0.02073,38.15
1,30,2,187,0.13473,0.02185,43.89
1,30,2,188,0.13496,0.02493,38.7
1,30,2,189,0.13523,0.02926,68.93
1,30,2,190,0.13558,0.03103,38.29
1,30,2,191,0.13638,0.03472,41.84
1,30,2,192,0.13693,0.03469,36.93
1,30,2,193,0.13683,0.03275,54.17
1,30,2,194,0.13634,0.0293,39.3
1,30,2,195,0.13555,0.02843,39.06
1,30,2,196,0.13524,0.02786,40.02
1,30,2,197,0.13477,0.02856,37.07
1,30,2,198,0.13434,0.03015,52.6
1,30,2,199,0.13385,0.02981,43.12
1,30,2,200,0.13312,0.02802,42.15
1,30,2,201,0.13214,0.02418,36.47
1,30,2,202,0.13165,0.02033,38.92
1,30,2,203,0.13153,0.01735,37.18
1,30,2,204,0.13172,0.01732,50.94
1,30,2,205,0.13207,0.01894,42.06
1,30,2,206,0.13238,0.02104,44.57
1,30,2,207,0.13231,0.01982,44.12
1,30,2,208,0.1324,0.02024,45.35
1,30,2,209,0.1326,0.02147,44.28
1,30,2,210,0.13302,0.02436,39.9
1,30,2,211,0.13341,0.02766,41.29
1,30,2,212,0.13341,0.03124,40.63
1,30,2,213,0.13327,0.03379,39.77
1,30,2,214,0.13261,0.03415,51.87
1,30,2,215,0.13178,0.03242,75.65
1,30,2,216,0.13091,0.02991,80.96
1,30,2,217,0.13039,0.02642,101.0
1,30,2,218,0.13007,0.02218,77.75
1,30,2,219,0.12981,0.01809,60.44
1,30,2,220,0.12881,0.01064,41.72
1,30,2,221,0.12884,0.01126,47.67
1,30,2,222,0.12945,0.01203,74.46
1,30,2,223,0.13018,0.0128,40.75
1,30,2,224,0.13038,0.01154,50.57
1,30,2,225,0.13073,0.00874,85.27
1,30,2,226,0.13095,0.00865,48.49
1,30,2,227,0.13097,0.00858,48.42
1,30,2,228,0.13093,0.00949,50.89
1,30,2,229,0.1309,0.01114,41.66
1,30,2,230,0.13068,0.01231,38.65
1,30,2,231,0.13059,0.01186,64.25
1,30,2,232,0.13052,0.01102,55.26
1,30,2,233,0.13051,0.00978,53.83
1,30,2,234,0.13086,0.01142,39.79
1,30,2,235,0.13099,0.0112,41.79
1,30,2,236,0.13096,0.00975,39.63
1,30,2,237,0.13068,0.01026,42.32
1,30,2,238,0.13072,0.01151,34.79
1,30,2,239,0.13093,0.01319,35.04
1,30,2,240,0.13124,0.01489,36.5
1,30,2,241,0.13155,0.01741,39.59
1,30,2,242,0.13145,0.01558,47.29
1,30,2,243,0.13046,0.00907,39.52
1,30,2,244,0.13037,0.00792,79.71
1,30,2,245,0.13093,0.01048,61.57
1,30,2,246,0.13139,0.01404,42.97
1,30,2,247,0.13149,0.01575,69.28
1,30,2,248,0.13132,0.01573,43.16
1,30,2,249,0.13118,0.01612,41.5
1,30,2,250,0.13074,0.01277,58.23
1,30,2,251,0.13054,0.01081,89.52
1,30,2,252,0.13069,0.01374,52.96
1,30,2,253,0.13133,0.02066,55.37
1,30,2,254,0.13227,0.0303,41.32
1,30,2,255,0.13261,0.0369,59.12
1,30,2,256,0.133,0.04063,60.11
1,30,2,257,0.13344,0.04334,44.32
1,30,2,258,0.13323,0.04256,40.85
1,30,2,259,0.13242,0.03777,48.53
1,30,2,260,0.13133,0.03086,41.08
1,30,2,261,0.13123,0.01722,48.37
1,30,2,262,0.13134,0.01378,37.95
1,30,2,263,0.13167,0.0125,40.29
1,30,2,264,0.13206,0.01135,37.99
1,30,2,265,0.13326,0.01275,49.72
1,30,2,266,0.13363,0.01303,42.05
1,30,2,267,0.13429,0.01582,66.94
1,30,2,268,0.13475,0.01741,44.06
1,30,2,269,0.13461,0.01869,38.01
1,30,2,270,0.13472,0.02115,38.0
1,30,2,271,0.13475,0.02098,40.22
1,30,2,272,0.13464,0.01878,44.1
1,30,2,273,0.13477,0.01807,41.56
1,30,3,0,0.13479,0.02769,43.37
1,30,3,1,0.13508,0.02458,53.02
1,30,3,2,0.13538,0.02032,46.2
1,30,3,3,0.13551,0.01608,38.94
1,30,3,4,0.13579,0.0094,42.64
1,30,3,5,0.13619,0.01016,42.24
1,30,3,6,0.13693,0.01312,42.05
1,30,3,7,0.13783,0.02126,38.44
1,30,3,8,0.13853,0.02586,40.55
1,30,3,9,0.13894,0.02679,36.57
1,30,3,10,0.13909,0.02513,42.0
1,30,3,11,0.13922,0.02579,64.92
1,30,3,12,0.13935,0.02407,47.84
1,30,3,13,0.13922,0.02277,87.05
1,30,3,14,0.13883,0.02108,82.52
1,30,3,15,0.13813,0.01782,47.5
1,30,3,16,0.13809,0.01666,65.22
1,30,3,17,0.13814,0.01827,52.74
1,30,3,18,0.1379,0.01837,38.7
1,30,3,19,0.13758,0.01664,36.8
1,30,3,20,0.1375,0.01672,45.16
1,30,3,21,0.13759,0.01707,65.84
1,30,3,22,0.1377,0.01699,49.74
1,30,3,23,0.13756,0.01838,45.45
1,30,3,24,0.13767,0.0209,38.54
1,30,3,25,0.1379,0.02313,35.09
1,30,3,26,0.13811,0.02352,35.62
1,30,3,27,0.1383,0.02603,39.37
1,30,3,28,0.1388,0.02955,39.56
1,30,3,29,0.13874,0.02733,56.49
1,30,3,30,0.13849,0.02361,48.06
1,30,3,31,0.13839,0.02033,41.78
1,30,3,32,0.13879,0.02168,35.97
1,30,3,33,0.13923,0.02313,49.17
1,30,3,34,0.13964,0.0241,45.33
1,30,3,35,0.13963,0.02266,38.86
1,30,3,36,0.13963,0.02116,41.98
1,30,3,37,0.13952,0.01838,39.63
1,30,3,38,0.13942,0.01679,83.53
1,30,3,39,0.13962,0.01833,79.01
1,30,3,40,0.13961,0.0207,55.39
1,30,3,41,0.14019,0.02593,42.76
1,30,3,42,0.1405,0.0299,40.57
1,30,3,43,0.14025,0.02779,39.13
1,30,3,44,0.13973,0.02596,42.08
1,30,3,45,0.13909,0.02352,43.94
1,30,3,46,0.13836,0.02294,41.0
1,30,3,47,0.13762,0.01994,45.77
1,30,3,48,0.13719,0.01771,36.69
1,30,3,49,0.13702,0.01648,36.79
1,30,3,50,0.13673,0.01575,42.59
1,30,3,51,0.13719,0.01857,60.12
1,30,3,52,0.13747,0.01827,38.59
1,30,3,53,0.13753,0.0156,42.89
1,30,3,54,0.13765,0.01335,45.05
1,30,3,55,0.1378,0.01169,38.46
1,30,3,56,0.13793,0.01379,40.91
1,30,3,57,0.13794,0.01352,39.55
1,30,3,58,0.13827,0.01481,44.11
1,30,3,59,0.13836,0.01746,43.18
1,30,3,60,0.13823,0.02046,85.13
1,30,3,61,0.13793,0.02248,50.35
1,30,3,62,0.13754,0.0257,45.86
1,30,3,63,0.13724,0.02899,48.09
1,30,3,64,0.13666,0.03019,41.51
1,30,3,65,0.1362,0.03096,81.54
1,30,3,66,0.13621,0.03065,48.56
1,30,3,67,0.13588,0.0278,64.21
1,30,3,68,0.13581,0.02383,46.46
1,30,3,69,0.1355,0.01961,51.74
1,30,3,70,0.13523,0.01724,48.48
1,30,3,71,0.13519,0.01809,38.22
1,30,3,72,0.13546,0.01814,35.94
1,30,3,73,0.1359,0.01742,38.33
1,30,3,74,0.13611,0.01795,39.34
1,30,3,75,0.13595,0.01786,47.28
1,30,3,76,0.13562,0.01807,41.12
1,30,3,77,0.13519,0.01886,38.86
1,30,3,78,0.13505,0.02207,44.33
1,30,3,79,0.13489,0.02483,81.3
1,30,3,80,0.13478,0.02774,54.03
1,30,3,81,0.13548,0.03281,44.77
1,30,3,82,0.13649,0.03707,36.84
1,30,3,83,0.13746,0.03897,37.1
1,30,3,84,0.13797,0.04147,40.6
1,30,3,85,0.13787,0.04083,48.76
1,30,3,86,0.13764,0.04192,44.81
1,30,3,87,0.13767,0.0421,61.6
1,30,3,88,0.13742,0.04159,49.58
1,30,3,89,0.13763,0.04116,71.44
1,30,3,90,0.13774,0.03995,46.42
1,30,3,91,0.13742,0.03521,46.28
1,30,3,92,0.13698,0.02927,41.69
1,30,3,93,0.13597,0.02101,40.35
1,30,3,94,0.13568,0.01701,42.42
1,30,3,95,0.13523,0.0148,44.69
1,30,3,96,0.13479,0.01167,48.93
1,30,3,97,0.13476,0.01099,42.61
1,30,3,98,0.13458,0.01242,59.08
1,30,3,99,0.13442,0.01618,74.44
1,30,3,100,0.13448,0.0194,63.52
1,30,3,101,0.13464,0.02175,46.97
1,30,3,102,0.1348,0.02538,45.72
1,30,3,103,0.13497,0.02938,51.27
1,30,3,104,0.13556,0.03083,42.48
1,30,3,105,0.13661,0.03223,46.37
1,30,3,106,0.1375,0.03232,42.23
1,30,3,107,0.13796,0.03143,54.91
1,30,3,108,0.13759,0.03025,34.64
1,30,3,109,0.1367,0.02981,65.39
1,30,3,110,0.13516,0.02972,54.75
1,30,3,111,0.13229,0.03101,42.52
1,30,3,112,0.12823,0.03314,61.36
1,30,3,113,0.12473,0.03625,38.56
1,30,3,114,0.12049,0.03619,50.61
1,30,3,115,0.11662,0.03236,48.26
1,30,3,116,0.11293,0.02421,42.75
1,30,3,117,0.11479,0.01425,66.35
1,30,3,118,0.11479,0.01515,37.95
1,30,3,119,0.11528,0.03271,42.12
1,30,3,120,0.11585,0.05775,74.88
1,30,3,121,0.1153,0.06135,56.2
1,30,4,0,0.5739,0.96666,62.77
1,30,4,1,0.58819,0.95753,50.55
1,30,4,2,0.60047,0.94532,44.37
1,30,4,3,0.60825,0.93167,99.61
1,30,4,4,0.60935,0.92429,80.82
1,30,4,5,0.61976,0.90161,65.14
1,30,4,6,0.62899,0.88126,54.28
1,30,4,7,0.65215,0.84361,52.68
1,30,4,8,0.68205,0.80865,80.56
1,30,4,9,0.68912,0.79763,77.63
1,30,4,10,0.68602,0.78663,53.45
1,30,4,11,0.65802,0.79522,83.23
1,30,4,12,0.61223,0.81573,59.69
1,30,4,13,0.56434,0.84199,45.9
1,30,4,14,0.53351,0.86288,50.47
1,30,4,15,0.5183,0.88613,40.06
1,30,5,0,0.77902,0.94541,47.46
1,30,5,1,0.7795,0.93714,56.61
1,30,5,2,0.77579,0.93106,38.4
1,30,5,3,0.77354,0.92512,36.5
1,30,5,4,0.76461,0.92741,39.41
1,30,5,5,0.75518,0.93435,39.57
1,30,5,6,0.73804,0.96544,63.26
1,30,5,7,0.73816,0.96222,38.03
1,30,5,8,0.74332,0.95436,39.29
1,30,5,9,0.74293,0.95746,40.45
1,30,5,10,0.73879,0.96368,50.55
1,30,5,11,0.7429,0.95877,42.68
1,30,5,12,0.74072,0.96229,39.51
1,30,5,13,0.74159,0.95237,45.68
1,30,5,14,0.74816,0.92903,36.99
1,30,5,15,0.75212,0.91759,37.06
1,30,5,16,0.74795,0.92609,41.99
1,30,5,17,0.6371,0.9147,43.81
1,30,5,18,0.62359,0.93187,40.71
2,30,1,0,0.46859,0.13384,62.39
2,30,1,1,0.46863,0.13783,61.08
2,30,1,2,0.46884,0.14058,43.46
2,30,1,3,0.46949,0.14203,55.21
2,30,1,4,0.47035,0.14267,41.64
2,30,1,5,0.47144,0.1458,39.85
2,30,1,6,0.47248,0.14793,57.88
2,30,1,7,0.47344,0.15127,90.39
2,30,1,8,0.47477,0.1513,51.36
2,30,1,9,0.47536,0.14548,41.94
2,30,1,10,0.47568,0.13811,59.07
2,30,1,11,0.47631,0.12768,78.99
2,30,1,12,0.47704,0.12015,76.35
2,30,1,13,0.47714,0.11434,93.54
2,30,1,14,0.47653,0.11088,76.82
2,30,1,15,0.47544,0.10875,43.36
2,30,1,16,0.47379,0.10773,104.16
2,30,1,17,0.47192,0.10885,67.84
2,30,1,18,0.47005,0.10884,97.63
2,30,1,19,0.4686,0.1064,90.85
2,30,1,20,0.46718,0.10106,83.94
2,30,1,21,0.46602,0.0992,64.93
2,30,1,22,0.4648,0.10145,76.87
2,30,1,23,0.46423,0.10299,57.07
2,30,1,24,0.46363,0.10465,92.62
2,30,1,25,0.46352,0.10553,81.71
2,30,1,26,0.46415,0.10728,42.52
2,30,1,27,0.46488,0.11003,39.23
2,30,1,28,0.46587,0.11362,40.43
2,30,1,29,0.46661,0.11574,65.28
2,30,1,30,0.46729,0.11718,60.88
2,30,1,31,0.46795,0.11773,44.88
2,30,1,32,0.46829,0.11627,107.47
2,30,1,33,0.46853,0.11146,87.51
2,30,1,34,0.46822,0.10679,75.69
2,30,1,35,0.46759,0.10277,55.2
2,30,1,36,0.46662,0.10136,74.53
2,30,1,37,0.46563,0.09652,54.62
2,30,1,38,0.46442,0.09368,47.09
2,30,1,39,0.46302,0.09144,41.4
2,30,1,40,0.46197,0.08813,57.66
2,30,1,41,0.46133,0.08551,43.43
2,30,1,42,0.46085,0.08333,61.99
2,30,1,43,0.46016,0.07954,49.62
2,30,1,44,0.45936,0.0766,62.36
2,30,1,45,0.45871,0.07659,53.84
2,30,1,46,0.4581,0.07807,47.84
2,30,1,47,0.45773,0.07856,49.4
2,30,1,48,0.45737,0.07868,93.52
2,30,1,49,0.4571,0.07856,50.66
2,30,1,50,0.45696,0.07855,53.8
2,30,1,51,0.45677,0.07888,44.09
2,30,1,52,0.45686,0.07952,38.42
2,30,1,53,0.4566,0.0784,45.94
2,30,1,54,0.45684,0.07883,65.55
2,30,1,55,0.4572,0.0801,54.03
2,30,1,56,0.45756,0.08156,80.88
2,30,1,57,0.45835,0.0834,43.7
2,30,1,58,0.4586,0.08346,93.05
2,30,1,59,0.45879,0.08376,56.88
2,30,1,60,0.45904,0.08267,59.82
2,30,1,61,0.45916,0.08194,96.08
2,30,1,62,0.45964,0.08275,74.06
2,30,1,63,0.46045,0.0845,48.07
2,30,1,64,0.46103,0.08637,46.14
2,30,1,65,0.46116,0.08752,49.3
2,30,1,66,0.46079,0.08244,43.47
2,30,1,67,0.46084,0.07725,41.43
2,30,1,68,0.46097,0.07179,44.04
2,30,1,69,0.46133,0.06903,52.33
2,30,1,70,0.46189,0.06785,46.1
2,30,1,71,0.46227,0.06501,48.33
2,30,1,72,0.46166,0.06168,56.95
2,30,1,73,0.46117,0.06203,72.51
2,30,1,74,0.46074,0.06485,46.83
2,30,1,75,0.46046,0.06768,80.44
2,30,1,76,0.46044,0.06904,46.61
2,30,1,77,0.46045,0.0698,44.98
2,30,1,78,0.46069,0.0721,41.12
2,30,1,79,0.46099,0.07301,89.7
2,30,1,80,0.46114,0.07349,96.26
2,30,1,81,0.46112,0.07342,64.47
2,30,1,82,0.46094,0.07242,48.83
2,30,1,83,0.46112,0.07157,42.82
2,30,1,84,0.46001,0.06996,52.13
2,30,1,85,0.45891,0.07032,57.13
2,30,1,86,0.45805,0.07229,98.12
2,30,1,87,0.4579,0.07491,58.84
2,30,1,88,0.45858,0.07688,36.08
2,30,1,89,0.4601,0.08194,47.5
2,30,1,90,0.46232,0.08352,65.42
2,30,1,91,0.46406,0.08447,73.88
2,30,1,92,0.46567,0.0845,88.46
2,30,1,93,0.46702,0.08583,77.18
2,30,1,94,0.46863,0.09019,81.19
2,30,1,95,0.46971,0.09498,55.4
2,30,1,96,0.47068,0.09771,58.37
2,30,1,97,0.47092,0.10012,51.23
2,30,1,98,0.47125,0.10207,77.77
2,30,1,99,0.47177,0.10223,54.81
2,30,1,100,0.47201,0.10135,45.92
2,30,1,101,0.4715,0.0982,57.55
2,30,1,102,0.46985,0.09267,55.38
2,30,1,103,0.46779,0.0891,51.59
2,30,1,104,0.46706,0.08761,58.24
2,30,1,105,0.46617,0.08701,49.18
2,30,1,106,0.46575,0.087,91.73
2,30,1,107,0.46555,0.08646,55.1
2,30,1,108,0.46617,0.0854,45.74
2,30,1,109,0.46651,0.08406,49.13
2,30,1,110,0.46656,0.08176,47.98
2,30,1,111,0.46667,0.0793,50.53
2,30,1,112,0.46674,0.07712,37.68
2,30,1,113,0.46693,0.07694,50.35
2,30,1,114,0.46725,0.07656,52.92
2,30,1,115,0.46752,0.07406,81.96
2,30,1,116,0.46737,0.06828,45.52
2,30,1,117,0.46718,0.06438,57.62
2,30,1,118,0.46648,0.06227,52.85
2,30,1,119,0.46545,0.06191,64.09
2,30,1,120,0.46452,0.06268,52.69
2,30,1,121,0.46378,0.06241,65.47
2,30,1,122,0.46294,0.06196,50.55
2,30,1,123,0.46175,0.06108,49.04
2,30,1,124,0.46069,0.06052,66.8
2,30,1,125,0.45951,0.05948,49.49
2,30,1,126,0.45892,0.05997,53.48
2,30,1,127,0.45811,0.06172,47.81
2,30,1,128,0.457,0.06212,44.28
2,30,1,129,0.45593,0.0619,56.77
2,30,1,130,0.45508,0.06115,47.11
2,30,1,131,0.45485,0.06024,89.6
2,30,1,132,0.45486,0.05912,73.32
2,30,1,133,0.45498,0.0581,59.03
2,30,1,134,0.4551,0.05684,46.96
2,30,1,135,0.45523,0.05579,50.96
2,30,1,136,0.45518,0.05475,44.66
2,30,1,137,0.45461,0.05412,51.94
2,30,1,138,0.45351,0.05277,80.24
2,30,1,139,0.45238,0.05122,95.25
2,30,1,140,0.45146,0.04857,62.32
2,30,1,141,0.45023,0.04839,43.65
2,30,1,142,0.44935,0.04959,84.32
2,30,1,143,0.44908,0.05022,49.64
2,30,1,144,0.44922,0.05042,53.55
2,30,1,145,0.44954,0.05149,46.47
2,30,1,146,0.44973,0.05018,56.8
2,30,1,147,0.44941,0.04806,35.53
2,30,1,148,0.44876,0.04437,41.5
2,30,1,149,0.44857,0.04323,44.31
2,30,1,150,0.44834,0.04235,49.66
2,30,1,151,0.44798,0.04152,43.06
2,30,1,152,0.44767,0.04216,49.65
2,30,1,153,0.44736,0.04343,74.85
2,30,1,154,0.44736,0.04577,41.39
2,30,1,155,0.44713,0.04854,43.08
2,30,1,156,0.44691,0.04988,39.62
2,30,1,157,0.44725,0.05204,42.16
2,30,1,158,0.4474,0.05269,39.11
2,30,1,159,0.44744,0.0517,40.4
2,30,1,160,0.44746,0.05041,45.42
2,30,1,161,0.44691,0.04884,43.69
2,30,1,162,0.44635,0.04959,80.07
2,30,1,163,0.44592,0.04936,85.0
2,30,1,164,0.44548,0.04903,52.16
2,30,1,165,0.44531,0.0482,57.72
2,30,1,166,0.44516,0.04782,86.31
2,30,1,167,0.44536,0.04666,57.32
2,30,1,168,0.44545,0.04585,83.19
2,30,1,169,0.44546,0.0453,60.54
2,30,1,170,0.44544,0.04533,53.91
2,30,1,171,0.44494,0.04546,80.73
2,30,1,172,0.44426,0.04551,53.09
2,30,1,173,0.44318,0.0455,52.41
2,30,1,174,0.44234,0.04577,54.16
2,30,1,175,0.44153,0.04588,95.02
2,30,1,176,0.44135,0.04599,60.31
2,30,1,177,0.44133,0.04619,37.17
2,30,1,178,0.44177,0.04624,45.65
2,30,1,179,0.4425,0.04802,44.33
2,30,1,180,0.44295,0.04913,67.89
2,30,1,181,0.44337,0.05157,58.55
2,30,1,182,0.44379,0.05618,69.85
2,30,1,183,0.44425,0.05887,88.43
2,30,1,184,0.44454,0.05921,108.24
2,30,1,185,0.44482,0.05765,63.25
2,30,1,186,0.44465,0.05659,49.89
2,30,1,187,0.44477,0.05529,56.27
2,30,1,188,0.44452,0.05357,43.69
2,30,1,189,0.44423,0.05272,50.11
2,30,1,190,0.44421,0.0518,47.42
2,30,1,191,0.44423,0.05186,49.44
2,30,1,192,0.44474,0.05288,34.66
2,30,1,193,0.44544,0.05467,41.1
2,30,1,194,0.44562,0.05633,42.59
2,30,1,195,0.44563,0.05856,50.9
2,30,1,196,0.44514,0.06028,40.43
2,30,1,197,0.445,0.0613,49.23
2,30,1,198,0.44497,0.06294,38.71
2,30,1,199,0.44545,0.06534,49.55
2,30,1,200,0.44629,0.06794,50.36
2,30,1,201,0.44703,0.06859,45.43
2,30,1,202,0.44781,0.06753,44.75
2,30,1,203,0.44809,0.06562,40.66
2,30,1,204,0.44817,0.06457,51.89
2,30,1,205,0.44863,0.06435,57.04
2,30,1,206,0.44929,0.06406,58.76
2,30,1,207,0.44959,0.06158,47.24
2,30,1,208,0.44991,0.05739,47.1
2,30,1,209,0.45018,0.05275,54.57
2,30,1,210,0.44997,0.04891,96.14
2,30,1,211,0.44952,0.04575,90.84
2,30,1,212,0.44929,0.04477,54.39
2,30,1,213,0.44926,0.04532,51.13
2,30,1,214,0.44923,0.04548,55.16
2,30,1,215,0.44909,0.04407,66.27
2,30,1,216,0.44905,0.04335,47.02
2,30,1,217,0.44897,0.04333,49.18
2,30,1,218,0.44907,0.04282,38.94
2,30,1,219,0.44924,0.04178,85.31
2,30,1,220,0.44953,0.04211,60.15
2,30,1,221,0.44987,0.04281,43.62
2,30,1,222,0.45016,0.04463,36.19
2,30,1,223,0.45029,0.04506,38.22
2,30,1,224,0.45014,0.04718,60.02
2,30,1,225,0.44983,0.04934,128.11
2,30,1,226,0.44946,0.05045,106.24
2,30,1,227,0.44854,0.04985,56.28
2,30,1,228,0.44785,0.05009,49.15
2,30,1,229,0.447,0.05031,55.65
2,30,1,230,0.44688,0.05146,50.74
2,30,1,231,0.44676,0.05228,50.3
2,30,1,232,0.44653,0.05459,62.19
2,30,1,233,0.44623,0.05789,75.17
2,30,1,234,0.44588,0.06015,49.27
2,30,1,235,0.44551,0.06145,43.62
2,30,1,236,0.44524,0.06334,40.36
2,30,1,237,0.44495,0.06302,60.94
2,30,1,238,0.44464,0.06155,47.24
2,30,1,239,0.44497,0.06337,52.36
2,30,1,240,0.44483,0.06402,45.26
2,30,1,241,0.44482,0.06298,47.68
2,30,1,242,0.44487,0.06058,48.79
2,30,1,243,0.44536,0.05735,41.16
2,30,1,244,0.4456,0.0536,42.0
2,30,2,0,0.45406,0.06871,65.43
2,30,2,1,0.45545,0.0683,53.84
2,30,2,2,0.45637,0.07001,68.64
2,30,2,3,0.45771,0.07359,47.82
2,30,2,4,0.45911,0.07746,75.01
2,30,2,5,0.45999,0.07974,82.89
2,30,2,6,0.46065,0.08192,53.29
2,30,2,7,0.46163,0.08476,42.26
2,30,2,8,0.46267,0.08691,48.62
2,30,2,9,0.46349,0.08746,52.88
2,30,2,10,0.46469,0.08613,31.6
2,30,2,11,0.46589,0.08168,50.81
2,30,2,12,0.46739,0.07615,55.51
2,30,2,13,0.46815,0.06913,50.47
2,30,2,14,0.46856,0.06139,40.92
2,30,2,15,0.46889,0.05442,49.33
2,30,2,16,0.4691,0.04842,91.78
2,30,2,17,0.46971,0.04402,53.32
2,30,2,18,0.46997,0.0398,57.23
2,30,2,19,0.47008,0.03983,46.44
2,30,2,20,0.47041,0.04002,51.03
2,30,2,21,0.47042,0.04035,86.46
2,30,2,22,0.47077,0.0407,57.92
2,30,2,23,0.47114,0.04054,59.37
2,30,2,24,0.47132,0.03919,82.02
2,30,2,25,0.47155,0.03592,121.26
2,30,2,26,0.47186,0.03414,86.86
2,30,2,27,0.47211,0.03231,61.44
2,30,2,28,0.47237,0.02983,48.9
2,30,2,29,0.47268,0.02948,57.34
2,30,2,30,0.47309,0.03216,79.36
2,30,2,31,0.47339,0.03411,47.91
2,30,2,32,0.47341,0.03449,48.12
2,30,2,33,0.47374,0.03542,41.06
2,30,2,34,0.47415,0.03555,43.25
2,30,2,35,0.47448,0.03323,42.37
2,30,2,36,0.47497,0.03067,55.0
2,30,2,37,0.47509,0.02648,64.48
2,30,2,38,0.47517,0.02126,55.67
2,30,2,39,0.47487,0.01852,46.67
2,30,2,40,0.47441,0.0175,48.56
2,30,2,41,0.47379,0.01788,41.49
2,30,2,42,0.47328,0.01621,53.99
2,30,2,43,0.47275,0.01606,45.24
2,30,2,44,0.47234,0.01665,50.59
2,30,2,45,0.47249,0.01632,44.32
2,30,2,46,0.47296,0.01764,89.98
2,30,2,47,0.47358,0.01855,79.85
2,30,2,48,0.47427,0.0205,53.97
2,30,2,49,0.47444,0.02195,38.91
2,30,2,50,0.47411,0.02186,90.39
2,30,2,51,0.47368,0.02193,81.61
2,30,2,52,0.47295,0.02178,76.81
2,30,2,53,0.47212,0.02136,77.32
2,30,2,54,0.47128,0.02213,49.81
2,30,2,55,0.47078,0.02251,46.24
2,30,2,56,0.47086,0.02364,62.46
2,30,2,57,0.4708,0.02409,51.52
2,30,2,58,0.4711,0.02464,68.21
2,30,2,59,0.47111,0.02438,64.3
2,30,2,60,0.47154,0.02631,45.43
2,30,2,61,0.47177,0.02879,45.87
2,30,2,62,0.47186,0.0332,53.23
2,30,2,63,0.47161,0.03728,50.0
2,30,2,64,0.47089,0.04124,50.41
2,30,2,65,0.47003,0.04416,74.32
2,30,2,66,0.46922,0.04612,58.57
2,30,2,67,0.46843,0.0479,47.46
2,30,2,68,0.46804,0.04957,135.45
2,30,2,69,0.46817,0.0508,136.94
2,30,2,70,0.46809,0.05021,128.54
2,30,2,71,0.46872,0.04724,55.69
2,30,2,72,0.46925,0.04523,45.21
2,30,2,73,0.46925,0.04426,50.32
2,30,2,74,0.46941,0.04342,39.83
2,30,2,75,0.46995,0.04221,42.66
2,30,2,76,0.4701,0.04283,84.6
2,30,2,77,0.46945,0.04554,59.04
2,30,2,78,0.46838,0.05049,47.36
2,30,2,79,0.46755,0.05672,70.36
2,30,2,80,0.46674,0.06543,84.64
2,30,2,81,0.46671,0.071,65.52
2,30,2,82,0.46643,0.07467,104.69
2,30,2,83,0.46644,0.07517,68.33
2,30,2,84,0.46653,0.07422,63.24
2,30,2,85,0.46641,0.07345,49.99
2,30,2,86,0.46627,0.07152,55.64
2,30,2,87,0.4663,0.0695,80.95
2,30,2,88,0.46683,0.06829,43.15
2,30,2,89,0.46771,0.06824,56.23
2,30,2,90,0.46887,0.06688,52.87
2,30,2,91,0.47028,0.06413,46.65
2,30,2,92,0.47144,0.0614,41.41
2,30,2,93,0.47233,0.05882,90.2
2,30,2,94,0.47305,0.05666,61.63
2,30,2,95,0.47362,0.05484,76.47
2,30,2,96,0.4737,0.05392,73.18
2,30,2,97,0.47377,0.05386,50.49
2,30,2,98,0.47385,0.05364,40.72
2,30,2,99,0.47392,0.05422,53.28
2,30,2,100,0.47473,0.05289,47.26
2,30,2,101,0.47582,0.0528,45.72
2,30,2,102,0.47669,0.05324,70.7
2,30,2,103,0.47742,0.05451,48.58
2,30,2,104,0.47764,0.05648,56.55
2,30,2,105,0.47799,0.05907,56.01
2,30,2,106,0.47832,0.0607,72.24
2,30,2,107,0.47862,0.06234,57.76
2,30,2,108,0.47856,0.06251,74.97
2,30,2,109,0.47832,0.06166,55.84
2,30,2,110,0.47811,0.05964,52.58
2,30,2,111,0.47723,0.05554,53.94
2,30,2,112,0.47637,0.05305,56.93
2,30,2,113,0.47431,0.05003,54.29
2,30,2,114,0.47209,0.04933,78.92
2,30,2,115,0.46995,0.05099,60.96
2,30,2,116,0.46751,0.05457,52.0
2,30,2,117,0.46649,0.05536,53.28
2,30,2,118,0.46677,0.0526,100.83
2,30,2,119,0.46722,0.04974,69.98
2,30,2,120,0.46778,0.04796,71.52
2,30,2,121,0.46856,0.04499,56.77
2,30,2,122,0.46945,0.04336,75.03
2,30,2,123,0.47038,0.04299,71.44
2,30,2,124,0.47082,0.04323,91.44
2,30,2,125,0.47098,0.04477,54.22
2,30,2,126,0.47152,0.04781,39.5
2,30,2,127,0.47191,0.0496,46.02
2,30,2,128,0.47238,0.04919,52.33
2,30,2,129,0.47274,0.04729,48.46
2,30,2,130,0.4731,0.04798,48.39
2,30,2,131,0.4738,0.0503,61.55
2,30,2,132,0.47403,0.05331,43.36
2,30,2,133,0.47373,0.05784,55.86
2,30,2,134,0.47345,0.05897,57.52
2,30,2,135,0.47312,0.05814,46.76
2,30,2,136,0.47298,0.05826,53.19
2,30,2,137,0.47246,0.0569,50.74
2,30,2,138,0.47166,0.05601,46.87
2,30,2,139,0.47127,0.05457,43.69
2,30,2,140,0.47072,0.05288,37.25
2,30,2,141,0.47003,0.05048,37.44
2,30,2,142,0.47003,0.04765,52.81
2,30,2,143,0.47043,0.04611,57.16
2,30,2,144,0.47094,0.0456,49.51
2,30,2,145,0.47066,0.04489,53.93
2,30,2,146,0.4704,0.04395,58.8
2,30,2,147,0.47028,0.04305,58.07
2,30,2,148,0.47024,0.0424,52.9
2,30,2,149,0.47023,0.04115,73.79
2,30,2,150,0.47026,0.04173,53.44
2,30,2,151,0.47029,0.04366,48.56
2,30,2,152,0.46987,0.04456,56.09
2,30,2,153,0.46894,0.04425,53.02
2,30,3,0,0.44415,0.04992,114.94
2,30,3,1,0.44277,0.05237,85.97
2,30,3,2,0.44072,0.06281,58.77
2,30,3,3,0.43815,0.0771,83.7
2,30,3,4,0.43571,0.09804,53.38
2,30,3,5,0.43338,0.11415,58.54
2,30,3,6,0.43213,0.14266,41.28
2,30,3,7,0.43242,0.18407,49.32
2,30,3,8,0.43328,0.23158,40.92
2,30,3,9,0.43433,0.2772,45.38
2,30,3,10,0.43555,0.30976,55.65
2,30,3,11,0.43726,0.34524,53.42
2,30,3,12,0.43903,0.3763,76.48
2,30,3,13,0.44063,0.40076,46.38
2,30,3,14,0.44164,0.42325,74.35
2,30,3,15,0.44248,0.43928,87.53
2,30,3,16,0.44311,0.45404,54.33
2,30,3,17,0.44331,0.46499,57.15
2,30,3,18,0.44325,0.47398,80.18
2,30,3,19,0.44377,0.48352,82.06
2,30,3,20,0.44506,0.48965,59.26
2,30,3,21,0.44748,0.49696,53.33
2,30,3,22,0.45038,0.50601,53.07
2,30,3,23,0.45447,0.5072,50.65
2,30,3,24,0.45853,0.50172,93.15
2,30,3,25,0.46199,0.49447,57.22
2,30,3,26,0.4663,0.48474,54.51
2,30,3,27,0.46916,0.47121,51.21
2,30,3,28,0.47181,0.45459,36.97
2,30,3,29,0.47387,0.42704,41.57
2,30,3,30,0.4746,0.38707,49.8
2,30,3,31,0.47496,0.33297,51.42
2,30,3,32,0.47467,0.27184,54.76
2,30,3,33,0.47394,0.21423,69.28
2,30,3,34,0.47319,0.17127,83.32
2,30,3,35,0.47246,0.14177,50.79
2,30,3,36,0.47169,0.11956,46.56
2,30,3,37,0.47139,0.10022,66.08
2,30,3,38,0.47093,0.08845,116.01
2,30,3,39,0.47039,0.07941,95.46
2,30,3,40,0.47012,0.07201,64.06
2,30,3,41,0.46999,0.065,79.16
2,30,3,42,0.46984,0.06121,105.6
2,30,3,43,0.4697,0.05385,85.87
2,30,3,44,0.46939,0.0393,61.85
2,30,3,45,0.45955,0.00207,57.39
2,30,3,46,0.46099,0.00515,57.06
2,30,3,47,0.46167,0.01265,43.89
2,30,3,48,0.46269,0.02912,98.53
2,30,3,49,0.46321,0.0401,102.55
2,30,3,50,0.46341,0.06212,79.72
2,30,3,51,0.4632,0.08201,78.06
2,30,3,52,0.46283,0.1076,50.01
2,30,3,53,0.46251,0.13667,66.57
2,30,3,54,0.46204,0.16059,53.75
2,30,3,55,0.46159,0.17977,99.91
2,30,3,56,0.46112,0.19857,83.4
2,30,3,57,0.46079,0.20975,57.29
2,30,3,58,0.46077,0.22138,59.58
2,30,3,59,0.4603,0.22076,77.18
2,30,3,60,0.45963,0.22067,75.08
2,30,3,61,0.45854,0.21528,51.28
2,30,3,62,0.45725,0.20729,58.37
2,30,3,63,0.45573,0.19775,89.51
2,30,3,64,0.45476,0.18606,79.67
2,30,3,65,0.45403,0.17202,70.4
2,30,3,66,0.45379,0.1567,67.74
2,30,3,67,0.45341,0.1459,71.16
2,30,3,68,0.45315,0.13617,126.15
2,30,3,69,0.45287,0.12925,109.76
2,30,3,70,0.45274,0.12391,102.34
2,30,3,71,0.4525,0.11528,94.97
2,30,3,72,0.45288,0.10775,89.21
2,30,3,73,0.45294,0.09883,67.99
2,30,3,74,0.45269,0.08667,58.67
2,30,3,75,0.45275,0.07487,47.39
2,30,3,76,0.45298,0.06324,39.85
2,30,3,77,0.45423,0.05698,51.56
2,30,3,78,0.45599,0.05556,56.48
2,30,3,79,0.45804,0.05381,36.97
2,30,3,80,0.46106,0.04587,46.42
2,30,3,81,0.46363,0.03764,48.9
2,30,3,82,0.45504,0.03206,63.55
2,30,3,83,0.45492,0.03796,45.32
2,30,3,84,0.45494,0.05255,48.51
2,30,3,85,0.45469,0.07139,36.04
2,30,3,86,0.45452,0.09448,60.84
2,30,3,87,0.45443,0.12255,77.81
2,30,3,88,0.45413,0.15933,77.67
2,30,3,89,0.45393,0.19754,45.35
2,30,3,90,0.45412,0.23646,59.45
2,30,3,91,0.45428,0.27321,47.79
2,30,3,92,0.45445,0.30886,68.76
2,30,3,93,0.45432,0.33343,38.55
2,30,3,94,0.45458,0.3503,48.57
2,30,3,95,0.45449,0.3613,50.02
2,30,3,96,0.45492,0.37728,44.09
2,30,3,97,0.4553,0.38453,67.19
2,30,3,98,0.45556,0.38596,41.44
2,30,3,99,0.45578,0.38518,48.99
2,30,3,100,0.45564,0.38278,49.18
2,30,3,101,0.45441,0.37839,48.49
2,30,3,102,0.45343,0.37667,115.73
2,30,3,103,0.45305,0.3759,96.26
2,30,3,104,0.45254,0.37746,60.6
2,30,3,105,0.45209,0.37655,50.92
2,30,3,106,0.45217,0.37111,61.62
2,30,3,107,0.4525,0.36322,115.13
2,30,3,108,0.4523,0.3392,93.75
2,30,3,109,0.45147,0.2933,90.29
2,30,3,110,0.4505,0.22464,49.89
2,30,3,111,0.45069,0.15168,81.16
2,30,3,112,0.43144,0.00484,62.36
2,30,3,113,0.4312,0.01813,57.91
2,30,3,114,0.43105,0.05551,44.74
2,30,3,115,0.43119,0.11127,62.34
2,30,3,116,0.43084,0.1728,51.21
2,30,3,117,0.4306,0.21292,74.09
2,30,3,118,0.43027,0.24549,49.48
2,30,3,119,0.43035,0.26936,53.94
2,30,3,120,0.43045,0.29035,47.11
2,30,3,121,0.43059,0.29926,61.36
2,30,3,122,0.43088,0.30935,44.66
2,30,3,123,0.43159,0.31744,128.4
2,30,3,124,0.43359,0.33258,79.74
2,30,3,125,0.43471,0.34032,51.38
2,30,3,126,0.43649,0.34994,56.66
2,30,3,127,0.43758,0.35634,48.43
2,30,3,128,0.43831,0.36838,56.81
2,30,3,129,0.43891,0.37,60.62
2,30,3,130,0.43858,0.36629,52.22
2,30,3,131,0.43829,0.3589,62.36
2,30,3,132,0.43809,0.34855,55.66
2,30,3,133,0.43818,0.33243,43.74
2,30,3,134,0.43884,0.31266,46.54
2,30,3,135,0.43967,0.28722,54.26
2,30,3,136,0.44068,0.24693,41.98
2,30,3,137,0.44135,0.21333,44.37
2,30,3,138,0.44215,0.17174,93.99
2,30,3,139,0.44303,0.13311,78.52
2,30,3,140,0.44419,0.09574,56.19
2,30,3,141,0.44534,0.06287,73.98
2,30,4,0,0.37434,0.04447,97.08
2,30,4,1,0.37467,0.06289,69.9
2,30,4,2,0.38039,0.07098,88.55
2,30,4,3,0.38682,0.08397,72.06
2,30,4,4,0.39496,0.09323,47.73
2,30,4,5,0.40608,0.09019,47.64
2,30,4,6,0.41859,0.08155,46.49
2,30,4,7,0.432,0.06878,46.68
2,30,4,8,0.47476,0.02993,88.25
2,30,4,9,0.48968,0.07558,68.7
2,30,4,10,0.48693,0.10537,56.1
2,30,4,11,0.48123,0.15734,43.91
2,30,4,12,0.47262,0.22284,79.05
2,30,4,13,0.46144,0.29183,46.51
2,30,4,14,0.44757,0.35327,42.42
2,30,4,15,0.43167,0.40574,43.52
2,30,4,16,0.42046,0.41378,58.21
2,30,4,17,0.41022,0.40568,57.48
2,30,4,18,0.40087,0.39526,68.1
2,30,4,19,0.39617,0.37867,91.87
2,30,4,20,0.39374,0.35528,52.62
2,30,4,21,0.39206,0.33162,49.81
2,30,4,22,0.38932,0.32321,44.47
2,30,4,23,0.3866,0.32131,46.01
2,30,4,24,0.3864,0.31708,45.83
2,30,4,25,0.38939,0.30553,59.37
2,30,4,26,0.39419,0.28536,86.04
2,30,4,27,0.40286,0.23247,62.86
2,30,4,28,0.41452,0.15975,54.49
2,30,4,29,0.42611,0.10791,52.3
2,30,4,30,0.43462,0.07873,44.22
2,30,4,31,0.44106,0.06287,43.98
2,30,4,32,0.44722,0.05415,46.51
2,30,4,33,0.45239,0.05085,47.76
2,30,4,34,0.45622,0.05304,48.75
2,30,4,35,0.45936,0.05655,70.57
2,30,4,36,0.46159,0.0577,52.93
2,30,4,37,0.46446,0.05525,59.41
2,30,4,38,0.46762,0.05389,47.04
2,30,4,39,0.46949,0.05573,47.74
2,30,4,40,0.47023,0.06635,38.54
2,30,4,41,0.46937,0.08048,51.93
2,30,4,42,0.46673,0.1054,52.96
2,30,4,43,0.461,0.16228,46.76
2,30,4,44,0.45375,0.23578,42.18
2,30,4,45,0.50586,0.07671,50.3
2,30,4,46,0.50677,0.06264,52.83
2,30,4,47,0.50419,0.03128,54.43
2,30,4,48,0.50282,0.02739,46.61
2,30,4,49,0.48871,0.00667,53.62
2,30,4,50,0.48833,0.00818,92.98
2,30,4,51,0.48907,0.00964,74.63
2,30,4,52,0.49035,0.01223,51.8
2,30,4,53,0.49259,0.01466,81.35
2,30,4,54,0.49395,0.02148,44.27
2,30,4,55,0.49441,0.03502,42.24
2,30,4,56,0.49558,0.04013,48.94
2,30,4,57,0.49689,0.04694,72.23
2,30,4,58,0.49764,0.05742,42.2
2,30,4,59,0.49912,0.06811,52.09
2,30,4,60,0.50057,0.07538,43.85
2,30,4,61,0.51448,0.04842,46.43
2,30,4,62,0.51457,0.05052,65.22
2,30,4,63,0.51472,0.05396,45.77
2,30,4,64,0.51424,0.05751,46.52
2,30,4,65,0.51336,0.05983,42.89
2,30,4,66,0.51222,0.05844,50.46
2,30,4,67,0.51054,0.05517,47.86
2,30,4,68,0.50908,0.04986,47.91
2,30,4,69,0.50752,0.04697,61.13
2,30,4,70,0.50603,0.04742,59.72
2,30,4,71,0.5038,0.05028,57.27
2,30,4,72,0.50192,0.04987,87.67
2,30,4,73,0.49946,0.05246,56.9
2,30,4,74,0.49667,0.0567,93.43
2,30,4,75,0.49349,0.06058,66.86
2,30,4,76,0.49049,0.05519,58.11
2,30,4,77,0.48626,0.03667,49.2
2,30,4,78,0.4829,0.03232,41.45
2,30,4,79,0.48014,0.02752,40.33
2,30,4,80,0.47652,0.02967,93.44
2,30,4,81,0.47115,0.04293,64.43
2,30,4,82,0.4656,0.06113,56.18
2,30,4,83,0.45985,0.08127,68.13
2,30,4,84,0.45508,0.10445,50.86
2,30,4,85,0.4498,0.13029,44.76
2,30,4,86,0.4456,0.15434,64.48
2,30,4,87,0.46554,0.1876,45.61
2,30,4,88,0.46381,0.20022,45.0
2,30,4,89,0.46168,0.21912,84.44
2,30,4,90,0.46052,0.23667,50.48
2,30,4,91,0.45891,0.26654,51.44
2,30,4,92,0.45711,0.29784,42.77
2,30,4,93,0.45583,0.32134,60.09
2,30,4,94,0.45445,0.34875,78.39
2,30,4,95,0.45282,0.37625,93.7
2,30,4,96,0.4516,0.40336,63.5
2,30,4,97,0.45049,0.43012,44.27
2,30,4,98,0.44944,0.45381,87.85
2,30,4,99,0.44836,0.47251,61.11
2,30,4,100,0.44707,0.4895,47.47
2,30,4,101,0.44648,0.49406,55.51
2,30,4,102,0.44691,0.48791,136.47
2,30,4,103,0.44707,0.47718,84.94
2,30,4,104,0.44766,0.4704,58.83
2,30,4,105,0.44886,0.46056,59.13
2,30,4,106,0.45165,0.43256,54.34
2,30,4,107,0.45446,0.40461,53.96
2,30,4,108,0.45719,0.37774,47.01
2,30,4,109,0.46014,0.34964,85.09
2,30,4,110,0.46181,0.33675,53.15
2,30,4,111,0.4617,0.34281,110.41
2,30,4,112,0.46015,0.35287,65.94
2,30,4,113,0.45836,0.3646,47.02
2,30,4,114,0.45846,0.3607,51.31
2,30,4,115,0.45929,0.34665,46.19
2,30,4,116,0.46046,0.33826,39.07
2,30,4,117,0.46068,0.33777,72.52
2,30,4,118,0.46017,0.3423,45.48
2,30,4,119,0.45842,0.35514,44.79
2,30,4,120,0.45781,0.35789,71.84
2,30,4,121,0.45836,0.35904,43.05
2,30,4,122,0.4597,0.35335,62.61
2,30,4,123,0.46261,0.33844,44.29
2,30,4,124,0.46395,0.33163,80.82
2,30,4,125,0.46452,0.32885,46.18
2,30,4,126,0.46454,0.32897,63.45
2,30,4,127,0.46394,0.33355,76.58
2,30,4,128,0.46277,0.33639,56.51
2,30,4,129,0.46274,0.33461,46.76
2,30,4,130,0.46376,0.32676,46.13
2,30,4,131,0.4655,0.31206,63.91
2,30,4,132,0.4671,0.29788,54.4
2,30,4,133,0.46799,0.28875,50.92
2,30,4,134,0.46777,0.29114,93.43
2,30,4,135,0.46741,0.29549,84.12
2,30,4,136,0.46703,0.30067,53.36
2,30,4,137,0.46554,0.30829,75.13
2,30,4,138,0.46537,0.30955,56.3
2,30,4,139,0.46519,0.30612,69.69
2,30,4,140,0.46574,0.29896,45.19
2,30,4,141,0.46492,0.29916,42.3
2,30,4,142,0.46362,0.30059,65.0
2,30,5,0,0.44599,0.25617,59.02
2,30,5,1,0.44409,0.26868,50.58
2,30,5,2,0.44245,0.28028,56.68
2,30,5,3,0.44035,0.29037,50.0
2,30,5,4,0.43896,0.29303,42.7
2,30,5,5,0.4384,0.29224,97.31
2,30,5,6,0.43887,0.29098,94.25
2,30,5,7,0.44013,0.29259,50.76
2,30,5,8,0.44151,0.29168,51.53
2,30,5,9,0.44233,0.29011,36.21
2,30,5,10,0.44289,0.29085,41.19
2,30,5,11,0.44388,0.29295,36.47
2,30,5,12,0.44492,0.29237,37.51
2,30,5,13,0.44544,0.29262,49.28
2,30,5,14,0.44544,0.29142,80.0
2,30,5,15,0.44568,0.28526,48.47
2,30,5,16,0.44591,0.27122,62.57
2,30,5,17,0.4465,0.25843,40.41
2,30,5,18,0.44709,0.25013,46.75
2,30,5,19,0.44786,0.24162,41.64
2,30,5,20,0.4484,0.23472,44.59
2,30,5,21,0.44848,0.22805,41.54
2,30,5,22,0.46628,0.22792,81.21
2,30,5,23,0.46635,0.22803,93.2
2,30,5,24,0.46643,0.22798,85.83
2,30,5,25,0.46677,0.22713,58.18
2,30,5,26,0.46628,0.2278,40.84
2,30,5,27,0.46667,0.22278,47.15
2,30,5,28,0.46718,0.21331,55.6
2,30,5,29,0.46728,0.20258,45.91
2,30,5,30,0.46603,0.18973,42.73
2,30,5,31,0.46453,0.17305,43.36
2,30,5,32,0.46371,0.15033,46.3
2,30,5,33,0.46257,0.12722,41.94
2,30,5,34,0.46148,0.11111,45.3
2,30,5,35,0.46104,0.09477,71.37
2,30,5,36,0.4615,0.08211,103.01
2,30,5,37,0.46208,0.07068,93.74
2,30,5,38,0.46277,0.05496,80.6
2,30,5,39,0.46329,0.04406,71.95
2,30,5,40,0.46386,0.04124,45.63
2,30,5,41,0.46369,0.04345,60.75
2,30,5,42,0.46301,0.04801,89.89
2,30,5,43,0.46254,0.05363,110.18
2,30,5,44,0.4625,0.05825,77.08
2,30,5,45,0.46244,0.0585,61.7
2,30,5,46,0.46273,0.05656,50.38
2,30,5,47,0.46252,0.05261,65.94
2,30,5,48,0.46172,0.04745,51.1
2,30,5,49,0.46095,0.04352,51.67
2,30,5,50,0.46073,0.03883,47.31
2,30,5,51,0.46094,0.03384,52.28
2,30,5,52,0.46136,0.03284,44.89
2,30,5,53,0.46132,0.03468,50.77
2,30,5,54,0.4614,0.04435,69.73
2,30,5,55,0.46151,0.05795,60.94
2,30,5,56,0.46208,0.07141,41.4
2,30,5,57,0.46265,0.0809,63.03
2,30,5,58,0.46305,0.09343,43.98
2,30,5,59,0.46295,0.10503,85.71
2,30,5,60,0.46255,0.11213,48.96
2,30,5,61,0.46184,0.11956,88.51
2,30,5,62,0.46177,0.12157,74.28
2,30,5,63,0.46221,0.12178,59.97
2,30,5,64,0.46277,0.12082,49.82
2,30,5,65,0.46341,0.11862,43.74
2,30,5,66,0.46345,0.11408,47.64
2,30,5,67,0.46301,0.11004,43.88
2,30,5,68,0.46304,0.10402,50.7
2,30,5,69,0.46278,0.09492,56.59
2,30,5,70,0.46297,0.09141,73.72
2,30,5,71,0.46335,0.09172,49.84
2,30,5,72,0.46402,0.0919,45.68
2,30,5,73,0.46413,0.09114,53.0
2,30,5,74,0.46452,0.09301,96.78
2,30,5,75,0.46469,0.09641,55.38
2,30,5,76,0.46517,0.10337,50.06
2,30,5,77,0.46611,0.10879,42.87
2,30,5,78,0.46632,0.11525,50.42
2,30,5,79,0.46681,0.11739,52.57
2,30,5,80,0.46697,0.11844,51.19
2,30,5,81,0.4667,0.11397,51.36
2,30,5,82,0.4666,0.1076,67.76
2,30,5,83,0.46674,0.09932,52.15
2,30,5,84,0.46635,0.0848,87.89
2,30,5,85,0.46582,0.07399,82.41
2,30,5,86,0.46458,0.05565,39.55
2,30,5,87,0.46341,0.05269,41.23
2,30,5,88,0.46303,0.05458,37.75
2,30,5,89,0.46269,0.06193,48.75
2,30,5,90,0.46207,0.07096,40.08
2,30,5,91,0.46124,0.08045,61.5
2,30,5,92,0.46066,0.09197,51.32
2,30,5,93,0.46057,0.10397,45.87
2,30,5,94,0.46074,0.11061,37.37
2,30,5,95,0.4604,0.11118,86.34
2,30,5,96,0.46056,0.10799,40.77
2,30,5,97,0.46051,0.10852,56.26
2,30,5,98,0.4602,0.10495,63.88
2,30,5,99,0.46003,0.10255,83.84
2,30,5,100,0.46002,0.09889,99.45
2,30,5,101,0.46024,0.09443,63.78
2,30,5,102,0.46008,0.08816,83.81
2,30,5,103,0.45962,0.07985,65.31
2,30,5,104,0.459,0.07642,87.71
2,30,5,105,0.45879,0.07277,56.73
2,30,5,106,0.45887,0.06965,41.97
2,30,5,107,0.4588,0.06761,86.89
2,30,5,108,0.45928,0.06572,47.65
2,30,5,109,0.46008,0.06331,54.32
2,30,5,110,0.46064,0.05916,60.96
2,30,5,111,0.46134,0.05512,42.35
2,30,5,112,0.46193,0.05842,43.22
2,30,5,113,0.46247,0.06786,51.94
2,30,5,114,0.46297,0.07797,73.11
2,30,5,115,0.463,0.08416,48.18
2,30,5,116,0.46227,0.08798,98.44
3,30,1,0,0.76744,0.2252,66.02
3,30,1,1,0.7654,0.22613,56.52
3,30,1,2,0.76391,0.2234,41.34
3,30,1,3,0.76331,0.21627,59.29
3,30,1,4,0.76289,0.21226,58.48
3,30,1,5,0.76298,0.20939,55.82
3,30,1,6,0.7632,0.20679,75.12
3,30,1,7,0.76387,0.20211,46.37
3,30,1,8,0.7649,0.19731,43.35
3,30,1,9,0.76643,0.18896,67.84
3,30,1,10,0.76794,0.17928,45.93
3,30,1,11,0.7695,0.1708,88.12
3,30,1,12,0.77058,0.1624,74.72
3,30,1,13,0.7713,0.15435,50.82
3,30,1,14,0.77103,0.14921,74.3
3,30,1,15,0.77029,0.14796,51.83
3,30,1,16,0.76974,0.14737,45.88
3,30,1,17,0.76906,0.15172,48.42
3,30,1,18,0.769,0.15177,48.12
3,30,1,19,0.76951,0.14789,98.86
3,30,1,20,0.76994,0.13864,100.54
3,30,1,21,0.76986,0.13241,101.51
3,30,1,22,0.76931,0.13545,90.22
3,30,1,23,0.76779,0.14191,44.89
3,30,1,24,0.76569,0.15073,42.51
3,30,1,25,0.76346,0.1617,48.9
3,30,1,26,0.7622,0.16974,50.91
3,30,1,27,0.76131,0.18063,44.14
3,30,1,28,0.76032,0.18906,41.56
3,30,1,29,0.75964,0.19611,62.02
3,30,1,30,0.7595,0.19543,98.95
3,30,1,31,0.75903,0.1961,103.31
3,30,1,32,0.75907,0.19107,76.1
3,30,1,33,0.75995,0.17624,52.55
3,30,1,34,0.76105,0.15859,43.51
3,30,1,35,0.76207,0.14829,73.2
3,30,1,36,0.76329,0.1381,50.06
3,30,1,37,0.76508,0.12545,45.78
3,30,1,38,0.76725,0.11006,42.36
3,30,1,39,0.76888,0.09562,37.64
3,30,1,40,0.76962,0.08587,105.45
3,30,1,41,0.76873,0.0882,79.12
3,30,1,42,0.76621,0.09769,41.75
3,30,1,43,0.76346,0.11022,74.04
3,30,1,44,0.76076,0.12358,48.6
3,30,1,45,0.75776,0.13958,72.89
3,30,1,46,0.75491,0.15664,55.3
3,30,1,47,0.75218,0.17298,56.25
3,30,1,48,0.75049,0.18284,58.94
3,30,1,49,0.7498,0.18606,38.74
3,30,1,50,0.74948,0.18844,36.59
3,30,1,51,0.74964,0.18686,54.51
3,30,1,52,0.75059,0.1814,58.99
3,30,1,53,0.75274,0.17233,44.82
3,30,1,54,0.75391,0.16651,54.61
3,30,1,55,0.75527,0.15764,49.14
3,30,1,56,0.75656,0.15329,81.77
3,30,1,57,0.75755,0.15127,53.51
3,30,1,58,0.758,0.14565,95.89
3,30,1,59,0.75841,0.13723,61.31
3,30,1,60,0.75868,0.13158,42.54
3,30,1,61,0.75848,0.12934,61.37
3,30,1,62,0.75767,0.13108,47.85
3,30,1,63,0.75627,0.13556,75.5
3,30,1,64,0.75478,0.14438,68.72
3,30,1,65,0.75307,0.1569,49.48
3,30,1,66,0.75103,0.17528,53.81
3,30,1,67,0.74953,0.18845,52.43
3,30,1,68,0.74851,0.20031,45.74
3,30,1,69,0.74812,0.20447,54.56
3,30,1,70,0.74801,0.20486,51.33
3,30,1,71,0.74917,0.20029,61.53
3,30,1,72,0.75076,0.19181,93.25
3,30,1,73,0.75181,0.18445,86.64
3,30,1,74,0.75349,0.16701,45.03
3,30,1,75,0.75422,0.16063,56.02
3,30,1,76,0.75496,0.15914,44.26
3,30,1,77,0.7556,0.15823,37.09
3,30,1,78,0.75625,0.15675,43.09
3,30,1,79,0.75724,0.15485,56.06
3,30,1,80,0.75887,0.14259,62.79
3,30,1,81,0.76041,0.12812,55.69
3,30,1,82,0.76189,0.11124,91.57
3,30,1,83,0.76231,0.10502,82.46
3,30,1,84,0.76223,0.10169,91.59
3,30,1,85,0.76244,0.09469,86.25
3,30,1,86,0.76414,0.07614,58.44
3,30,1,87,0.76547,0.06489,49.06
3,30,1,88,0.76625,0.05951,90.79
3,30,1,89,0.76636,0.05926,46.75
3,30,1,90,0.76623,0.05998,83.41
3,30,1,91,0.76659,0.06223,48.39
3,30,1,92,0.76647,0.06709,71.39
3,30,1,93,0.76594,0.07166,48.11
3,30,1,94,0.76546,0.07824,45.54
3,30,1,95,0.76472,0.08357,58.47
3,30,1,96,0.76344,0.09238,88.27
3,30,1,97,0.76229,0.10626,68.68
3,30,1,98,0.76227,0.11538,55.99
3,30,1,99,0.76287,0.12278,46.91
3,30,1,100,0.76339,0.12569,43.88
3,30,1,101,0.76455,0.12688,83.79
3,30,1,102,0.76589,0.12589,49.68
3,30,1,103,0.76722,0.12419,56.14
3,30,2,0,0.77337,0.06018,43.58
3,30,2,1,0.77395,0.04497,54.13
3,30,2,2,0.77319,0.04201,39.32
3,30,2,3,0.77185,0.04317,50.61
3,30,2,4,0.77048,0.04584,53.72
3,30,2,5,0.76801,0.05297,82.64
3,30,2,6,0.76661,0.05479,49.52
3,30,2,7,0.76516,0.05685,79.64
3,30,2,8,0.76402,0.05892,52.58
3,30,2,9,0.76321,0.06218,41.31
3,30,2,10,0.76267,0.06514,49.68
3,30,2,11,0.76152,0.07198,65.89
3,30,2,12,0.7609,0.07405,55.78
3,30,2,13,0.76062,0.07308,61.53
3,30,2,14,0.75987,0.0747,51.2
3,30,2,15,0.75846,0.07883,54.05
3,30,2,16,0.75711,0.08508,70.07
3,30,2,17,0.75588,0.09083,96.47
3,30,2,18,0.75482,0.09738,65.29
3,30,2,19,0.75331,0.10848,39.99
3,30,2,20,0.75237,0.11574,93.29
3,30,2,21,0.75167,0.11985,51.79
3,30,2,22,0.75122,0.12274,57.31
3,30,2,23,0.75008,0.13485,84.38
3,30,2,24,0.74917,0.14406,72.14
3,30,2,25,0.74826,0.15236,54.01
3,30,2,26,0.74732,0.16067,87.59
3,30,2,27,0.74593,0.17432,57.52
3,30,2,28,0.74566,0.17619,45.18
3,30,2,29,0.7465,0.16916,99.16
3,30,2,30,0.7472,0.16475,64.3
3,30,2,31,0.74899,0.15173,56.23
3,30,2,32,0.75063,0.14061,53.07
3,30,2,33,0.75248,0.12838,50.16
3,30,2,34,0.75468,0.11295,41.14
3,30,2,35,0.7561,0.10404,47.34
3,30,2,36,0.75759,0.09434,85.56
3,30,2,37,0.75851,0.08823,55.03
3,30,2,38,0.75983,0.08282,63.61
3,30,2,39,0.76138,0.07404,43.61
3,30,2,40,0.76246,0.06711,41.78
3,30,2,41,0.76297,0.04147,56.91
3,30,2,42,0.76291,0.04059,63.24
3,30,2,43,0.76252,0.03993,42.21
3,30,2,44,0.76125,0.04569,86.3
3,30,2,45,0.76042,0.05471,52.45
3,30,2,46,0.75905,0.06784,53.41
3,30,2,47,0.75794,0.07948,83.65
3,30,2,48,0.75665,0.09361,48.34
3,30,2,49,0.75563,0.1029,44.02
3,30,2,50,0.75499,0.10845,44.24
3,30,2,51,0.75443,0.11318,80.88
3,30,2,52,0.75498,0.10744,62.62
3,30,2,53,0.75673,0.09093,52.07
3,30,2,54,0.75696,0.08891,40.42
3,30,2,55,0.75658,0.09006,55.15
3,30,2,56,0.75593,0.09306,42.84
3,30,2,57,0.75466,0.10312,75.52
3,30,2,58,0.75244,0.12041,57.22
3,30,2,59,0.75037,0.13484,46.93
3,30,2,60,0.74887,0.14018,57.35
3,30,2,61,0.74812,0.14114,61.07
3,30,2,62,0.7477,0.14314,106.85
3,30,2,63,0.7468,0.14759,69.22
3,30,2,64,0.74613,0.15396,69.32
3,30,2,65,0.74536,0.16388,54.32
3,30,2,66,0.74473,0.17098,45.67
3,30,2,67,0.7442,0.17166,41.4
3,30,2,68,0.74498,0.16174,63.01
3,30,2,69,0.74611,0.15033,97.78
3,30,2,70,0.74718,0.14105,85.67
3,30,2,71,0.74826,0.13274,63.7
3,30,2,72,0.74841,0.125,47.58
3,30,2,73,0.74778,0.12097,52.24
3,30,2,74,0.74684,0.11445,89.81
3,30,2,75,0.7455,0.11349,53.46
3,30,2,76,0.74352,0.11893,67.61
3,30,2,77,0.74127,0.12893,56.84
3,30,2,78,0.73887,0.14197,49.39
3,30,2,79,0.73739,0.15388,36.47
3,30,2,80,0.73708,0.15836,51.1
3,30,2,81,0.73803,0.15494,85.85
3,30,2,82,0.73953,0.14947,62.28
3,30,2,83,0.74083,0.14371,50.34
3,30,2,84,0.74276,0.13382,45.7
3,30,2,85,0.74506,0.12103,49.68
3,30,2,86,0.74804,0.10821,69.78
3,30,2,87,0.75045,0.09733,53.27
3,30,2,88,0.75277,0.08973,49.31
3,30,2,89,0.75367,0.09142,92.32
3,30,2,90,0.75439,0.09264,56.17
3,30,2,91,0.7551,0.09179,67.89
3,30,2,92,0.75522,0.09395,48.66
3,30,2,93,0.75525,0.09906,50.69
3,30,2,94,0.75481,0.10853,37.91
3,30,2,95,0.75423,0.11847,93.35
3,30,2,96,0.75448,0.11989,49.27
3,30,2,97,0.75443,0.12457,46.14
3,30,2,98,0.75414,0.13079,49.46
3,30,2,99,0.75424,0.13227,45.5
3,30,2,100,0.75404,0.13627,40.29
3,30,2,101,0.75418,0.13619,44.22
3,30,2,102,0.75483,0.13176,40.26
3,30,2,103,0.75576,0.12399,53.05
3,30,2,104,0.75679,0.11488,50.14
3,30,2,105,0.75744,0.10864,45.0
3,30,2,106,0.75799,0.10407,69.55
3,30,2,107,0.75918,0.09766,42.13
3,30,2,108,0.76033,0.0906,87.13
3,30,2,109,0.76099,0.08318,57.42
3,30,2,110,0.76184,0.07097,91.14
3,30,2,111,0.76207,0.06555,65.79
3,30,2,112,0.76182,0.06531,84.83
3,30,2,113,0.76121,0.06982,53.32
3,30,2,114,0.76041,0.0763,58.69
3,30,2,115,0.75948,0.08388,54.38
3,30,2,116,0.75904,0.08702,126.26
3,30,2,117,0.75893,0.08633,104.43
3,30,2,118,0.75939,0.08448,85.57
3,30,2,119,0.75994,0.0822,58.87
3,30,2,120,0.76158,0.07305,40.01
3,30,2,121,0.76291,0.06456,49.84
3,30,2,122,0.76401,0.05684,35.77
3,30,2,123,0.76432,0.05461,46.79
3,30,2,124,0.76439,0.05283,45.43
3,30,2,125,0.76439,0.05057,39.11
3,30,2,126,0.76388,0.05358,55.83
3,30,2,127,0.76242,0.06422,48.7
3,30,2,128,0.76062,0.08006,47.47
3,30,2,129,0.75912,0.09367,61.62
3,30,2,130,0.75806,0.10298,83.19
3,30,2,131,0.75722,0.11041,71.04
3,30,2,132,0.7574,0.11279,86.36
3,30,2,133,0.75744,0.11409,77.05
3,30,2,134,0.75792,0.11342,71.75
3,30,2,135,0.75878,0.11384,107.89
3,30,2,136,0.75974,0.11457,96.75
3,30,2,137,0.76167,0.11409,47.71
3,30,2,138,0.76375,0.11553,58.09
3,30,2,139,0.76604,0.11854,52.18
3,30,2,140,0.76939,0.11613,48.76
3,30,2,141,0.77335,0.11274,55.03
3,30,2,142,0.77833,0.10846,57.28
3,30,2,143,0.78231,0.1013,47.12
3,30,2,144,0.78463,0.09681,41.04
3,30,2,145,0.78569,0.09575,65.19
3,30,2,146,0.78624,0.09621,78.5
3,30,2,147,0.78661,0.09507,52.69
3,30,2,148,0.78712,0.08999,49.76
3,30,3,0,0.766,0.1447,48.91
3,30,3,1,0.76635,0.1454,60.67
3,30,3,2,0.76716,0.14325,52.61
3,30,3,3,0.76767,0.14019,42.82
3,30,3,4,0.7677,0.13696,41.11
3,30,3,5,0.76737,0.13498,53.3
3,30,3,6,0.76689,0.13086,86.68
3,30,3,7,0.7656,0.13553,46.75
3,30,3,8,0.76422,0.14111,51.69
3,30,3,9,0.7639,0.1449,53.5
3,30,3,10,0.76332,0.15278,46.35
3,30,3,11,0.76257,0.15781,56.98
3,30,3,12,0.76174,0.16105,41.55
3,30,3,13,0.76192,0.16193,50.78
3,30,3,14,0.76283,0.1599,51.94
3,30,3,15,0.76373,0.15301,52.34
3,30,3,16,0.76458,0.14089,77.06
3,30,3,17,0.76483,0.13199,86.28
3,30,3,18,0.76523,0.12986,102.59
3,30,3,19,0.76496,0.13294,79.53
3,30,3,20,0.76385,0.14272,76.46
3,30,3,21,0.76259,0.15701,92.23
3,30,3,22,0.7622,0.16138,84.52
3,30,3,23,0.76286,0.16134,65.16
3,30,3,24,0.76357,0.15937,60.37
3,30,3,25,0.76377,0.16016,67.04
3,30,3,26,0.7644,0.16127,51.96
3,30,3,27,0.76509,0.16186,42.13
3,30,3,28,0.76605,0.1609,43.4
3,30,3,29,0.76674,0.16127,44.84
3,30,3,30,0.76766,0.16226,50.56
3,30,3,31,0.76919,0.16304,74.13
3,30,3,32,0.77124,0.1572,58.0
3,30,3,33,0.77304,0.15096,58.2
3,30,3,34,0.77447,0.14334,44.8
3,30,3,35,0.77532,0.14078,42.63
3,30,3,36,0.77565,0.14032,50.43
3,30,3,37,0.77508,0.14174,50.99
3,30,3,38,0.77441,0.14456,55.16
3,30,3,39,0.77343,0.14774,39.8
3,30,3,40,0.77292,0.15101,60.52
3,30,3,41,0.77279,0.15423,54.89
3,30,3,42,0.77182,0.15754,66.76
3,30,3,43,0.77066,0.16113,82.29
3,30,3,44,0.7697,0.16784,50.45
3,30,3,45,0.76936,0.17319,98.13
3,30,3,46,0.76905,0.18258,71.72
3,30,3,47,0.76913,0.18925,41.66
3,30,3,48,0.7694,0.1946,51.75
3,30,3,49,0.77006,0.19623,53.31
3,30,3,50,0.76963,0.19916,64.14
3,30,3,51,0.76831,0.20431,99.99
3,30,3,52,0.76713,0.21289,81.62
3,30,3,53,0.7658,0.21773,80.53
3,30,3,54,0.76425,0.22008,51.08
3,30,3,55,0.76316,0.21743,54.53
3,30,3,56,0.76191,0.21696,43.9
3,30,3,57,0.7604,0.22321,65.28
3,30,3,58,0.75939,0.22657,77.0
3,30,3,59,0.75955,0.21913,44.93
3,30,3,60,0.76021,0.20556,49.58
3,30,3,61,0.76129,0.18726,38.86
3,30,3,62,0.76275,0.17403,48.85
3,30,3,63,0.76474,0.16368,44.49
3,30,3,64,0.76649,0.15647,49.96
3,30,3,65,0.76742,0.1552,51.04
3,30,3,66,0.76829,0.15596,39.34
3,30,3,67,0.76792,0.16066,86.52
3,30,3,68,0.7678,0.16476,49.38
3,30,3,69,0.7677,0.16761,55.67
3,30,3,70,0.76816,0.1675,64.93
3,30,3,71,0.769,0.16477,43.82
3,30,3,72,0.76971,0.15978,57.82
3,30,3,73,0.77006,0.15028,58.46
3,30,3,74,0.77052,0.13925,55.17
3,30,3,75,0.77077,0.12781,35.04
3,30,3,76,0.77153,0.11402,42.95
3,30,3,77,0.77198,0.10333,51.16
3,30,3,78,0.77133,0.10331,45.37
3,30,3,79,0.77057,0.10517,75.21
3,30,3,80,0.7701,0.10838,42.37
3,30,3,81,0.7695,0.11064,53.6
3,30,3,82,0.76838,0.11495,80.96
3,30,3,83,0.76752,0.1209,75.59
3,30,3,84,0.76691,0.1285,59.5
3,30,3,85,0.76576,0.14041,49.27
3,30,3,86,0.76504,0.14526,63.04
3,30,3,87,0.76472,0.14514,52.71
3,30,3,88,0.76424,0.14488,68.41
3,30,3,89,0.76402,0.14327,85.09
3,30,3,90,0.76365,0.14145,54.83
3,30,3,91,0.76365,0.13394,50.64
3,30,3,92,0.7638,0.12663,46.81
3,30,3,93,0.76375,0.12378,56.1
3,30,3,94,0.76338,0.12139,45.92
3,30,3,95,0.76272,0.11741,46.76
3,30,3,96,0.76224,0.11065,49.95
3,30,3,97,0.76187,0.10574,46.71
3,30,3,98,0.76015,0.10576,51.4
3,30,3,99,0.75881,0.10685,60.37
3,30,3,100,0.75738,0.10762,72.1
3,30,3,101,0.75656,0.1082,51.33
3,30,3,102,0.75574,0.11285,80.28
3,30,3,103,0.75519,0.11638,44.15
3,30,4,0,0.77593,0.02035,107.29
3,30,4,1,0.78796,0.01593,52.65
3,30,4,2,0.79006,0.01892,56.04
3,30,4,3,0.79243,0.01856,77.08
3,30,4,4,0.79698,0.0159,66.14
3,30,4,5,0.79575,0.00627,45.99
3,30,4,6,0.79553,0.01641,49.77
3,30,4,7,0.79502,0.02466,47.73
3,30,4,8,0.79432,0.02756,89.13
3,30,4,9,0.79422,0.00109,57.52
3,30,4,10,0.79368,0.00497,36.51
3,30,4,11,0.79372,0.01078,63.16
3,30,4,12,0.79392,0.01066,58.8
3,30,4,13,0.78858,0.00957,49.77
3,30,4,14,0.78809,0.01495,42.89
3,30,4,15,0.78765,0.01838,49.53
3,30,4,16,0.78745,0.02459,41.17
3,30,4,17,0.78089,0.06004,86.28
3,30,4,18,0.78015,0.07379,48.36
3,30,4,19,0.77854,0.09458,50.14
3,30,4,20,0.77701,0.1222,53.68
3,30,4,21,0.77512,0.14795,81.14
3,30,4,22,0.77356,0.16422,49.59
3,30,4,23,0.77153,0.18294,54.72
3,30,4,24,0.7707,0.17684,57.96
3,30,4,25,0.7712,0.15728,45.38
3,30,4,26,0.77225,0.11971,57.39
3,30,4,27,0.77575,0.03286,59.57
3,30,4,28,0.77451,0.04741,41.04
3,30,4,29,0.7729,0.06705,60.54
3,30,4,30,0.77052,0.09844,48.22
3,30,4,31,0.76856,0.12737,89.18
3,30,4,32,0.76773,0.14589,57.66
3,30,4,33,0.76584,0.18136,82.9
3,30,4,34,0.76441,0.20541,43.93
3,30,4,35,0.76345,0.23162,89.15
3,30,4,36,0.76246,0.24951,56.67
3,30,4,37,0.76154,0.26076,52.49
3,30,4,38,0.76067,0.26818,53.07
3,30,4,39,0.7604,0.27282,75.53
3,30,4,40,0.76057,0.2703,45.65
3,30,4,41,0.76127,0.26891,46.86
3,30,4,42,0.76091,0.27589,45.36
3,30,4,43,0.76057,0.28142,45.9
3,30,4,44,0.75989,0.28797,64.1
3,30,4,45,0.75864,0.29588,48.66
3,30,4,46,0.75741,0.30135,63.82
3,30,4,47,0.75672,0.30638,68.9
3,30,4,48,0.75771,0.29795,85.52
3,30,4,49,0.75958,0.2796,54.23
3,30,4,50,0.76086,0.26601,69.9
3,30,4,51,0.76241,0.25638,41.55
3,30,4,52,0.76328,0.25694,40.96
3,30,4,53,0.76285,0.26638,53.57
3,30,4,54,0.76279,0.27458,78.14
3,30,4,55,0.7619,0.28575,42.91
3,30,4,56,0.76029,0.30115,45.77
3,30,4,57,0.75943,0.31587,57.11
3,30,4,58,0.75923,0.32918,51.47
3,30,4,59,0.75905,0.33804,56.3
3,30,4,60,0.75954,0.33664,76.07
3,30,4,61,0.76042,0.32652,137.38
3,30,4,62,0.76143,0.31157,135.41
3,30,4,63,0.76211,0.29841,142.46
3,30,4,64,0.76278,0.28421,102.6
3,30,4,65,0.76285,0.27855,59.25
3,30,4,66,0.76314,0.27202,115.82
3,30,4,67,0.76323,0.26737,64.33
3,30,4,68,0.76281,0.26881,61.69
3,30,4,69,0.76244,0.27116,80.2
3,30,4,70,0.7623,0.27262,75.93
3,30,4,71,0.76291,0.27259,44.31
3,30,4,72,0.76383,0.27208,58.39
3,30,4,73,0.76495,0.26937,68.31
3,30,4,74,0.76567,0.26432,44.85
3,30,4,75,0.76659,0.25418,49.03
3,30,4,76,0.76674,0.2514,59.41
3,30,4,77,0.76699,0.25238,42.78
3,30,4,78,0.76667,0.25442,41.51
3,30,4,79,0.76577,0.25851,100.3
3,30,4,80,0.7651,0.25842,120.96
3,30,4,81,0.76439,0.26516,109.34
3,30,4,82,0.76413,0.26603,90.74
3,30,4,83,0.76368,0.26617,51.9
3,30,4,84,0.76374,0.25886,51.07
3,30,4,85,0.76366,0.24781,41.49
3,30,4,86,0.7636,0.23938,69.45
3,30,4,87,0.76368,0.23233,55.71
3,30,4,88,0.76392,0.22572,59.97
3,30,4,89,0.76374,0.22893,43.01
3,30,4,90,0.76305,0.2383,57.62
3,30,4,91,0.7627,0.24481,51.33
3,30,4,92,0.76248,0.24748,50.46
3,30,4,93,0.76268,0.24457,38.67
3,30,4,94,0.76291,0.23849,49.99
3,30,4,95,0.76385,0.22911,39.81
3,30,4,96,0.76514,0.2192,74.91
3,30,4,97,0.7669,0.20828,51.85
3,30,4,98,0.76768,0.20833,63.94
3,30,4,99,0.76739,0.21585,45.47
3,30,4,100,0.7666,0.22622,35.11
3,30,4,101,0.76629,0.23403,55.24
3,30,4,102,0.76587,0.24191,51.38
3,30,4,103,0.76572,0.24315,53.33
3,30,4,104,0.76548,0.24068,48.67
3,30,4,105,0.76572,0.23187,46.84
3,30,4,106,0.76616,0.22022,55.58
3,30,4,107,0.76646,0.2099,68.2
3,30,4,108,0.76722,0.20002,62.1
3,30,4,109,0.76871,0.17911,79.52
3,30,4,110,0.77078,0.14839,60.29
3,30,4,111,0.77262,0.12165,47.48
3,30,4,112,0.77289,0.11457,71.21
3,30,4,113,0.77282,0.11024,47.31
3,30,4,114,0.77207,0.11574,50.37
3,30,4,115,0.77121,0.11933,44.19
3,30,4,116,0.77144,0.11629,51.59
3,30,4,117,0.77262,0.1,72.0
3,30,4,118,0.77336,0.08893,64.21
3,30,4,119,0.77425,0.07578,53.9
3,30,5,0,0.78252,0.01639,47.68
3,30,5,1,0.78174,0.03133,51.76
3,30,5,2,0.7808,0.06643,63.39
3,30,5,3,0.77984,0.10536,42.79
3,30,5,4,0.77861,0.14503,57.78
3,30,5,5,0.7775,0.17181,55.0
3,30,5,6,0.77621,0.19737,44.31
3,30,5,7,0.77436,0.22828,52.08
3,30,5,8,0.77251,0.25356,44.81
3,30,5,9,0.77124,0.27194,70.87
3,30,5,10,0.77025,0.28701,52.92
3,30,5,11,0.76897,0.30381,46.75
3,30,5,12,0.76887,0.31005,100.13
3,30,5,13,0.7695,0.3075,74.41
3,30,5,14,0.77025,0.3011,37.31
3,30,5,15,0.77318,0.26907,57.48
3,30,5,16,0.77479,0.24207,55.44
3,30,5,17,0.77587,0.22372,46.77
3,30,5,18,0.77791,0.18393,39.6
3,30,5,19,0.77937,0.16236,64.89
3,30,5,20,0.78246,0.11834,56.59
3,30,5,21,0.78447,0.09788,71.68
3,30,5,22,0.78476,0.09619,59.4
3,30,5,23,0.78372,0.10668,51.0
3,30,5,24,0.78133,0.12877,41.82
3,30,5,25,0.77957,0.13527,54.49
3,30,5,26,0.77738,0.14571,61.92
3,30,5,27,0.77585,0.1569,59.76
3,30,5,28,0.77454,0.16184,50.26
3,30,5,29,0.77455,0.16306,49.04
3,30,5,30,0.7749,0.16706,38.3
3,30,5,31,0.77518,0.17086,59.83
3,30,5,32,0.77522,0.17493,98.81
3,30,5,33,0.77532,0.17552,61.71
3,30,5,34,0.77519,0.17728,78.46
3,30,5,35,0.77494,0.17648,51.06
3,30,5,36,0.77463,0.17417,42.0
3,30,5,37,0.77392,0.17795,57.39
3,30,5,38,0.77353,0.18074,76.28
3,30,5,39,0.7736,0.18107,55.03
3,30,5,40,0.77347,0.1831,48.95
3,30,5,41,0.77345,0.18244,69.18
3,30,5,42,0.77353,0.18036,116.12
3,30,5,43,0.77328,0.18098,96.59
3,30,5,44,0.7736,0.18169,79.4
3,30,5,45,0.77471,0.17175,51.81
3,30,5,46,0.77561,0.168,73.75
3,30,5,47,0.77593,0.17241,47.94
3,30,5,48,0.77655,0.17558,45.26
3,30,5,49,0.77632,0.18311,43.15
3,30,5,50,0.77552,0.19196,48.56
3,30,5,51,0.77474,0.19926,41.59
3,30,5,52,0.77389,0.2038,45.62
3,30,5,53,0.77316,0.20556,43.04
3,30,5,54,0.77244,0.20394,55.45
3,30,5,55,0.77162,0.19908,63.83
3,30,5,56,0.77117,0.18657,47.23
3,30,5,57,0.77148,0.16448,58.52
3,30,5,58,0.77203,0.14267,50.44
3,30,5,59,0.77374,0.10158,55.83
3,30,5,60,0.77304,0.04667,62.44
3,30,5,61,0.77312,0.03745,98.95
3,30,5,62,0.77282,0.03623,78.81
3,30,5,63,0.77246,0.0379,60.47
3,30,5,64,0.77205,0.04037,53.89
3,30,5,65,0.77215,0.03098,52.12
3,30,5,66,0.77192,0.03053,42.38
3,30,5,67,0.7716,0.02585,78.36
3,30,5,68,0.82629,0.03018,43.36
3,30,5,69,0.82753,0.0254,45.37
3,30,5,70,0.8357,0.02091,44.63
3,30,5,71,0.83867,0.02574,52.58
3,30,5,72,0.84343,0.0253,42.51
3,30,5,73,0.84772,0.02067,55.88
3,30,5,74,0.85199,0.0213,47.18
3,30,5,75,0.85443,0.03014,41.34
3,30,5,76,0.85534,0.03802,62.82
3,30,5,77,0.85668,0.03041,51.19
3,30,5,78,0.85403,0.01566,51.36
3,30,5,79,0.85018,0.03048,52.54
3,30,5,80,0.8442,0.0509,58.89
3,30,5,81,0.84115,0.04787,44.03
3,30,5,82,0.82429,0.03646,46.45
3,30,5,83,0.81873,0.04573,41.07
3,30,5,84,0.81286,0.0622,38.41
3,30,5,85,0.80888,0.05993,46.19
3,30,5,86,0.8051,0.0614,87.33
3,30,5,87,0.80131,0.06737,94.41
3,30,5,88,0.79784,0.07512,62.98
3,30,5,89,0.79356,0.09002,60.06
3,30,5,90,0.79111,0.09848,42.99
3,30,5,91,0.78905,0.10379,51.64
3,30,5,92,0.78712,0.10847,53.14
3,30,5,93,0.78709,0.09676,52.42
3,30,5,94,0.78676,0.04928,46.21
3,30,5,95,0.78609,0.04901,49.49
3,30,5,96,0.78447,0.05885,42.1
3,30,5,97,0.7835,0.06816,48.79
3,30,5,98,0.78223,0.08125,46.06
3,30,5,99,0.78319,0.07282,45.62
3,30,5,100,0.78455,0.05558,43.8
3,30,5,101,0.78769,0.02931,81.94
3,30,5,102,0.78947,0.02278,87.68
3,30,5,103,0.79287,0.03387,57.46
3,30,5,104,0.79391,0.04133,46.46
3,30,5,105,0.79499,0.05743,41.48
3,30,5,106,0.7966,0.06069,46.21
3,30,5,107,0.79902,0.05038,48.24
3,30,5,108,0.77647,0.02605,45.66
3,30,5,109,0.77824,0.01979,50.54
3,30,5,110,0.78733,0.03009,71.39
3,30,5,111,0.78877,0.02614,47.88
3,30,5,112,0.79075,0.02697,55.04
3,30,5,113,0.79329,0.01959,44.02
3,30,5,114,0.78032,0.0047,84.07
3,30,5,115,0.77966,0.02727,63.39
3,30,5,116,0.77765,0.08097,41.16
3,30,5,117,0.77526,0.14073,42.36
3,30,5,118,0.77428,0.15673,67.6
3,30,5,119,0.77476,0.14533,37.9
3,30,5,120,0.77624,0.11218,41.36
4,30,1,0,0.14567,0.15541,51.72
4,30,1,1,0.14234,0.12832,57.54
4,30,1,2,0.13953,0.10831,54.89
4,30,1,3,0.13749,0.09516,65.51
4,30,1,4,0.13586,0.08257,48.74
4,30,1,5,0.13491,0.07399,43.15
4,30,1,6,0.13394,0.07148,51.69
4,30,1,7,0.1331,0.06931,41.82
4,30,1,8,0.13173,0.06793,36.98
4,30,1,9,0.1299,0.0657,37.73
4,30,1,10,0.12947,0.06506,52.55
4,30,1,11,0.12959,0.06586,102.85
4,30,1,12,0.13,0.06792,70.94
4,30,1,13,0.1304,0.07164,81.25
4,30,1,14,0.13103,0.07971,58.45
4,30,1,15,0.13138,0.09196,52.54
4,30,1,16,0.13098,0.1018,42.74
4,30,1,17,0.13013,0.108,60.7
4,30,1,18,0.12833,0.1053,38.63
4,30,1,19,0.12687,0.1013,57.75
4,30,1,20,0.12499,0.0948,57.49
4,30,1,21,0.1236,0.09322,47.27
4,30,1,22,0.12223,0.09739,47.53
4,30,1,23,0.12177,0.10576,92.11
4,30,1,24,0.12232,0.11512,58.78
4,30,1,25,0.12396,0.13012,66.94
4,30,1,26,0.1252,0.13939,87.5
4,30,1,27,0.12693,0.15443,77.32
4,30,1,28,0.14255,0.5901,50.11
4,30,1,29,0.14202,0.58364,94.33
4,30,1,30,0.1407,0.55684,82.31
4,30,1,31,0.13894,0.51648,77.85
4,30,1,32,0.13671,0.44645,49.43
4,30,1,33,0.13524,0.36256,58.82
4,30,1,34,0.13586,0.29016,66.24
4,30,1,35,0.13843,0.25156,42.7
4,30,1,36,0.143,0.2288,57.74
4,30,1,37,0.14869,0.21178,46.61
4,30,1,38,0.1548,0.17772,48.66
4,30,1,39,0.16044,0.15922,43.55
4,30,1,40,0.16529,0.15039,37.93
4,30,1,41,0.16874,0.14759,59.2
4,30,1,42,0.17127,0.14499,53.25
4,30,1,43,0.17344,0.14648,80.07
4,30,1,44,0.17364,0.14226,51.61
4,30,1,45,0.17274,0.13656,67.45
4,30,1,46,0.17123,0.13329,49.24
4,30,1,47,0.16967,0.13204,60.18
4,30,1,48,0.16754,0.13266,50.14
4,30,1,49,0.16589,0.13892,46.12
4,30,1,50,0.16479,0.14996,45.64
4,30,1,51,0.16444,0.17554,55.64
4,30,1,52,0.16528,0.21964,48.29
4,30,1,53,0.1678,0.29565,51.06
4,30,1,54,0.16993,0.36471,52.42
4,30,1,55,0.17224,0.43681,40.07
4,30,1,56,0.1738,0.47578,60.64
4,30,1,57,0.18278,0.17644,105.89
4,30,1,58,0.18467,0.19904,80.62
4,30,1,59,0.18932,0.24871,50.4
4,30,1,60,0.19343,0.27402,60.77
4,30,1,61,0.19943,0.29113,57.61
4,30,1,62,0.20491,0.29954,50.07
4,30,1,63,0.2098,0.30191,41.86
4,30,1,64,0.2138,0.28833,64.91
4,30,1,65,0.21677,0.27333,49.25
4,30,1,66,0.21883,0.25875,46.29
4,30,1,67,0.22234,0.25962,48.81
4,30,1,68,0.22472,0.25785,121.4
4,30,1,69,0.22583,0.25321,82.24
4,30,1,70,0.22723,0.25206,51.94
4,30,1,71,0.22816,0.25396,46.59
4,30,1,72,0.2284,0.25254,79.56
4,30,1,73,0.22795,0.2528,57.44
4,30,1,74,0.22682,0.24634,45.85
4,30,1,75,0.22458,0.24103,51.29
4,30,1,76,0.2224,0.23672,74.06
4,30,1,77,0.2188,0.23382,77.35
4,30,1,78,0.21654,0.23874,82.97
4,30,1,79,0.21387,0.24982,53.27
4,30,1,80,0.21047,0.26021,47.16
4,30,1,81,0.207,0.26337,45.54
4,30,1,82,0.20467,0.26451,50.79
4,30,1,83,0.20221,0.26511,47.17
4,30,1,84,0.20012,0.26689,40.98
4,30,1,85,0.19741,0.26157,81.49
4,30,1,86,0.19518,0.25556,72.97
4,30,1,87,0.19229,0.24634,58.15
4,30,1,88,0.18945,0.23708,75.04
4,30,1,89,0.18576,0.23264,47.65
4,30,1,90,0.18206,0.23339,41.12
4,30,1,91,0.17787,0.2253,89.35
4,30,1,92,0.17576,0.20444,65.6
4,30,1,93,0.17487,0.17398,44.39
4,30,1,94,0.17499,0.16044,58.26
4,30,1,95,0.17479,0.15762,54.53
4,30,1,96,0.17393,0.15537,62.63
4,30,1,97,0.1723,0.15037,42.61
4,30,1,98,0.17023,0.14406,45.78
4,30,1,99,0.16775,0.13692,52.29
4,30,1,100,0.16575,0.13111,52.34
4,30,1,101,0.16337,0.13584,41.3
4,30,1,102,0.16041,0.13397,54.69
4,30,1,103,0.15591,0.1146,59.87
4,30,1,104,0.15161,0.10672,52.15
4,30,1,105,0.14507,0.10758,44.01
4,30,1,106,0.13946,0.11542,38.95
4,30,1,107,0.1327,0.14213,37.81
4,30,1,108,0.12807,0.16289,51.26
4,30,1,109,0.12275,0.20116,49.76
4,30,1,110,0.11877,0.24499,49.07
4,30,1,111,0.11434,0.27151,85.72
4,30,1,112,0.11182,0.27315,88.37
4,30,1,113,0.11068,0.26499,69.28
4,30,1,114,0.11034,0.24008,57.57
4,30,1,115,0.11179,0.23247,60.21
4,30,1,116,0.11434,0.2269,56.37
4,30,1,117,0.11779,0.20809,52.65
4,30,1,118,0.11999,0.1818,45.67
4,30,1,119,0.12099,0.14891,39.2
4,30,1,120,0.12359,0.11629,84.76
4,30,1,121,0.12532,0.1117,39.4
4,30,1,122,0.12843,0.1247,67.69
4,30,1,123,0.13368,0.13872,45.45
4,30,1,124,0.14248,0.16071,50.44
4,30,1,125,0.15394,0.17362,40.32
4,30,1,126,0.16432,0.18896,39.88
4,30,1,127,0.17217,0.20343,42.73
4,30,1,128,0.17821,0.2178,44.37
4,30,1,129,0.18234,0.22887,62.63
4,30,1,130,0.18389,0.23864,60.74
4,30,1,131,0.18382,0.24772,72.63
4,30,1,132,0.18357,0.25536,54.97
4,30,1,133,0.1833,0.26084,48.15
4,30,1,134,0.18376,0.26143,38.78
4,30,1,135,0.18631,0.26069,48.38
4,30,1,136,0.19046,0.26186,54.74
4,30,1,137,0.19657,0.25984,52.34
4,30,1,138,0.2041,0.25805,46.41
4,30,1,139,0.20897,0.25883,57.02
4,30,1,140,0.21191,0.26398,42.06
4,30,1,141,0.21167,0.27959,74.34
4,30,1,142,0.20773,0.29429,80.06
4,30,1,143,0.2032,0.29785,47.03
4,30,1,144,0.19723,0.30104,49.98
4,30,1,145,0.19185,0.29664,42.19
4,30,1,146,0.18774,0.28701,76.93
4,30,1,147,0.18392,0.2773,54.46
4,30,1,148,0.17923,0.25539,36.33
4,30,1,149,0.17578,0.24326,36.62
4,30,1,150,0.17221,0.23604,46.36
4,30,1,151,0.16785,0.23412,79.35
4,30,1,152,0.16458,0.23681,50.32
4,30,1,153,0.16181,0.24035,87.82
4,30,2,0,0.19604,0.48388,76.05
4,30,2,1,0.19674,0.47831,81.43
4,30,2,2,0.19745,0.46928,43.02
4,30,2,3,0.19761,0.46716,77.44
4,30,2,4,0.19677,0.46904,99.73
4,30,2,5,0.19619,0.47195,80.9
4,30,2,6,0.19588,0.47174,43.88
4,30,2,7,0.19503,0.47223,54.0
4,30,2,8,0.19446,0.47259,45.42
4,30,2,9,0.19444,0.4729,51.19
4,30,2,10,0.1948,0.47147,43.84
4,30,2,11,0.19538,0.46451,41.55
4,30,2,12,0.19603,0.46256,48.92
4,30,2,13,0.19664,0.46001,61.23
4,30,2,14,0.19697,0.45819,39.71
4,30,2,15,0.19687,0.4589,49.02
4,30,2,16,0.1967,0.45986,43.91
4,30,2,17,0.19646,0.45564,53.86
4,30,2,18,0.19606,0.45375,58.81
4,30,2,19,0.19546,0.45141,46.59
4,30,2,20,0.19508,0.44622,80.96
4,30,2,21,0.19546,0.43912,75.82
4,30,2,22,0.19621,0.42954,48.43
4,30,2,23,0.19696,0.42723,55.45
4,30,2,24,0.197,0.42498,39.85
4,30,2,25,0.1963,0.43104,96.11
4,30,2,26,0.19579,0.43626,74.14
4,30,2,27,0.19592,0.43538,51.96
4,30,2,28,0.19653,0.42714,70.43
4,30,2,29,0.19796,0.41373,54.68
4,30,2,30,0.19994,0.39908,121.56
4,30,2,31,0.20123,0.38922,97.13
4,30,2,32,0.20232,0.38583,77.49
4,30,2,33,0.20261,0.38772,48.11
4,30,2,34,0.20223,0.38874,46.81
4,30,2,35,0.20176,0.38968,59.65
4,30,2,36,0.20076,0.38925,67.48
4,30,2,37,0.2001,0.38638,45.66
4,30,2,38,0.19989,0.38303,48.0
4,30,2,39,0.19984,0.38032,43.86
4,30,2,40,0.19979,0.37897,40.22
4,30,2,41,0.20019,0.37262,49.93
4,30,2,42,0.20039,0.36695,50.14
4,30,2,43,0.20052,0.36227,47.46
4,30,2,44,0.20114,0.35905,58.09
4,30,2,45,0.2015,0.36065,45.83
4,30,2,46,0.20166,0.36237,89.3
4,30,2,47,0.20127,0.36959,76.35
4,30,2,48,0.20167,0.37161,44.48
4,30,2,49,0.20293,0.36501,43.44
4,30,2,50,0.20318,0.36437,74.82
4,30,2,51,0.20267,0.36871,56.36
4,30,2,52,0.20225,0.37575,45.84
4,30,2,53,0.20148,0.38162,60.18
4,30,2,54,0.19992,0.3855,46.34
4,30,2,55,0.19863,0.38647,45.15
4,30,2,56,0.19674,0.38033,84.91
4,30,2,57,0.19487,0.37505,52.7
4,30,2,58,0.19358,0.36694,76.91
4,30,2,59,0.19307,0.35738,47.95
4,30,2,60,0.19292,0.34762,57.17
4,30,2,61,0.19289,0.33719,45.88
4,30,2,62,0.19316,0.32323,44.31
4,30,2,63,0.19336,0.31514,58.58
4,30,2,64,0.19387,0.30854,81.08
4,30,2,65,0.1946,0.30032,68.56
4,30,2,66,0.19555,0.29042,50.24
4,30,2,67,0.19636,0.28199,49.11
4,30,2,68,0.19713,0.27244,56.25
4,30,2,69,0.19759,0.26568,46.21
4,30,2,70,0.19802,0.26221,58.48
4,30,2,71,0.19777,0.2579,90.54
4,30,2,72,0.19745,0.25493,56.36
4,30,2,73,0.19647,0.2596,69.36
4,30,2,74,0.19626,0.25728,49.17
4,30,2,75,0.19648,0.25253,58.15
4,30,2,76,0.19653,0.25142,94.23
4,30,2,77,0.19681,0.249,96.93
4,30,2,78,0.19735,0.24512,63.51
4,30,2,79,0.19711,0.24478,56.68
4,30,2,80,0.19561,0.25062,58.56
4,30,2,81,0.19418,0.26071,45.88
4,30,2,82,0.19372,0.26145,50.26
4,30,2,83,0.19267,0.26283,58.39
4,30,2,84,0.19222,0.26288,40.28
4,30,2,85,0.19187,0.26271,51.82
4,30,2,86,0.19206,0.2617,43.41
4,30,2,87,0.19222,0.25972,85.77
4,30,2,88,0.19276,0.25445,44.33
4,30,2,89,0.19341,0.25121,83.48
4,30,2,90,0.19401,0.24316,82.3
4,30,2,91,0.1945,0.22859,52.08
4,30,2,92,0.19463,0.21485,58.45
4,30,2,93,0.19329,0.20986,47.45
4,30,2,94,0.19084,0.20696,48.56
4,30,2,95,0.18843,0.20747,77.23
4,30,2,96,0.18568,0.20956,59.07
4,30,2,97,0.18315,0.20675,60.52
4,30,2,98,0.18135,0.20116,41.41
4,30,2,99,0.1796,0.20135,46.67
4,30,2,100,0.17802,0.19212,47.48
4,30,2,101,0.17544,0.19155,85.12
4,30,2,102,0.17113,0.19706,42.8
4,30,2,103,0.16705,0.20805,99.61
4,30,2,104,0.16401,0.21455,90.85
4,30,2,105,0.16159,0.22224,72.65
4,30,2,106,0.15962,0.23164,51.16
4,30,2,107,0.15762,0.24338,48.1
4,30,2,108,0.15598,0.25703,48.47
4,30,2,109,0.15549,0.26292,46.5
4,30,2,110,0.15544,0.26796,52.67
4,30,2,111,0.15454,0.27468,92.86
4,30,2,112,0.1537,0.27906,71.91
4,30,2,113,0.15248,0.28417,60.08
4,30,2,114,0.15108,0.29135,67.77
4,30,2,115,0.14986,0.29467,87.37
4,30,2,116,0.14995,0.29124,63.89
4,30,2,117,0.14954,0.28972,46.19
4,30,2,118,0.14853,0.28996,54.53
4,30,2,119,0.14775,0.29025,100.2
4,30,2,120,0.14767,0.28775,93.32
4,30,2,121,0.14854,0.28265,68.86
4,30,2,122,0.15048,0.27369,73.7
4,30,2,123,0.15333,0.2652,79.62
4,30,2,124,0.15621,0.2591,48.96
4,30,2,125,0.15931,0.25712,68.65
4,30,2,126,0.16263,0.25106,55.54
4,30,2,127,0.16721,0.23698,56.99
4,30,2,128,0.1706,0.22662,52.39
4,30,2,129,0.17409,0.21702,47.5
4,30,2,130,0.17655,0.21191,51.41
4,30,2,131,0.17747,0.20889,57.32
4,30,2,132,0.17774,0.20935,50.09
4,30,2,133,0.17742,0.21129,50.15
4,30,2,134,0.17676,0.21422,78.64
4,30,2,135,0.17647,0.21277,54.26
4,30,2,136,0.17591,0.20566,51.29
4,30,2,137,0.1748,0.20559,66.23
4,30,2,138,0.1733,0.2112,70.75
4,30,2,139,0.17256,0.21506,98.38
4,30,2,140,0.17206,0.2217,82.84
4,30,2,141,0.17169,0.22905,84.29
4,30,2,142,0.17147,0.23375,58.56
4,30,2,143,0.1726,0.23086,44.94
4,30,2,144,0.17548,0.21762,45.69
4,30,2,145,0.17945,0.20593,61.17
4,30,2,146,0.18289,0.20372,53.31
4,30,2,147,0.18592,0.20539,62.84
4,30,2,148,0.1893,0.20026,46.45
4,30,2,149,0.19312,0.19157,55.81
4,30,2,150,0.19674,0.17748,54.3
4,30,2,151,0.19934,0.16709,50.19
4,30,2,152,0.20085,0.1578,85.23
4,30,2,153,0.20179,0.15286,58.31
4,30,2,154,0.20158,0.15623,57.01
4,30,2,155,0.20151,0.14985,49.04
4,30,2,156,0.20134,0.14104,63.97
4,30,2,157,0.20043,0.13506,89.13
4,30,2,158,0.19944,0.13002,50.22
4,30,2,159,0.19787,0.12579,48.28
4,30,2,160,0.19662,0.12561,63.55
4,30,2,161,0.196,0.12073,101.02
4,30,2,162,0.19616,0.1125,74.84
4,30,2,163,0.19692,0.10223,50.67
4,30,2,164,0.19754,0.1025,40.14
4,30,2,165,0.19863,0.10388,51.28
4,30,2,166,0.19973,0.1082,61.28
4,30,2,167,0.20095,0.11595,40.9
4,30,2,168,0.20265,0.11967,45.17
4,30,2,169,0.20379,0.12094,53.23
4,30,2,170,0.2049,0.10864,54.38
4,30,2,171,0.20374,0.10711,51.36
4,30,2,172,0.20062,0.11212,48.37
4,30,2,173,0.19575,0.11895,38.51
4,30,2,174,0.19066,0.12685,58.1
4,30,2,175,0.18589,0.13261,81.83
4,30,2,176,0.18175,0.13785,67.93
4,30,2,177,0.17815,0.13951,88.12
4,30,2,178,0.17536,0.13939,76.85
4,30,2,179,0.17276,0.13897,95.76
4,30,2,180,0.17074,0.15163,66.68
4,30,2,181,0.16882,0.16891,89.24
4,30,2,182,0.16696,0.18903,94.21
4,30,2,183,0.1641,0.2237,75.66
4,30,2,184,0.16017,0.27071,43.0
4,30,2,185,0.15644,0.32366,67.05
4,30,2,186,0.15202,0.37557,76.46
4,30,2,187,0.14833,0.41753,48.21
4,30,2,188,0.14371,0.47193,50.46
4,30,2,189,0.14025,0.51361,49.26
4,30,2,190,0.13815,0.53422,59.1
4,30,2,191,0.13917,0.51826,80.08
4,30,2,192,0.14074,0.50692,49.07
4,30,2,193,0.1417,0.50509,82.54
4,30,2,194,0.14282,0.50569,69.4
4,30,2,195,0.14363,0.51275,45.52
4,30,2,196,0.14355,0.5199,41.06
4,30,2,197,0.14297,0.52981,43.59
4,30,2,198,0.14219,0.53549,46.48
4,30,2,199,0.14316,0.52503,49.83
4,30,2,200,0.14372,0.5171,44.56
4,30,2,201,0.14481,0.50479,43.92
4,30,2,202,0.14599,0.48912,49.18
4,30,2,203,0.1468,0.48358,82.85
4,30,2,204,0.1466,0.48902,70.12
4,30,2,205,0.14552,0.50335,52.28
4,30,2,206,0.14599,0.49514,69.02
4,30,2,207,0.14689,0.47994,53.08
4,30,2,208,0.14674,0.47661,48.62
4,30,2,209,0.14593,0.48639,58.55
4,30,2,210,0.14398,0.50766,66.21
4,30,2,211,0.14198,0.53217,46.6
4,30,2,212,0.14017,0.55037,42.73
4,30,2,213,0.1396,0.55878,45.15
4,30,2,214,0.14037,0.54641,42.04
4,30,2,215,0.14097,0.53594,53.42
4,30,3,0,0.14134,0.50787,45.55
4,30,3,1,0.14115,0.5128,59.28
4,30,3,2,0.14148,0.51226,52.15
4,30,3,3,0.1437,0.4911,83.62
4,30,3,4,0.1456,0.47176,67.07
4,30,3,5,0.14632,0.46055,42.94
4,30,3,6,0.14597,0.46117,52.76
4,30,3,7,0.14576,0.45833,49.09
4,30,3,8,0.1463,0.45335,41.81
4,30,3,9,0.14706,0.44568,56.65
4,30,3,10,0.14849,0.43004,47.62
4,30,3,11,0.15041,0.41059,85.62
4,30,3,12,0.15069,0.41058,40.52
4,30,3,13,0.14992,0.42149,47.51
4,30,3,14,0.14834,0.43993,40.98
4,30,3,15,0.14724,0.44897,48.1
4,30,3,16,0.14522,0.4703,45.31
4,30,3,17,0.14442,0.48572,36.29
4,30,3,18,0.14447,0.48515,39.17
4,30,3,19,0.1447,0.47692,48.74
4,30,3,20,0.14503,0.46999,47.84
4,30,3,21,0.14531,0.4641,37.16
4,30,3,22,0.14559,0.46031,50.3
4,30,3,23,0.14672,0.45579,45.23
4,30,3,24,0.14676,0.4587,44.94
4,30,3,25,0.14691,0.46749,51.89
4,30,3,26,0.1474,0.47456,67.34
4,30,3,27,0.14727,0.48057,72.06
4,30,3,28,0.14665,0.49724,50.53
4,30,3,29,0.14654,0.50659,43.46
4,30,3,30,0.1465,0.50716,73.0
4,30,3,31,0.14691,0.50654,86.62
4,30,3,32,0.14774,0.50123,58.93
4,30,3,33,0.14876,0.49976,44.69
4,30,3,34,0.1491,0.50164,45.37
4,30,3,35,0.15009,0.49849,44.09
4,30,3,36,0.15103,0.49807,47.15
4,30,3,37,0.15298,0.4902,43.32
4,30,3,38,0.15457,0.4854,54.64
4,30,3,39,0.15558,0.49259,92.79
4,30,3,40,0.15777,0.49333,70.68
4,30,3,41,0.16006,0.48396,44.05
4,30,3,42,0.16208,0.4694,48.47
4,30,3,43,0.1637,0.45485,51.36
4,30,3,44,0.16573,0.43254,49.94
4,30,3,45,0.16716,0.42254,38.46
4,30,3,46,0.16843,0.41207,46.9
4,30,3,47,0.17084,0.39552,47.08
4,30,3,48,0.17372,0.37468,65.45
4,30,3,49,0.17683,0.34775,47.07
4,30,3,50,0.17939,0.33216,40.87
4,30,3,51,0.18132,0.32039,41.68
4,30,3,52,0.18138,0.32443,47.35
4,30,3,53,0.18174,0.32622,47.45
4,30,3,54,0.18186,0.32688,58.46
4,30,3,55,0.18221,0.32296,67.66
4,30,3,56,0.1827,0.31601,46.69
4,30,3,57,0.18292,0.30324,100.34
4,30,3,58,0.18247,0.30417,82.87
4,30,3,59,0.18163,0.30726,56.03
4,30,3,60,0.1808,0.3186,44.45
4,30,3,61,0.17981,0.3356,55.73
4,30,3,62,0.17836,0.35631,47.02
4,30,3,63,0.177,0.36952,54.04
4,30,3,64,0.17502,0.38365,65.94
4,30,3,65,0.17288,0.40081,42.63
4,30,3,66,0.17065,0.41259,47.8
4,30,3,67,0.16782,0.42768,46.99
4,30,3,68,0.16517,0.44585,45.83
4,30,3,69,0.16242,0.46561,54.25
4,30,3,70,0.16135,0.47705,48.04
4,30,3,71,0.16047,0.49026,34.75
4,30,3,72,0.16023,0.4888,39.75
4,30,3,73,0.16017,0.48261,43.02
4,30,3,74,0.16047,0.47393,43.95
4,30,3,75,0.16014,0.47446,54.18
4,30,3,76,0.15921,0.47915,43.45
4,30,3,77,0.15811,0.48506,45.17
4,30,3,78,0.1576,0.48384,39.14
4,30,3,79,0.15815,0.47016,46.89
4,30,3,80,0.15975,0.44551,44.83
4,30,3,81,0.16159,0.41974,94.12
4,30,3,82,0.16274,0.40712,57.76
4,30,3,83,0.16313,0.39749,48.38
4,30,3,84,0.16338,0.39423,46.98
4,30,3,85,0.16335,0.39174,58.47
4,30,3,86,0.16224,0.39716,83.93
4,30,3,87,0.16118,0.40124,69.44
4,30,3,88,0.16061,0.40356,78.3
4,30,3,89,0.16052,0.40474,98.9
4,30,3,90,0.16159,0.40379,75.5
4,30,3,91,0.16203,0.41046,55.95
4,30,3,92,0.16114,0.4327,41.73
4,30,3,93,0.15923,0.46148,49.34
4,30,3,94,0.15881,0.47793,44.2
4,30,4,0,0.16348,0.50665,64.76
4,30,4,1,0.16358,0.49996,55.92
4,30,4,2,0.16362,0.48632,79.72
4,30,4,3,0.16393,0.47005,87.02
4,30,4,4,0.16481,0.44936,56.71
4,30,4,5,0.16483,0.4431,55.25
4,30,4,6,0.16422,0.44763,58.58
4,30,4,7,0.16366,0.45465,52.66
4,30,4,8,0.1631,0.46146,83.65
4,30,4,9,0.16333,0.45286,88.82
4,30,4,10,0.1631,0.45474,85.72
4,30,4,11,0.1626,0.46637,41.97
4,30,4,12,0.16174,0.476,52.34
4,30,4,13,0.16151,0.47966,45.46
4,30,4,14,0.16068,0.49157,50.43
4,30,4,15,0.15899,0.515,49.73
4,30,4,16,0.15693,0.54361,67.84
4,30,4,17,0.15512,0.56847,43.85
4,30,4,18,0.1539,0.58018,45.42
4,30,4,19,0.15539,0.56188,91.96
4,30,4,20,0.15771,0.53683,58.71
4,30,4,21,0.16059,0.50056,70.23
4,30,4,22,0.16287,0.47385,42.82
4,30,4,23,0.16333,0.46547,47.73
4,30,4,24,0.16384,0.46174,57.56
4,30,4,25,0.16352,0.46204,52.4
4,30,4,26,0.16279,0.46389,49.66
4,30,4,27,0.16138,0.46883,44.78
4,30,4,28,0.16064,0.4761,44.28
4,30,4,29,0.16074,0.47378,53.64
4,30,4,30,0.16178,0.46202,59.46
4,30,4,31,0.16445,0.4255,75.92
4,30,4,32,0.16749,0.38936,41.85
4,30,4,33,0.16928,0.37468,58.71
4,30,4,34,0.17078,0.36772,76.66
4,30,4,35,0.17123,0.37321,44.27
4,30,4,36,0.17049,0.38979,88.77
4,30,4,37,0.17043,0.39656,55.24
4,30,4,38,0.16975,0.40909,54.0
4,30,4,39,0.16862,0.42437,60.35
4,30,4,40,0.16875,0.42782,52.46
4,30,4,41,0.16963,0.42798,63.47
4,30,4,42,0.17056,0.42371,51.7
4,30,4,43,0.17114,0.42044,82.77
4,30,4,44,0.17139,0.41792,73.16
4,30,4,45,0.17237,0.40929,53.76
4,30,4,46,0.17327,0.40007,49.88
4,30,4,47,0.17404,0.39301,45.43
4,30,4,48,0.17473,0.38971,50.71
4,30,4,49,0.17498,0.38423,94.72
4,30,4,50,0.17548,0.37733,49.5
4,30,4,51,0.17398,0.38642,61.03
4,30,4,52,0.17323,0.3971,49.27
4,30,4,53,0.1732,0.40313,54.39
4,30,4,54,0.17395,0.39941,47.34
4,30,4,55,0.17622,0.383,50.86
4,30,4,56,0.17735,0.37468,48.55
4,30,4,57,0.17805,0.36865,52.74
4,30,4,58,0.17822,0.37091,75.59
4,30,4,59,0.1775,0.38029,59.76
4,30,4,60,0.17659,0.39891,54.6
4,30,4,61,0.17575,0.41084,45.12
4,30,4,62,0.17591,0.4103,46.49
4,30,4,63,0.17754,0.39861,43.26
4,30,4,64,0.17899,0.38352,43.67
4,30,4,65,0.18128,0.35609,44.19
4,30,4,66,0.18277,0.34519,54.11
4,30,4,67,0.18347,0.34242,62.79
4,30,4,68,0.18287,0.35053,35.45
4,30,4,69,0.18154,0.36575,45.06
4,30,4,70,0.18059,0.37312,64.16
4,30,4,71,0.17974,0.37451,41.8
4,30,4,72,0.17902,0.3765,53.67
4,30,4,73,0.17807,0.38199,67.78
4,30,4,74,0.17874,0.37492,76.9
4,30,4,75,0.1811,0.35325,89.45
4,30,4,76,0.18357,0.33735,47.08
4,30,4,77,0.18623,0.32155,48.47
4,30,4,78,0.18883,0.30533,42.02
4,30,4,79,0.19095,0.28957,47.38
4,30,4,80,0.1925,0.27196,64.84
4,30,4,81,0.19385,0.24962,58.37
4,30,4,82,0.19358,0.25018,64.51
4,30,4,83,0.19248,0.25549,52.43
4,30,4,84,0.19101,0.26876,64.12
4,30,4,85,0.18957,0.27768,94.76
4,30,4,86,0.18758,0.29671,73.02
4,30,4,87,0.18714,0.29615,72.46
4,30,4,88,0.18764,0.28488,42.77
4,30,4,89,0.18875,0.27041,56.26
4,30,4,90,0.18985,0.25827,57.52
4,30,4,91,0.1908,0.24842,39.84
4,30,4,92,0.19097,0.24623,63.58
4,30,4,93,0.19094,0.24357,48.9
4,30,4,94,0.19101,0.24083,51.44
4,30,4,95,0.19142,0.23437,54.72
4,30,4,96,0.19121,0.2354,48.94
4,30,4,97,0.19067,0.2401,41.42
4,30,4,98,0.18953,0.25246,87.39
4,30,4,99,0.18795,0.26768,85.14
4,30,4,100,0.18664,0.28606,47.87
4,30,4,101,0.18469,0.31093,43.55
4,30,4,102,0.18323,0.33252,45.82
4,30,4,103,0.18122,0.36262,56.18
4,30,4,104,0.17899,0.39201,40.72
4,30,4,105,0.17707,0.40751,102.95
4,30,4,106,0.17402,0.43592,59.38
4,30,4,107,0.1714,0.46064,90.29
4,30,4,108,0.16971,0.46848,47.82
4,30,4,109,0.16819,0.46833,37.99
4,30,4,110,0.16628,0.4803,31.36
4,30,4,111,0.16361,0.50689,48.55
4,30,4,112,0.16095,0.52437,78.42
4,30,4,113,0.15903,0.5347,44.06
4,30,4,114,0.15665,0.55039,43.61
4,30,4,115,0.15436,0.56983,51.56
4,30,4,116,0.1519,0.58488,82.76
4,30,4,117,0.14966,0.6018,78.54
4,30,4,118,0.1475,0.61544,47.4
4,30,4,119,0.14582,0.6209,49.81
4,30,4,120,0.14474,0.62059,55.2
4,30,4,121,0.14437,0.61118,65.11
4,30,4,122,0.14357,0.60448,43.84
4,30,4,123,0.14281,0.59299,48.9
4,30,4,124,0.14201,0.58604,44.26
4,30,4,125,0.14259,0.56704,56.04
4,30,4,126,0.14348,0.55423,54.95
4,30,4,127,0.14399,0.55416,56.54
4,30,4,128,0.14374,0.55941,77.13
4,30,4,129,0.14457,0.55058,56.0
4,30,4,130,0.14555,0.53469,61.22
4,30,4,131,0.14713,0.5174,53.07
4,30,4,132,0.14886,0.49135,53.25
4,30,4,133,0.15017,0.4725,63.02
4,30,4,134,0.15149,0.45428,82.29
4,30,4,135,0.15212,0.44683,53.37
4,30,4,136,0.15278,0.45226,45.49
4,30,4,137,0.1535,0.45573,53.8
4,30,4,138,0.1542,0.45652,67.32
4,30,4,139,0.15423,0.46425,72.85
4,30,4,140,0.15419,0.47335,39.62
4,30,5,0,0.18787,0.28181,50.53
4,30,5,1,0.18783,0.27599,70.04
4,30,5,2,0.18693,0.27886,47.77
4,30,5,3,0.18624,0.28383,51.46
4,30,5,4,0.18611,0.28418,47.04
4,30,5,5,0.18661,0.27784,90.03
4,30,5,6,0.18718,0.27669,69.06
4,30,5,7,0.18795,0.27834,53.77
4,30,5,8,0.18827,0.28483,46.63
4,30,5,9,0.18876,0.28527,52.38
4,30,5,10,0.18901,0.28919,48.43
4,30,5,11,0.18896,0.28931,39.52
4,30,5,12,0.18875,0.29531,55.42
4,30,5,13,0.18806,0.3104,85.28
4,30,5,14,0.1869,0.33505,54.61
4,30,5,15,0.1855,0.36601,67.29
4,30,5,16,0.18439,0.39273,48.08
4,30,5,17,0.18411,0.40398,44.46
4,30,5,18,0.18407,0.40384,55.37
4,30,5,19,0.18492,0.39588,62.06
4,30,5,20,0.18718,0.36622,86.73
4,30,5,21,0.18955,0.3324,101.19
4,30,5,22,0.19199,0.29407,60.16
4,30,5,23,0.19442,0.26387,61.66
4,30,5,24,0.19653,0.24445,55.17
4,30,5,25,0.1981,0.23434,46.41
4,30,5,26,0.19862,0.23963,49.23
4,30,5,27,0.19998,0.22802,51.38
4,30,5,28,0.20015,0.22445,58.21
4,30,5,29,0.20087,0.21237,49.45
4,30,5,30,0.20066,0.21232,42.41
4,30,5,31,0.19977,0.2132,98.32
4,30,5,32,0.19971,0.20787,79.24
4,30,5,33,0.19932,0.20321,58.57
4,30,5,34,0.19629,0.22273,56.25
4,30,5,35,0.19348,0.24534,45.65
4,30,5,36,0.19119,0.26555,36.95
4,30,5,37,0.18995,0.27634,56.22
4,30,5,38,0.18775,0.29,47.6
4,30,5,39,0.18439,0.32059,51.77
4,30,5,40,0.18057,0.35951,47.05
4,30,5,41,0.17748,0.39079,74.48
4,30,5,42,0.17413,0.41617,61.72
4,30,5,43,0.16957,0.45874,43.35
4,30,5,44,0.16619,0.49565,38.56
4,30,5,45,0.16255,0.52396,43.35
4,30,5,46,0.16007,0.53954,38.58
4,30,5,47,0.1561,0.56106,49.28
4,30,5,48,0.15181,0.58926,60.46
4,30,5,49,0.14819,0.61245,85.43
4,30,5,50,0.14613,0.62701,54.33
4,30,5,51,0.14368,0.64124,49.67
4,30,5,52,0.14153,0.64906,48.26
4,30,5,53,0.14023,0.64881,47.74
4,30,5,54,0.13876,0.65033,51.01
4,30,5,55,0.13747,0.65067,43.47
4,30,5,56,0.1354,0.6545,47.21
4,30,5,57,0.13405,0.65884,60.37
4,30,5,58,0.13385,0.65778,56.89
4,30,5,59,0.13469,0.65488,62.44
4,30,5,60,0.13592,0.65428,52.15
4,30,5,61,0.13867,0.64268,48.93
4,30,5,62,0.14149,0.63533,44.75
4,30,5,63,0.14474,0.63045,46.94
4,30,5,64,0.14741,0.61979,78.52
4,30,5,65,0.14907,0.61094,90.68
4,30,5,66,0.15074,0.60057,77.92
4,30,5,67,0.15263,0.58239,61.39
4,30,5,68,0.15556,0.55127,64.6
4,30,5,69,0.15661,0.53753,78.07
4,30,5,70,0.1565,0.53745,48.14
4,30,5,71,0.15652,0.54483,59.49
4,30,5,72,0.15648,0.56009,66.77
4,30,5,73,0.15639,0.56734,50.89
4,30,5,74,0.15655,0.57179,89.82
4,30,5,75,0.15759,0.56769,114.92
4,30,5,76,0.15748,0.57119,80.46
4,30,5,77,0.15659,0.582,47.06
4,30,5,78,0.155,0.59993,58.01
4,30,5,79,0.15331,0.62076,52.09
4,30,5,80,0.15265,0.62704,54.9
4,30,5,81,0.15172,0.63495,50.75
4,30,5,82,0.15052,0.64455,71.01
4,30,5,83,0.1495,0.65253,45.0
4,30,5,84,0.14985,0.64747,44.27
4,30,5,85,0.14977,0.64717,56.62
4,30,5,86,0.1488,0.65542,46.13
4,30,5,87,0.14699,0.66836,49.06
4,30,5,88,0.1445,0.68825,39.7
4,30,5,89,0.14596,0.67205,72.85
4,30,5,90,0.1453,0.66573,44.15
4,30,5,91,0.14561,0.65299,55.55
4,30,5,92,0.14666,0.64251,51.13
4,30,5,93,0.14873,0.636,59.7
4,30,5,94,0.15146,0.61625,97.47
4,30,5,95,0.15454,0.5942,61.02
4,30,5,96,0.15804,0.56815,43.02
4,30,5,97,0.16066,0.53729,40.62
4,30,5,98,0.16355,0.52297,105.29
4,30,5,99,0.1659,0.52287,106.11
4,30,5,100,0.16792,0.51989,67.12
4,30,5,101,0.16915,0.51933,48.57
4,30,5,102,0.16939,0.52786,97.62
4,30,5,103,0.16856,0.53697,81.6
4,30,5,104,0.16722,0.54977,54.91
4,30,5,105,0.16573,0.56796,55.97
4,30,5,106,0.16449,0.58182,43.06
4,30,5,107,0.16236,0.59381,44.82
4,30,5,108,0.16076,0.58348,73.36
4,30,5,109,0.15983,0.57631,48.08
4,30,5,110,0.15885,0.57213,65.86
4,30,5,111,0.15905,0.55315,54.96
4,30,5,112,0.16034,0.53932,43.93
4,30,5,113,0.16237,0.52972,66.28
4,30,5,114,0.16439,0.52281,47.78
4,30,5,115,0.16693,0.51014,55.47
4,30,5,116,0.16779,0.49964,52.75
4,30,5,117,0.16746,0.49011,50.98
4,30,5,118,0.16555,0.47826,48.57
4,30,5,119,0.16326,0.46692,68.01
4,30,5,120,0.16132,0.45622,65.2
4,30,5,121,0.15976,0.44635,43.38
4,30,5,122,0.16016,0.44759,65.54
4,30,5,123,0.16094,0.45473,45.67
4,30,5,124,0.16207,0.47157,89.79
4,30,5,125,0.16251,0.48608,80.41
4,30,5,126,0.16208,0.50443,44.88
4,30,5,127,0.16044,0.5142,78.25
4,30,5,128,0.15886,0.51982,70.0
4,30,5,129,0.15788,0.51634,42.2
4,30,5,130,0.15589,0.51559,41.93
4,30,5,131,0.15488,0.51045,41.55
4,30,5,132,0.1545,0.50388,35.48
4,30,5,133,0.15522,0.49168,55.73
4,30,5,134,0.155,0.48932,42.59
4,30,5,135,0.1551,0.49414,55.04
4,30,5,136,0.15479,0.50248,48.1
4,30,5,137,0.15398,0.51438,48.71
4,30,5,138,0.15373,0.5148,63.65
4,30,5,139,0.15403,0.50846,38.95
4,30,5,140,0.15499,0.51185,61.96
4,30,5,141,0.1565,0.52471,99.27
4,30,5,142,0.1573,0.53711,69.68
4,30,5,143,0.15838,0.54794,116.56
4,30,5,144,0.15909,0.55504,98.34
4,30,5,145,0.15888,0.56069,100.67
4,30,5,146,0.15791,0.56344,53.19
4,30,5,147,0.15637,0.57116,65.94
4,30,5,148,0.15538,0.58029,54.55
4,30,5,149,0.15528,0.58757,52.45
4,30,5,150,0.15601,0.584,41.17
4,30,5,151,0.15693,0.5764,43.14
4,30,5,152,0.15818,0.56397,55.77
4,30,5,153,0.15971,0.54518,52.18
4,30,5,154,0.16109,0.51709,43.43
4,30,5,155,0.16241,0.49601,52.56
4,30,5,156,0.16302,0.48363,59.33
4,30,5,157,0.16253,0.47922,70.66
4,30,5,158,0.16179,0.48034,56.19
4,30,5,159,0.16102,0.4818,43.49
4,30,5,160,0.16034,0.48488,41.42
4,30,5,161,0.16088,0.4781,52.59
4,30,5,162,0.16163,0.47588,43.86
5,30,1,0,0.47257,0.53172,56.73
5,30,1,1,0.47301,0.53127,63.48
5,30,1,2,0.47365,0.52078,46.51
5,30,1,3,0.47464,0.51254,59.47
5,30,1,4,0.4749,0.50422,74.4
5,30,1,5,0.47418,0.49868,43.55
5,30,1,6,0.47309,0.49268,79.54
5,30,1,7,0.47264,0.49156,81.44
5,30,1,8,0.47237,0.49254,49.97
5,30,1,9,0.47187,0.49285,46.39
5,30,1,10,0.47211,0.49324,49.49
5,30,1,11,0.47295,0.49253,44.75
5,30,1,12,0.47347,0.49096,52.31
5,30,1,13,0.47346,0.48877,61.95
5,30,1,14,0.47359,0.48789,49.84
5,30,1,15,0.47336,0.48967,80.81
5,30,1,16,0.47317,0.49743,96.36
5,30,1,17,0.47324,0.50848,85.07
5,30,1,18,0.47387,0.51945,64.2
5,30,1,19,0.47498,0.5223,47.81
5,30,1,20,0.47557,0.52112,47.11
5,30,1,21,0.47542,0.5174,53.25
5,30,1,22,0.4749,0.51291,87.51
5,30,1,23,0.47469,0.50825,49.43
5,30,1,24,0.47469,0.50258,42.76
5,30,1,25,0.47482,0.4971,39.9
5,30,1,26,0.47569,0.4925,82.69
5,30,1,27,0.47583,0.48646,60.1
5,30,1,28,0.47605,0.482,56.14
5,30,1,29,0.47643,0.47724,74.86
5,30,1,30,0.47638,0.47301,96.03
5,30,1,31,0.47663,0.4672,55.58
5,30,1,32,0.4775,0.46,45.65
5,30,1,33,0.47826,0.45592,43.9
5,30,1,34,0.47889,0.45299,43.66
5,30,1,35,0.47942,0.44827,48.05
5,30,1,36,0.47978,0.44585,47.11
5,30,1,37,0.48013,0.44368,44.93
5,30,1,38,0.48034,0.44283,44.57
5,30,1,39,0.48098,0.44212,64.0
5,30,1,40,0.48188,0.44295,56.76
5,30,1,41,0.48254,0.44478,93.42
5,30,1,42,0.48265,0.44468,51.25
5,30,1,43,0.48279,0.44676,53.9
5,30,1,44,0.48321,0.4484,50.43
5,30,1,45,0.48399,0.44506,55.68
5,30,1,46,0.48472,0.43934,64.47
5,30,1,47,0.48534,0.42823,53.85
5,30,1,48,0.48588,0.41273,57.04
5,30,1,49,0.48624,0.40094,46.9
5,30,1,50,0.48665,0.39272,116.14
5,30,1,51,0.4871,0.39118,106.21
5,30,1,52,0.48706,0.39296,68.78
5,30,1,53,0.48621,0.39777,51.31
5,30,1,54,0.48538,0.40243,87.23
5,30,1,55,0.48464,0.40725,120.18
5,30,1,56,0.48423,0.4168,72.57
5,30,1,57,0.4844,0.42381,58.27
5,30,1,58,0.48492,0.43442,63.39
5,30,1,59,0.48478,0.4433,50.4
5,30,1,60,0.4849,0.4464,45.24
5,30,1,61,0.48485,0.44692,40.52
5,30,1,62,0.48503,0.4506,44.75
5,30,1,63,0.48474,0.45281,38.17
5,30,1,64,0.48425,0.45538,49.85
5,30,1,65,0.48352,0.46094,34.42
5,30,1,66,0.48244,0.47103,66.93
5,30,1,67,0.48155,0.47735,46.1
5,30,1,68,0.48041,0.48411,73.3
5,30,1,69,0.47946,0.48936,45.48
5,30,1,70,0.47852,0.49937,48.29
5,30,1,71,0.47728,0.51018,61.33
5,30,1,72,0.47708,0.51659,73.91
5,30,1,73,0.4766,0.50147,54.17
5,30,1,74,0.47595,0.45589,60.82
5,30,1,75,0.47606,0.42744,82.37
5,30,1,76,0.47635,0.42239,73.88
5,30,1,77,0.47683,0.42497,48.49
5,30,1,78,0.47699,0.43229,70.35
5,30,1,79,0.47768,0.44254,46.3
5,30,1,80,0.47829,0.45476,63.33
5,30,1,81,0.47856,0.46511,48.76
5,30,1,82,0.47855,0.45329,84.17
5,30,1,83,0.479,0.44943,57.94
5,30,1,84,0.4802,0.44959,44.91
5,30,1,85,0.48179,0.45215,70.37
5,30,1,86,0.48318,0.45551,55.81
5,30,1,87,0.48418,0.45951,44.63
5,30,1,88,0.48441,0.461,37.63
5,30,1,89,0.48414,0.45887,54.15
5,30,1,90,0.48396,0.43818,68.89
5,30,1,91,0.48432,0.42264,66.41
5,30,1,92,0.48465,0.41244,48.24
5,30,1,93,0.48531,0.41022,84.19
5,30,1,94,0.48613,0.40776,43.02
5,30,1,95,0.48658,0.40357,49.62
5,30,1,96,0.48663,0.37853,42.07
5,30,1,97,0.48645,0.33017,67.87
5,30,1,98,0.48659,0.307,43.53
5,30,1,99,0.48713,0.3008,51.19
5,30,1,100,0.48755,0.31249,42.85
5,30,1,101,0.48768,0.32454,37.56
5,30,1,102,0.48742,0.33278,46.81
5,30,1,103,0.48667,0.34987,48.64
5,30,1,104,0.48579,0.37468,46.85
5,30,1,105,0.48512,0.39357,50.87
5,30,1,106,0.48432,0.40828,46.58
5,30,1,107,0.48397,0.41079,94.45
5,30,1,108,0.48375,0.40826,60.37
5,30,1,109,0.48394,0.39342,52.69
5,30,1,110,0.48444,0.38752,53.33
5,30,1,111,0.48497,0.38753,54.48
5,30,2,0,0.4835,0.48369,77.09
5,30,2,1,0.48355,0.46509,70.15
5,30,2,2,0.48338,0.44236,88.59
5,30,2,3,0.48294,0.4334,65.14
5,30,2,4,0.48228,0.43213,68.99
5,30,2,5,0.4815,0.43978,40.81
5,30,2,6,0.48107,0.45236,54.19
5,30,2,7,0.4809,0.4622,62.23
5,30,2,8,0.48133,0.46585,60.97
5,30,2,9,0.48158,0.47129,56.59
5,30,2,10,0.48193,0.47465,90.87
5,30,2,11,0.4816,0.47433,84.01
5,30,2,12,0.481,0.47649,63.43
5,30,2,13,0.48029,0.48175,57.35
5,30,2,14,0.47926,0.49083,61.81
5,30,2,15,0.47841,0.50194,45.5
5,30,2,16,0.47851,0.51118,50.12
5,30,2,17,0.47832,0.51879,50.36
5,30,2,18,0.47853,0.5245,46.84
5,30,2,19,0.47885,0.52871,47.18
5,30,2,20,0.47906,0.52984,70.42
5,30,2,21,0.47941,0.52819,101.42
5,30,2,22,0.4797,0.52504,73.05
5,30,2,23,0.47973,0.52092,41.21
5,30,2,24,0.47989,0.49575,49.82
5,30,2,25,0.48046,0.46489,49.14
5,30,2,26,0.48132,0.44264,53.55
5,30,2,27,0.48179,0.4345,41.46
5,30,2,28,0.48238,0.43238,39.51
5,30,2,29,0.48307,0.43306,43.45
5,30,2,30,0.48354,0.41705,71.21
5,30,2,31,0.48336,0.41315,62.68
5,30,2,32,0.48254,0.41967,73.54
5,30,2,33,0.48174,0.43156,54.94
5,30,2,34,0.48048,0.44891,55.0
5,30,2,35,0.4783,0.46901,72.24
5,30,2,36,0.47657,0.48544,57.93
5,30,2,37,0.47521,0.49812,113.03
5,30,2,38,0.47409,0.50774,76.34
5,30,2,39,0.47323,0.51969,97.21
5,30,2,40,0.47292,0.52585,94.76
5,30,2,41,0.47285,0.53351,58.55
5,30,2,42,0.47298,0.54465,46.52
5,30,2,43,0.47309,0.55126,51.08
5,30,2,44,0.47324,0.55648,64.12
5,30,2,45,0.47268,0.55876,63.11
5,30,2,46,0.47189,0.55402,43.23
5,30,2,47,0.47102,0.55169,56.98
5,30,2,48,0.46983,0.548,47.19
5,30,2,49,0.46843,0.5484,44.48
5,30,2,50,0.46711,0.54876,85.15
5,30,2,51,0.46681,0.54491,54.77
5,30,2,52,0.4675,0.5392,86.53
5,30,2,53,0.46839,0.53073,53.48
5,30,2,54,0.46914,0.52547,63.84
5,30,2,55,0.4694,0.52358,125.21
5,30,2,56,0.46979,0.5263,110.27
5,30,2,57,0.47009,0.53087,95.23
5,30,2,58,0.47035,0.53571,88.02
5,30,2,59,0.46968,0.5355,81.85
5,30,2,60,0.46941,0.53253,82.64
5,30,2,61,0.46911,0.52978,60.23
5,30,2,62,0.4685,0.52985,52.3
5,30,2,63,0.46835,0.52813,49.77
5,30,2,64,0.46784,0.52758,53.71
5,30,2,65,0.46776,0.52801,64.36
5,30,2,66,0.46773,0.52828,91.52
5,30,2,67,0.46793,0.52924,59.21
5,30,2,68,0.46834,0.53062,55.0
5,30,2,69,0.46855,0.53009,64.19
5,30,2,70,0.46855,0.53018,46.06
5,30,2,71,0.46886,0.52756,51.86
5,30,2,72,0.46959,0.52654,48.07
5,30,2,73,0.46973,0.52719,50.75
5,30,2,74,0.47021,0.5301,40.95
5,30,2,75,0.47059,0.53348,47.29
5,30,2,76,0.47135,0.53829,78.02
5,30,2,77,0.47234,0.54118,64.49
5,30,2,78,0.47354,0.54175,79.87
5,30,2,79,0.47445,0.5411,59.82
5,30,2,80,0.47506,0.53965,46.73
5,30,2,81,0.47527,0.53601,43.95
5,30,2,82,0.47558,0.53133,47.96
5,30,2,83,0.47542,0.53225,42.07
5,30,2,84,0.47499,0.53695,41.75
5,30,2,85,0.47403,0.54059,51.75
5,30,2,86,0.47329,0.54461,52.87
5,30,2,87,0.47299,0.54961,56.72
5,30,2,88,0.47338,0.55673,47.35
5,30,2,89,0.47379,0.56526,49.21
5,30,2,90,0.47435,0.57263,70.84
5,30,2,91,0.47446,0.57472,48.24
5,30,2,92,0.47392,0.57327,44.65
5,30,2,93,0.47277,0.56625,48.4
5,30,2,94,0.47191,0.55961,47.52
5,30,2,95,0.47109,0.52732,47.49
5,30,2,96,0.47042,0.50689,60.52
5,30,2,97,0.46977,0.49898,50.55
5,30,2,98,0.46961,0.46917,58.54
5,30,2,99,0.46972,0.45454,92.94
5,30,2,100,0.4698,0.41612,56.19
5,30,2,101,0.46975,0.39847,80.55
5,30,2,102,0.47022,0.40104,39.84
5,30,2,103,0.47104,0.41541,55.76
5,30,2,104,0.47161,0.43317,50.53
5,30,3,0,0.4753,0.52225,57.31
5,30,3,1,0.47533,0.53318,115.46
5,30,3,2,0.4748,0.51347,86.36
5,30,3,3,0.47388,0.47827,70.65
5,30,3,4,0.4727,0.4457,48.8
5,30,3,5,0.47221,0.44182,51.48
5,30,3,6,0.47188,0.44812,40.08
5,30,3,7,0.47204,0.45894,89.74
5,30,3,8,0.47228,0.47164,98.26
5,30,3,9,0.47237,0.4828,70.63
5,30,3,10,0.47274,0.49775,44.28
5,30,3,11,0.47266,0.51228,65.45
5,30,3,12,0.47287,0.49827,39.26
5,30,3,13,0.47275,0.48719,80.52
5,30,3,14,0.4723,0.47735,55.89
5,30,3,15,0.47222,0.47912,46.5
5,30,3,16,0.4723,0.48427,47.58
5,30,3,17,0.4722,0.49472,43.27
5,30,3,18,0.47218,0.50716,56.52
5,30,3,19,0.4721,0.52244,49.69
5,30,3,20,0.47163,0.53781,60.11
5,30,3,21,0.47098,0.54914,43.73
5,30,3,22,0.47084,0.55406,54.81
5,30,3,23,0.47044,0.55417,55.5
5,30,3,24,0.46985,0.5534,73.2
5,30,3,25,0.46957,0.55151,74.23
5,30,3,26,0.46959,0.54819,79.9
5,30,3,27,0.46976,0.5391,48.28
5,30,3,28,0.47009,0.52758,104.61
5,30,3,29,0.46981,0.50961,109.54
5,30,3,30,0.46919,0.46002,104.24
5,30,3,31,0.46901,0.43188,113.84
5,30,3,32,0.46859,0.42004,103.53
5,30,3,33,0.46857,0.42039,88.03
5,30,3,34,0.46893,0.4312,82.79
5,30,3,35,0.47025,0.44847,40.89
5,30,3,36,0.4711,0.46729,53.5
5,30,3,37,0.47086,0.48425,47.64
5,30,3,38,0.47072,0.49305,54.27
5,30,3,39,0.47016,0.49782,99.69
5,30,3,40,0.46918,0.49862,60.8
5,30,3,41,0.46877,0.49753,47.2
5,30,3,42,0.46888,0.50066,50.22
5,30,3,43,0.46923,0.50745,46.18
5,30,3,44,0.46931,0.51252,66.28
5,30,3,45,0.46959,0.51484,51.92
5,30,3,46,0.4694,0.5176,57.87
5,30,3,47,0.46884,0.51958,76.7
5,30,3,48,0.46856,0.52136,79.1
5,30,3,49,0.46852,0.52307,78.55
5,30,3,50,0.46837,0.52589,53.51
5,30,3,51,0.46788,0.52889,62.18
5,30,3,52,0.46705,0.53221,47.67
5,30,3,53,0.46751,0.53267,47.52
5,30,3,54,0.46848,0.52965,41.26
5,30,3,55,0.469,0.52938,54.88
5,30,3,56,0.46954,0.52696,41.98
5,30,3,57,0.46964,0.52665,81.8
5,30,3,58,0.46979,0.52803,53.25
5,30,3,59,0.47015,0.53086,45.73
5,30,3,60,0.47059,0.53345,53.88
5,30,3,61,0.47121,0.53581,44.23
5,30,3,62,0.47202,0.53871,42.34
5,30,3,63,0.47234,0.54388,53.31
5,30,3,64,0.47267,0.55034,52.45
5,30,3,65,0.47315,0.55787,85.43
5,30,3,66,0.47268,0.56466,58.97
5,30,3,67,0.47228,0.56749,46.7
5,30,3,68,0.47247,0.56735,65.23
5,30,3,69,0.47224,0.56453,48.68
5,30,3,70,0.47254,0.56223,54.6
5,30,3,71,0.47298,0.55985,41.39
5,30,3,72,0.4736,0.55903,63.87
5,30,3,73,0.47391,0.56,48.25
5,30,3,74,0.47328,0.55978,49.39
5,30,3,75,0.47275,0.56397,49.46
5,30,3,76,0.47283,0.57056,52.68
5,30,3,77,0.47311,0.574,75.89
5,30,3,78,0.47311,0.57708,74.49
5,30,3,79,0.47265,0.57896,60.2
5,30,3,80,0.47143,0.57962,64.19
5,30,3,81,0.47095,0.58147,43.7
5,30,3,82,0.47106,0.58079,67.34
5,30,3,83,0.47203,0.58196,46.17
5,30,3,84,0.47333,0.58441,58.56
5,30,3,85,0.47451,0.58527,59.55
5,30,3,86,0.47531,0.58516,60.99
5,30,3,87,0.47631,0.58813,51.24
5,30,3,88,0.47762,0.59376,53.86
5,30,3,89,0.47837,0.6003,53.1
5,30,3,90,0.47906,0.60159,40.32
5,30,3,91,0.47918,0.59895,59.69
5,30,3,92,0.47872,0.59342,50.92
5,30,3,93,0.47801,0.58853,55.03
5,30,3,94,0.47691,0.58471,37.14
5,30,3,95,0.47541,0.5812,44.42
5,30,3,96,0.4745,0.57724,49.7
5,30,3,97,0.47348,0.57258,56.36
5,30,3,98,0.47303,0.57066,45.74
5,30,3,99,0.47293,0.56628,46.87
5,30,3,100,0.47299,0.56005,39.96
5,30,3,101,0.47358,0.55534,42.91
5,30,3,102,0.47402,0.55325,51.9
5,30,3,103,0.47468,0.5526,62.44
5,30,3,104,0.4755,0.55459,46.99
5,30,3,105,0.47588,0.55607,48.88
5,30,3,106,0.47583,0.55669,59.86
5,30,3,107,0.47583,0.55778,53.58
5,30,3,108,0.47565,0.55723,47.41
5,30,3,109,0.47531,0.55527,54.7
5,30,3,110,0.47565,0.55534,52.9
5,30,3,111,0.47565,0.55292,49.79
5,30,3,112,0.47541,0.54751,72.51
5,30,3,113,0.47509,0.5453,44.32
5,30,3,114,0.47465,0.54535,48.69
5,30,3,115,0.47426,0.54511,68.29
5,30,3,116,0.4738,0.54349,57.23
5,30,3,117,0.47382,0.53877,82.83
5,30,3,118,0.47394,0.53601,64.3
5,30,3,119,0.47462,0.53436,98.59
5,30,3,120,0.47532,0.53283,57.14
5,30,3,121,0.476,0.53133,50.94
5,30,3,122,0.47667,0.53256,50.14
5,30,3,123,0.47643,0.53591,89.95
5,30,3,124,0.47599,0.54089,83.98
5,30,3,125,0.4754,0.54782,42.48
5,30,3,126,0.47412,0.55479,62.74
5,30,3,127,0.47346,0.56458,38.93
5,30,3,128,0.4733,0.57344,53.72
5,30,3,129,0.47329,0.5766,71.33
5,30,3,130,0.47339,0.5793,78.01
5,30,3,131,0.47352,0.58351,46.21
5,30,3,132,0.47382,0.58133,44.57
5,30,3,133,0.47394,0.57805,53.81
5,30,3,134,0.47314,0.57323,74.54
5,30,3,135,0.47308,0.56818,48.61
5,30,3,136,0.47266,0.5597,45.44
5,30,3,137,0.47231,0.55146,37.78
5,30,3,138,0.4723,0.54252,48.35
5,30,3,139,0.47281,0.52903,71.92
5,30,3,140,0.47309,0.51663,77.85
5,30,3,141,0.47295,0.5067,42.74
5,30,3,142,0.47277,0.49618,47.27
5,30,3,143,0.47239,0.49118,46.95
5,30,3,144,0.47251,0.48824,90.91
5,30,3,145,0.47247,0.4869,86.05
5,30,3,146,0.4726,0.4835,54.42
5,30,3,147,0.47296,0.48041,60.78
5,30,3,148,0.47358,0.48095,44.95
5,30,3,149,0.47453,0.48175,91.31
5,30,3,150,0.47471,0.48047,59.6
5,30,3,151,0.47425,0.47729,44.11
5,30,3,152,0.4746,0.47588,49.95
5,30,3,153,0.47519,0.47392,62.29
5,30,3,154,0.47556,0.47174,42.25
5,30,3,155,0.47637,0.46751,40.84
5,30,3,156,0.47696,0.46378,41.55
5,30,3,157,0.4778,0.46255,40.46
5,30,3,158,0.47823,0.46457,46.3
5,30,3,159,0.47849,0.46733,45.26
5,30,4,0,0.47914,0.47408,70.3
5,30,4,1,0.4789,0.47274,95.18
5,30,4,2,0.47887,0.47095,103.93
5,30,4,3,0.47903,0.46831,56.07
5,30,4,4,0.47925,0.46279,56.86
5,30,4,5,0.47924,0.46011,55.7
5,30,4,6,0.47914,0.45791,46.44
5,30,4,7,0.47924,0.45658,40.8
5,30,4,8,0.47943,0.45568,50.21
5,30,4,9,0.47897,0.45419,55.07
5,30,4,10,0.47873,0.45161,77.31
5,30,4,11,0.47873,0.44787,59.26
5,30,4,12,0.47889,0.44245,42.81
5,30,4,13,0.47977,0.44121,63.47
5,30,4,14,0.48043,0.44218,45.62
5,30,4,15,0.48045,0.44423,44.99
5,30,4,16,0.48006,0.44775,51.2
5,30,4,17,0.4794,0.45098,52.01
5,30,4,18,0.47885,0.45484,38.18
5,30,4,19,0.47842,0.45648,56.07
5,30,4,20,0.47793,0.45989,50.46
5,30,4,21,0.47783,0.46122,50.44
5,30,4,22,0.47772,0.46101,49.76
5,30,4,23,0.47763,0.45944,43.02
5,30,4,24,0.47832,0.45406,44.75
5,30,4,25,0.47849,0.45227,41.46
5,30,4,26,0.47818,0.45228,47.2
5,30,4,27,0.47826,0.45685,62.84
5,30,4,28,0.47861,0.45808,51.18
5,30,4,29,0.47893,0.45575,51.38
5,30,4,30,0.4791,0.45046,41.25
5,30,4,31,0.47894,0.44568,52.91
5,30,4,32,0.47925,0.44187,55.92
5,30,4,33,0.47982,0.44145,42.76
5,30,4,34,0.4811,0.44584,50.33
5,30,4,35,0.48171,0.45391,50.72
5,30,4,36,0.48203,0.4605,44.83
5,30,4,37,0.48243,0.46632,53.82
5,30,4,38,0.48261,0.47147,43.29
5,30,4,39,0.48284,0.47257,55.36
5,30,4,40,0.4829,0.4707,45.33
5,30,4,41,0.48239,0.46672,55.93
5,30,4,42,0.48188,0.46611,51.51
5,30,4,43,0.4817,0.46752,49.24
5,30,4,44,0.48176,0.46772,45.15
5,30,4,45,0.48213,0.47028,51.86
5,30,4,46,0.48274,0.47556,48.51
5,30,4,47,0.48298,0.48239,41.16
5,30,4,48,0.48291,0.48307,42.7
5,30,4,49,0.48263,0.47992,43.0
5,30,4,50,0.48189,0.47742,48.88
5,30,4,51,0.48109,0.47066,45.76
5,30,4,52,0.48004,0.46143,44.42
5,30,4,53,0.47904,0.45244,78.73
5,30,4,54,0.47833,0.4492,76.64
5,30,4,55,0.47757,0.44766,72.42
5,30,4,56,0.47761,0.44568,50.65
5,30,4,57,0.4784,0.44458,38.29
5,30,4,58,0.47925,0.44612,65.82
5,30,4,59,0.47999,0.44853,68.74
5,30,4,60,0.48033,0.45396,76.97
5,30,4,61,0.48095,0.46113,45.5
5,30,4,62,0.48112,0.46326,65.41
5,30,4,63,0.48174,0.46128,38.75
5,30,4,64,0.48275,0.46082,70.77
5,30,4,65,0.48328,0.46305,47.02
5,30,4,66,0.48371,0.46752,50.3
5,30,4,67,0.48373,0.47237,46.91
5,30,4,68,0.48367,0.47725,47.59
5,30,4,69,0.48388,0.47853,58.71
5,30,4,70,0.48404,0.4754,110.82
5,30,4,71,0.48412,0.46879,47.15
5,30,4,72,0.48365,0.46431,46.08
5,30,4,73,0.48363,0.45946,42.07
5,30,4,74,0.48353,0.45762,97.28
5,30,4,75,0.48305,0.45616,68.9
5,30,4,76,0.48274,0.45502,47.45
5,30,4,77,0.48239,0.45663,43.07
5,30,4,78,0.48211,0.45906,57.48
5,30,4,79,0.48168,0.45768,38.41
5,30,4,80,0.48114,0.45509,44.97
5,30,4,81,0.48054,0.45507,49.52
5,30,4,82,0.47958,0.45727,39.48
5,30,4,83,0.47878,0.4623,72.97
5,30,4,84,0.47795,0.4683,43.54
5,30,4,85,0.47754,0.47463,79.29
5,30,4,86,0.47779,0.47828,61.03
5,30,4,87,0.47732,0.47602,47.18
5,30,4,88,0.47618,0.47051,48.07
5,30,4,89,0.4751,0.46603,49.23
5,30,4,90,0.47507,0.46144,57.37
5,30,4,91,0.47532,0.45526,42.08
5,30,4,92,0.47541,0.45003,48.52
5,30,4,93,0.47626,0.44614,44.69
5,30,4,94,0.47719,0.44561,52.02
5,30,4,95,0.47774,0.44608,41.42
5,30,4,96,0.47813,0.44515,67.34
5,30,4,97,0.47805,0.44306,50.87
5,30,4,98,0.47822,0.43961,52.47
5,30,4,99,0.47875,0.43761,47.76
5,30,4,100,0.47906,0.43659,89.69
5,30,4,101,0.47905,0.43326,55.49
5,30,4,102,0.47863,0.42727,47.52
5,30,4,103,0.47794,0.4234,65.11
5,30,4,104,0.47735,0.41521,90.71
5,30,4,105,0.47707,0.40721,57.16
5,30,4,106,0.47696,0.40414,60.09
5,30,4,107,0.47655,0.40207,47.98
5,30,4,108,0.47646,0.40154,84.82
5,30,4,109,0.47656,0.39983,40.56
5,30,4,110,0.47677,0.40201,69.44
5,30,4,111,0.47663,0.40229,48.27
5,30,4,112,0.47612,0.40403,54.14
5,30,4,113,0.47609,0.40876,45.57
5,30,4,114,0.47612,0.41277,88.96
5,30,4,115,0.47581,0.41575,87.92
5,30,4,116,0.47652,0.4196,49.68
5,30,4,117,0.47704,0.41987,66.7
5,30,4,118,0.47697,0.41732,42.5
5,30,4,119,0.47688,0.41533,39.67
5,30,4,120,0.47662,0.4122,47.28
5,30,4,121,0.47615,0.4082,84.57
5,30,4,122,0.47588,0.40352,50.02
5,30,4,123,0.47513,0.40128,54.43
5,30,4,124,0.47504,0.39897,52.73
5,30,4,125,0.47513,0.39984,57.58
5,30,4,126,0.47551,0.40344,47.61
5,30,4,127,0.47605,0.4037,51.73
5,30,4,128,0.47605,0.4062,70.88
5,30,4,129,0.47589,0.40787,83.98
5,30,4,130,0.47552,0.40946,100.81
5,30,4,131,0.47518,0.41372,78.3
5,30,4,132,0.47497,0.41594,51.92
5,30,4,133,0.47491,0.41596,51.3
5,30,4,134,0.47547,0.41767,46.12
5,30,4,135,0.47589,0.41981,47.97
5,30,4,136,0.47676,0.42229,48.44
5,30,4,137,0.4772,0.42618,40.23
5,30,4,138,0.47789,0.42954,50.06
5,30,4,139,0.47755,0.43384,51.49
5,30,5,0,0.47728,0.43996,116.84
5,30,5,1,0.47727,0.44198,82.28
5,30,5,2,0.477,0.44547,62.32
5,30,5,3,0.47648,0.44976,50.33
5,30,5,4,0.47665,0.45271,64.33
5,30,5,5,0.47681,0.45571,78.45
5,30,5,6,0.47714,0.45652,69.32
5,30,5,7,0.47745,0.45482,50.95
5,30,5,8,0.47805,0.45325,43.56
5,30,5,9,0.47796,0.4503,75.48
5,30,5,10,0.47817,0.44469,39.92
5,30,5,11,0.4779,0.4389,50.39
5,30,5,12,0.47746,0.43515,66.92
5,30,5,13,0.47718,0.43028,41.77
5,30,5,14,0.47678,0.42398,42.24
5,30,5,15,0.47632,0.4186,44.73
5,30,5,16,0.47548,0.41302,54.82
5,30,5,17,0.47487,0.40427,43.51
5,30,5,18,0.47476,0.39455,43.14
5,30,5,19,0.47442,0.39046,43.91
5,30,5,20,0.4736,0.3887,48.18
5,30,5,21,0.47288,0.39083,71.72
5,30,5,22,0.4719,0.39689,42.44
5,30,5,23,0.47086,0.40181,46.95
5,30,5,24,0.47076,0.40659,39.71
5,30,5,25,0.47123,0.41036,48.11
5,30,5,26,0.47178,0.41044,43.61
5,30,5,27,0.47272,0.40822,64.18
5,30,5,28,0.47327,0.41031,66.16
5,30,5,29,0.47391,0.41307,49.45
5,30,5,30,0.47436,0.41634,49.93
5,30,5,31,0.47451,0.41908,73.29
5,30,5,32,0.475,0.42053,49.91
5,30,5,33,0.47578,0.42329,46.1
5,30,5,34,0.4767,0.42673,87.46
5,30,5,35,0.4774,0.43054,59.5
5,30,5,36,0.47758,0.43804,70.32
5,30,5,37,0.47709,0.44513,40.65
5,30,5,38,0.47632,0.44744,64.66
5,30,5,39,0.47515,0.44709,49.35
5,30,5,40,0.47438,0.4464,88.86
5,30,5,41,0.47426,0.45029,53.59
5,30,5,42,0.47397,0.45739,42.95
5,30,5,43,0.47336,0.46292,51.6
5,30,5,44,0.47304,0.46722,54.71
5,30,5,45,0.47331,0.46985,72.12
5,30,5,46,0.47304,0.47228,49.0
5,30,5,47,0.47177,0.47744,55.96
5,30,5,48,0.47094,0.48441,56.62
5,30,5,49,0.47088,0.49123,85.06
5,30,5,50,0.47071,0.49688,59.08
5,30,5,51,0.47109,0.50083,41.59
5,30,5,52,0.47112,0.50164,47.54
5,30,5,53,0.47079,0.50823,81.39
5,30,5,54,0.47077,0.51261,64.84
5,30,5,55,0.47168,0.5193,46.18
5,30,5,56,0.47165,0.5192,68.87
5,30,5,57,0.47139,0.51569,63.15
5,30,5,58,0.47148,0.50979,58.63
5,30,5,59,0.47214,0.50605,61.91
5,30,5,60,0.47263,0.506,50.01
5,30,5,61,0.47242,0.50598,39.82
5,30,5,62,0.47128,0.50183,48.37
5,30,5,63,0.47044,0.49972,59.42
5,30,5,64,0.46993,0.50113,50.45
5,30,5,65,0.4699,0.50299,93.79
5,30,5,66,0.46997,0.50413,102.34
5,30,5,67,0.47029,0.50495,79.73
5,30,5,68,0.47033,0.50771,78.57
5,30,5,69,0.46993,0.51088,88.84
5,30,5,70,0.4694,0.51514,59.83
5,30,5,71,0.46812,0.5187,56.48
5,30,5,72,0.46789,0.5196,43.35
5,30,5,73,0.46849,0.52457,47.8
5,30,5,74,0.46938,0.529,44.95
5,30,5,75,0.47056,0.53299,48.07
5,30,5,76,0.47189,0.53293,50.7
5,30,5,77,0.47289,0.52898,56.97
5,30,5,78,0.47333,0.52342,37.01
5,30,5,79,0.47342,0.51925,59.04
5,30,5,80,0.4733,0.51523,54.28
5,30,5,81,0.47276,0.51218,39.07
5,30,5,82,0.47239,0.5104,63.18
5,30,5,83,0.47206,0.5106,42.49
5,30,5,84,0.47153,0.51295,57.3
5,30,5,85,0.47166,0.51863,48.19
5,30,5,86,0.47212,0.52015,45.32
5,30,5,87,0.47245,0.52132,56.94
5,30,5,88,0.47222,0.52339,55.34
5,30,5,89,0.47167,0.52243,42.69
5,30,5,90,0.4709,0.51911,64.02
5,30,5,91,0.47023,0.51235,41.57
5,30,5,92,0.46956,0.50412,50.98
5,30,5,93,0.46905,0.49869,64.4
5,30,5,94,0.46835,0.49719,45.98
5,30,5,95,0.46773,0.49781,87.74
5,30,5,96,0.46713,0.49988,46.93
5,30,5,97,0.46674,0.50071,54.24
5,30,5,98,0.46641,0.4992,42.07
5,30,5,99,0.46645,0.49806,48.9
5,30,5,100,0.46687,0.49828,66.12
5,30,5,101,0.46752,0.4984,88.76
5,30,5,102,0.46825,0.49652,46.91
5,30,5,103,0.4686,0.49294,40.65
5,30,5,104,0.46905,0.49089,41.97
5,30,5,105,0.46878,0.49285,46.23
5,30,5,106,0.46901,0.49839,36.3
5,30,5,107,0.46862,0.50746,39.84
5,30,5,108,0.46867,0.52053,52.94
5,30,5,109,0.4684,0.53398,45.16
5,30,5,110,0.46788,0.54835,53.19
5,30,5,111,0.46729,0.56113,45.17
5,30,5,112,0.46759,0.56811,56.53
5,30,5,113,0.46795,0.57058,56.34
5,30,5,114,0.4686,0.5719,43.4
5,30,5,115,0.46862,0.57218,55.56
5,30,5,116,0.46839,0.57225,52.83
5,30,5,117,0.46774,0.57172,59.69
5,30,5,118,0.46681,0.57547,70.22
5,30,5,119,0.46567,0.57958,87.09
5,30,5,120,0.46486,0.58476,53.16
5,30,5,121,0.46373,0.59036,91.19
5,30,5,122,0.4624,0.59343,54.82
5,30,5,123,0.4615,0.59168,41.33
5,30,5,124,0.46073,0.58639,75.73
5,30,5,125,0.45971,0.58109,60.73
5,30,5,126,0.45956,0.57453,49.66
5,30,5,127,0.46023,0.56633,39.19
5,30,5,128,0.46047,0.55761,40.72
5,30,5,129,0.46069,0.54843,50.11
6,30,1,0,0.46345,0.49803,49.34
6,30,1,1,0.46352,0.48522,64.88
6,30,1,2,0.46344,0.47359,57.22
6,30,1,3,0.46349,0.46813,85.36
6,30,1,4,0.46367,0.46874,51.93
6,30,1,5,0.46375,0.4661,80.3
6,30,1,6,0.46369,0.46324,85.49
6,30,1,7,0.46349,0.46291,70.78
6,30,1,8,0.46385,0.45886,100.57
6,30,1,9,0.46442,0.45434,57.84
6,30,1,10,0.46534,0.44323,39.75
6,30,1,11,0.46608,0.43597,51.1
6,30,1,12,0.46686,0.42619,38.8
6,30,1,13,0.46744,0.41606,45.35
6,30,1,14,0.46806,0.40296,50.01
6,30,1,15,0.46854,0.39387,52.59
6,30,1,16,0.46892,0.38813,40.89
6,30,1,17,0.46864,0.38846,49.71
6,30,1,18,0.4689,0.39236,49.15
6,30,1,19,0.46897,0.40031,79.23
6,30,1,20,0.46839,0.4094,37.1
6,30,1,21,0.46856,0.41582,50.64
6,30,1,22,0.46867,0.42142,46.65
6,30,1,23,0.46843,0.42474,53.44
6,30,1,24,0.46781,0.42719,72.81
6,30,1,25,0.46716,0.42908,59.41
6,30,2,0,0.79219,0.49005,80.34
6,30,2,1,0.79271,0.48532,52.38
6,30,2,2,0.79303,0.48259,45.21
6,30,2,3,0.79407,0.48199,50.16
6,30,2,4,0.79536,0.48381,88.48
6,30,2,5,0.79598,0.47938,87.35
6,30,2,6,0.79706,0.47495,63.15
6,30,2,7,0.79858,0.47296,56.67
6,30,2,8,0.7999,0.46682,67.63
6,30,2,9,0.80079,0.46573,49.41
6,30,2,10,0.801,0.46281,59.67
6,30,2,11,0.80097,0.45513,49.17
6,30,2,12,0.80126,0.44921,38.42
6,30,2,13,0.80182,0.44686,40.23
6,30,2,14,0.80218,0.44449,79.9
6,30,2,15,0.80201,0.4441,49.64
6,30,2,16,0.80148,0.44475,49.98
6,30,2,17,0.80072,0.43989,45.51
6,30,2,18,0.80025,0.43332,48.1
6,30,2,19,0.8,0.43039,60.84
6,30,2,20,0.79923,0.43092,66.61
6,30,2,21,0.79847,0.43311,72.04
6,30,2,22,0.79717,0.42515,51.19
6,30,2,23,0.79578,0.41709,52.05
6,30,2,24,0.79462,0.40951,45.45
6,30,2,25,0.79396,0.4099,38.01
6,30,2,26,0.79363,0.41575,44.6
6,30,2,27,0.79355,0.4274,53.36
6,30,2,28,0.79343,0.44074,50.73
6,30,2,29,0.79255,0.45488,63.78
6,30,2,30,0.79169,0.46962,38.17
6,30,2,31,0.79083,0.47965,40.46
6,30,2,32,0.78985,0.48838,42.55
6,30,2,33,0.78866,0.49344,87.03
6,30,2,34,0.78787,0.49651,56.9
6,30,2,35,0.78706,0.50174,45.7
6,30,2,36,0.78664,0.50878,50.88
6,30,2,37,0.78648,0.50792,77.25
6,30,2,38,0.78668,0.50609,52.12
6,30,2,39,0.78737,0.50705,47.4
6,30,2,40,0.78816,0.50944,50.42
6,30,2,41,0.78889,0.518,68.35
6,30,2,42,0.78904,0.52297,45.23
6,30,2,43,0.78884,0.52551,39.03
6,30,2,44,0.78922,0.52763,57.34
6,30,2,45,0.7895,0.5276,55.77
6,30,2,46,0.79043,0.52371,47.99
6,30,2,47,0.79284,0.51336,40.1
6,30,2,48,0.79344,0.51011,62.62
6,30,2,49,0.79409,0.50902,44.12
6,30,2,50,0.79442,0.50745,67.34
6,30,2,51,0.79476,0.5082,101.6
6,30,2,52,0.79504,0.50851,95.43
6,30,2,53,0.79545,0.50608,51.38
6,30,2,54,0.79571,0.51066,46.71
6,30,2,55,0.79646,0.51436,47.12
6,30,2,56,0.79678,0.51689,40.03
6,30,2,57,0.79695,0.51765,67.8
6,30,2,58,0.79742,0.51813,111.86
6,30,2,59,0.79803,0.51929,77.23
6,30,2,60,0.79767,0.52129,58.09
6,30,2,61,0.79732,0.51979,39.61
6,30,2,62,0.79646,0.51739,38.3
6,30,2,63,0.79516,0.51051,67.42
6,30,2,64,0.79396,0.49079,116.0
6,30,2,65,0.79278,0.46482,59.11
6,30,2,66,0.79186,0.4496,42.27
6,30,2,67,0.79097,0.44341,75.95
6,30,2,68,0.79011,0.44105,52.55
6,30,2,69,0.78888,0.44481,59.45
6,30,2,70,0.78887,0.45176,74.57
6,30,2,71,0.78896,0.45884,79.37
6,30,2,72,0.78912,0.46216,47.04
6,30,2,73,0.7888,0.45978,80.77
6,30,2,74,0.78873,0.45642,48.63
6,30,2,75,0.78876,0.44982,55.05
6,30,2,76,0.78882,0.44306,49.85
6,30,2,77,0.78891,0.43547,43.9
6,30,2,78,0.78898,0.42896,45.54
6,30,2,79,0.78905,0.43091,51.31
6,30,2,80,0.78934,0.43974,47.67
6,30,2,81,0.78911,0.45144,56.14
6,30,2,82,0.78878,0.46027,39.79
6,30,2,83,0.78842,0.46598,58.01
6,30,2,84,0.78779,0.46629,53.1
6,30,2,85,0.78742,0.45744,42.35
6,30,2,86,0.78653,0.45299,58.36
6,30,2,87,0.78542,0.44515,43.57
6,30,2,88,0.7848,0.4448,83.7
6,30,2,89,0.78417,0.44839,67.24
6,30,2,90,0.78303,0.45614,68.93
6,30,2,91,0.78249,0.46591,120.35
6,30,2,92,0.78221,0.47297,96.08
6,30,2,93,0.78185,0.47872,86.34
6,30,2,94,0.78121,0.48522,53.46
6,30,2,95,0.78069,0.48857,85.0
6,30,2,96,0.78029,0.4925,42.38
6,30,2,97,0.78003,0.49718,47.07
6,30,2,98,0.77984,0.50263,41.24
6,30,2,99,0.77979,0.50748,41.52
6,30,2,100,0.77952,0.51189,41.14
6,30,2,101,0.7796,0.51697,63.41
6,30,2,102,0.78043,0.51923,35.63
6,30,2,103,0.7814,0.51186,97.14
6,30,2,104,0.78259,0.50401,66.58
6,30,2,105,0.78365,0.50282,60.53
6,30,2,106,0.78504,0.50924,52.19
6,30,2,107,0.78643,0.52305,76.96
6,30,2,108,0.7873,0.53807,44.26
6,30,2,109,0.78766,0.54527,46.38
6,30,2,110,0.78717,0.55293,43.09
6,30,2,111,0.7861,0.55695,40.21
6,30,2,112,0.78501,0.55902,52.71
6,30,2,113,0.78367,0.55886,45.5
6,30,2,114,0.78278,0.56437,43.07
6,30,2,115,0.78303,0.56389,41.71
6,30,2,116,0.78318,0.56556,40.45
6,30,2,117,0.78321,0.56901,55.44
6,30,2,118,0.78435,0.56852,38.74
6,30,2,119,0.78575,0.57129,51.69
6,30,2,120,0.78654,0.57163,85.6
6,30,2,121,0.78689,0.5701,91.83
6,30,2,122,0.78681,0.56829,59.76
6,30,2,123,0.78625,0.56456,60.48
6,30,2,124,0.78567,0.559,53.13
6,30,2,125,0.78554,0.55142,63.28
6,30,2,126,0.78521,0.5489,80.95
6,30,2,127,0.78517,0.54676,58.66
6,30,2,128,0.7853,0.54771,69.0
6,30,2,129,0.78541,0.54914,103.95
6,30,2,130,0.78549,0.53938,77.16
6,30,2,131,0.78515,0.53421,51.23
6,30,2,132,0.78487,0.52709,58.57
6,30,2,133,0.78548,0.51806,73.22
6,30,2,134,0.78652,0.51467,64.63
6,30,2,135,0.78757,0.52082,100.71
6,30,2,136,0.78799,0.53318,60.89
6,30,2,137,0.78886,0.5375,37.26
6,30,2,138,0.79006,0.54216,44.76
6,30,2,139,0.79174,0.54468,53.8
6,30,2,140,0.79314,0.5455,62.46
6,30,2,141,0.79419,0.54132,61.27
6,30,2,142,0.79487,0.53975,47.27
6,30,2,143,0.79515,0.54071,36.39
6,30,2,144,0.79521,0.54059,74.95
6,30,2,145,0.79513,0.54369,90.49
6,30,2,146,0.79488,0.54844,65.9
6,30,2,147,0.7945,0.55498,61.7
6,30,2,148,0.79485,0.55501,56.86
6,30,2,149,0.79581,0.55215,60.06
6,30,2,150,0.79701,0.54721,87.58
6,30,2,151,0.79796,0.54571,64.37
6,30,2,152,0.79925,0.54524,41.88
6,30,2,153,0.80028,0.54571,50.85
6,30,2,154,0.80098,0.5447,42.24
6,30,3,0,0.80087,0.55619,97.21
6,30,3,1,0.80037,0.55701,92.98
6,30,3,2,0.79982,0.55836,73.97
6,30,3,3,0.79937,0.5574,51.06
6,30,3,4,0.79943,0.55492,65.93
6,30,3,5,0.79897,0.55007,59.64
6,30,3,6,0.79824,0.54591,50.64
6,30,3,7,0.79713,0.5439,72.87
6,30,3,8,0.79672,0.54325,42.2
6,30,3,9,0.79622,0.54806,70.25
6,30,3,10,0.79568,0.55139,59.77
6,30,3,11,0.7952,0.55726,87.84
6,30,3,12,0.79578,0.56575,42.68
6,30,3,13,0.79674,0.57523,38.21
6,30,3,14,0.79808,0.58737,40.83
6,30,3,15,0.79856,0.59661,51.25
6,30,3,16,0.79892,0.60306,52.59
6,30,3,17,0.7989,0.60521,61.14
6,30,3,18,0.79745,0.60241,88.83
6,30,3,19,0.79528,0.59606,49.88
6,30,3,20,0.79389,0.59077,58.36
6,30,3,21,0.79285,0.5814,60.37
6,30,3,22,0.79161,0.57788,53.64
6,30,3,23,0.79064,0.58343,66.39
6,30,3,24,0.79036,0.59266,40.79
6,30,3,25,0.79021,0.60146,77.98
6,30,3,26,0.78954,0.60832,63.86
6,30,3,27,0.7892,0.61132,88.44
6,30,3,28,0.78932,0.61278,93.26
6,30,3,29,0.78907,0.6126,41.99
6,30,3,30,0.78873,0.60745,74.52
6,30,3,31,0.78831,0.60086,54.13
6,30,3,32,0.7879,0.5917,76.98
6,30,3,33,0.78755,0.58121,100.21
6,30,3,34,0.78663,0.57003,87.38
6,30,3,35,0.78623,0.56329,42.61
6,30,3,36,0.78591,0.5607,54.21
6,30,3,37,0.78603,0.56139,69.64
6,30,3,38,0.78564,0.56191,56.41
6,30,3,39,0.78587,0.55653,40.42
6,30,3,40,0.78608,0.54868,58.02
6,30,3,41,0.78621,0.53464,64.19
6,30,3,42,0.78621,0.51823,75.67
6,30,3,43,0.78617,0.509,54.75
6,30,3,44,0.7861,0.50715,64.19
6,30,3,45,0.78604,0.51006,122.16
6,30,3,46,0.78616,0.50938,105.45
6,30,3,47,0.78622,0.50456,66.07
6,30,3,48,0.78647,0.5006,42.75
6,30,3,49,0.78631,0.5,53.96
6,30,3,50,0.7868,0.50513,52.46
6,30,3,51,0.78701,0.50919,50.22
6,30,3,52,0.78658,0.5142,57.65
6,30,3,53,0.78683,0.52185,54.57
6,30,3,54,0.7869,0.52724,39.83
6,30,3,55,0.78682,0.53034,59.32
6,30,3,56,0.78663,0.53005,42.39
6,30,3,57,0.78639,0.53064,60.29
6,30,3,58,0.78654,0.53179,46.23
6,30,3,59,0.78679,0.53594,45.83
6,30,3,60,0.78697,0.54118,86.74
6,30,3,61,0.78737,0.54643,79.0
6,30,3,62,0.78742,0.54841,49.2
6,30,3,63,0.78735,0.55705,52.72
6,30,3,64,0.78752,0.5634,53.52
6,30,3,65,0.78841,0.57338,81.63
6,30,3,66,0.78902,0.58024,121.95
6,30,3,67,0.78934,0.58375,84.04
6,30,3,68,0.78939,0.58268,101.68
6,30,3,69,0.78885,0.58008,70.05
6,30,3,70,0.78843,0.58024,53.17
6,30,3,71,0.78789,0.58184,39.57
6,30,3,72,0.78779,0.58238,55.32
6,30,3,73,0.78813,0.58266,72.78
6,30,3,74,0.7886,0.58221,40.32
6,30,3,75,0.7891,0.58111,51.78
6,30,3,76,0.78999,0.58518,43.6
6,30,3,77,0.79015,0.58893,48.03
6,30,3,78,0.79013,0.5923,61.2
6,30,3,79,0.78904,0.59185,45.96
6,30,3,80,0.78746,0.59393,38.08
6,30,3,81,0.78647,0.5987,48.8
6,30,3,82,0.78628,0.60869,47.86
6,30,3,83,0.78628,0.61494,42.9
6,30,3,84,0.7867,0.61652,82.78
6,30,3,85,0.78668,0.61331,81.42
6,30,3,86,0.78668,0.60714,40.49
6,30,3,87,0.78655,0.6035,56.09
6,30,3,88,0.78618,0.60161,105.78
6,30,3,89,0.78582,0.60141,94.72
6,30,3,90,0.78526,0.60161,64.11
6,30,3,91,0.78535,0.60573,42.7
6,30,3,92,0.78581,0.60871,51.25
6,30,3,93,0.78681,0.61125,79.42
6,30,3,94,0.78789,0.61336,38.79
6,30,3,95,0.78905,0.61216,52.97
6,30,3,96,0.78965,0.6105,45.57
6,30,3,97,0.79047,0.60804,53.28
6,30,3,98,0.7908,0.60209,45.86
6,30,3,99,0.79047,0.59802,44.5
6,30,3,100,0.78991,0.59639,48.17
6,30,3,101,0.78878,0.59689,69.07
6,30,3,102,0.78837,0.59988,52.87
6,30,3,103,0.78839,0.59999,57.57
6,30,3,104,0.78865,0.59967,56.25
6,30,3,105,0.7889,0.59311,88.72
6,30,3,106,0.78915,0.59106,54.07
6,30,3,107,0.78948,0.59437,51.21
6,30,3,108,0.78913,0.59617,59.48
6,30,3,109,0.78824,0.59699,43.07
6,30,3,110,0.78754,0.59445,80.49
6,30,3,111,0.78688,0.59287,57.76
6,30,3,112,0.7862,0.59213,52.21
6,30,3,113,0.78578,0.59465,95.64
6,30,3,114,0.78563,0.59768,83.13
6,30,3,115,0.78568,0.59599,54.55
6,30,3,116,0.78593,0.59759,53.52
6,30,3,117,0.78597,0.60107,49.29
6,30,3,118,0.78605,0.60414,37.01
6,30,3,119,0.78576,0.60343,38.21
6,30,3,120,0.78522,0.60005,34.15
6,30,3,121,0.78441,0.59783,86.87
6,30,3,122,0.78425,0.59572,51.03
6,30,3,123,0.78461,0.59774,48.48
6,30,3,124,0.7852,0.60052,38.59
6,30,3,125,0.78633,0.60474,40.4
6,30,3,126,0.78725,0.6076,36.18
6,30,3,127,0.78785,0.60741,120.78
6,30,3,128,0.78858,0.60496,123.43
6,30,3,129,0.78969,0.59775,48.81
6,30,3,130,0.79045,0.59702,51.65
6,30,3,131,0.79026,0.59619,78.28
6,30,3,132,0.78983,0.5949,86.32
6,30,3,133,0.7895,0.59582,69.19
6,30,3,134,0.78911,0.59472,94.13
6,30,3,135,0.78825,0.59293,86.84
6,30,3,136,0.78731,0.59131,47.46
6,30,3,137,0.78595,0.59446,45.66
6,30,3,138,0.78537,0.60025,42.13
6,30,3,139,0.78477,0.60222,49.93
6,30,3,140,0.78475,0.60183,51.31
6,30,3,141,0.78471,0.59988,56.81
6,30,3,142,0.78496,0.5904,44.23
6,30,3,143,0.78542,0.57568,36.81
6,30,3,144,0.7857,0.56038,50.79
6,30,3,145,0.78608,0.55217,65.6
6,30,3,146,0.78653,0.55042,51.28
6,30,3,147,0.78753,0.55319,80.47
6,30,3,148,0.78764,0.56072,46.48
6,30,3,149,0.78701,0.5737,50.04
6,30,3,150,0.78683,0.58486,61.33
6,30,3,151,0.78694,0.59976,62.17
6,30,3,152,0.78722,0.60676,47.13
6,30,3,153,0.78764,0.60938,44.48
6,30,3,154,0.78802,0.61455,49.86
6,30,3,155,0.7876,0.61678,53.89
6,30,3,156,0.78741,0.61829,49.67
6,30,3,157,0.78747,0.61857,37.49
6,30,3,158,0.78772,0.61908,106.47
6,30,3,159,0.78834,0.61976,87.24
6,30,3,160,0.78897,0.61871,86.01
6,30,3,161,0.78944,0.61787,42.92
6,30,3,162,0.78978,0.62088,55.93
6,30,3,163,0.79001,0.62389,43.69
6,30,3,164,0.79012,0.62972,63.15
6,30,3,165,0.79021,0.6321,55.29
6,30,3,166,0.79025,0.63062,37.78
6,30,3,167,0.78992,0.62753,45.48
6,30,3,168,0.7891,0.62409,72.3
6,30,3,169,0.78843,0.6246,52.33
6,30,3,170,0.78756,0.62568,70.26
6,30,3,171,0.78759,0.62867,57.01
6,30,3,172,0.78782,0.63397,40.95
6,30,3,173,0.78808,0.63868,46.21
6,30,3,174,0.78811,0.63671,55.65
6,30,3,175,0.78763,0.63425,44.39
6,30,3,176,0.78807,0.63611,42.74
6,30,3,177,0.788,0.63476,48.13
6,30,3,178,0.78741,0.63069,37.41
6,30,3,179,0.78702,0.62548,45.1
6,30,3,180,0.78665,0.61981,68.73
6,30,3,181,0.78681,0.61015,60.47
6,30,3,182,0.78687,0.59982,51.77
6,30,3,183,0.7871,0.59244,51.66
6,30,3,184,0.7875,0.58836,55.15
6,30,3,185,0.78783,0.58772,52.06
6,30,3,186,0.78785,0.58638,56.63
6,30,3,187,0.7875,0.57931,48.98
6,30,3,188,0.78691,0.57691,50.59
6,30,3,189,0.78609,0.57741,48.08
6,30,3,190,0.78512,0.57972,51.68
6,30,3,191,0.78451,0.57625,49.54
6,30,3,192,0.78425,0.56933,56.46
6,30,3,193,0.78452,0.56478,75.53
6,30,3,194,0.78431,0.56436,81.85
6,30,3,195,0.78383,0.56111,47.75
6,30,3,196,0.78334,0.55388,52.97
6,30,3,197,0.78329,0.55063,43.82
6,30,3,198,0.78338,0.55001,47.63
6,30,3,199,0.78314,0.55047,120.18
6,30,3,200,0.78327,0.55385,75.94
6,30,3,201,0.7837,0.55826,70.95
6,30,3,202,0.78465,0.55931,55.61
6,30,3,203,0.78543,0.56162,43.61
6,30,3,204,0.78594,0.57158,51.91
6,30,3,205,0.78688,0.57657,82.22
6,30,3,206,0.78759,0.5814,65.8
6,30,3,207,0.78792,0.58738,92.57
6,30,3,208,0.78839,0.59105,50.18
6,30,3,209,0.78836,0.59495,48.87
6,30,3,210,0.78848,0.59947,38.82
6,30,3,211,0.78817,0.60294,46.29
6,30,3,212,0.78743,0.6033,54.15
6,30,3,213,0.78729,0.60603,62.96
6,30,3,214,0.78747,0.60667,48.17
6,30,3,215,0.7876,0.60693,53.69
6,30,3,216,0.78833,0.60572,46.66
6,30,3,217,0.789,0.6015,40.95
6,30,3,218,0.7895,0.59725,45.83
6,30,3,219,0.78969,0.59465,85.24
6,30,3,220,0.79009,0.59174,69.57
6,30,3,221,0.79065,0.58835,51.77
6,30,3,222,0.79137,0.58954,49.72
6,30,3,223,0.79156,0.5882,47.39
6,30,3,224,0.79248,0.58691,36.5
6,30,3,225,0.79275,0.58346,33.95
6,30,3,226,0.79267,0.58285,46.93
6,30,3,227,0.79259,0.58356,54.17
6,30,3,228,0.79268,0.58912,50.13
6,30,3,229,0.79263,0.5914,47.66
6,30,3,230,0.7923,0.59157,45.95
6,30,3,231,0.792,0.58964,47.25
6,30,3,232,0.79185,0.58332,45.23
6,30,3,233,0.79183,0.57509,55.88
6,30,3,234,0.79188,0.56816,53.11
6,30,3,235,0.79168,0.56437,55.12
6,30,3,236,0.79151,0.56081,51.68
6,30,3,237,0.79116,0.56101,44.26
6,30,3,238,0.79015,0.56031,50.65
6,30,3,239,0.78965,0.56178,47.49
6,30,3,240,0.78903,0.55711,50.55
6,30,3,241,0.78835,0.55425,45.98
6,30,3,242,0.78803,0.55386,88.65
6,30,3,243,0.78779,0.55751,54.04
6,30,3,244,0.78772,0.563,42.83
6,30,3,245,0.78858,0.5667,48.92
6,30,3,246,0.78857,0.56793,44.72
6,30,3,247,0.78875,0.57147,45.78
6,30,3,248,0.7885,0.57028,48.49
6,30,3,249,0.78838,0.57152,85.59
6,30,3,250,0.78807,0.57418,51.85
6,30,3,251,0.78742,0.56913,51.52
6,30,3,252,0.78756,0.56211,45.71
6,30,3,253,0.78809,0.55671,45.96
6,30,3,254,0.7887,0.55482,48.02
6,30,3,255,0.78941,0.55465,47.04
6,30,4,0,0.79153,0.5692,40.23
6,30,4,1,0.7921,0.57532,60.06
6,30,4,2,0.79228,0.58079,58.08
6,30,4,3,0.79229,0.5863,57.26
6,30,4,4,0.79172,0.59119,108.13
6,30,4,5,0.79112,0.59456,87.97
6,30,4,6,0.79108,0.59974,92.72
6,30,4,7,0.7913,0.60697,44.27
6,30,4,8,0.79242,0.6103,66.07
6,30,4,9,0.79324,0.6154,56.99
6,30,4,10,0.79373,0.61881,92.45
6,30,4,11,0.79367,0.6172,55.67
6,30,4,12,0.79308,0.616,56.91
6,30,4,13,0.79199,0.61003,45.9
6,30,4,14,0.79159,0.60527,48.32
6,30,4,15,0.79132,0.60023,44.5
6,30,4,16,0.79122,0.59739,35.35
6,30,4,17,0.79142,0.5954,34.7
6,30,4,18,0.79176,0.59361,41.24
6,30,4,19,0.79178,0.59122,47.27
6,30,4,20,0.79149,0.59243,51.21
6,30,4,21,0.79016,0.59449,44.18
6,30,4,22,0.7896,0.59972,77.38
6,30,4,23,0.78944,0.60984,42.64
6,30,4,24,0.78949,0.62057,64.36
6,30,4,25,0.78905,0.62866,53.2
6,30,4,26,0.78863,0.63224,44.23
6,30,4,27,0.78804,0.63457,51.82
6,30,4,28,0.78689,0.6355,49.24
6,30,4,29,0.78597,0.63402,66.29
6,30,4,30,0.78568,0.63265,44.22
6,30,4,31,0.78541,0.62846,70.89
6,30,4,32,0.78529,0.62784,63.74
6,30,4,33,0.78541,0.63024,69.3
6,30,4,34,0.7858,0.63194,52.3
6,30,4,35,0.78548,0.63641,39.21
6,30,4,36,0.78478,0.6417,46.77
6,30,4,37,0.78458,0.64301,61.42
6,30,4,38,0.78469,0.64159,47.62
6,30,4,39,0.78583,0.64162,49.57
6,30,4,40,0.78722,0.64608,57.98
6,30,4,41,0.7888,0.64281,81.61
6,30,4,42,0.79003,0.63522,55.89
6,30,4,43,0.79103,0.62251,57.21
6,30,4,44,0.79154,0.61151,49.98
6,30,4,45,0.79234,0.60768,46.01
6,30,4,46,0.79335,0.60879,65.72
6,30,4,47,0.79401,0.60989,44.43
6,30,4,48,0.79418,0.60612,55.88
6,30,4,49,0.79421,0.59762,53.88
6,30,4,50,0.79397,0.5905,43.22
6,30,4,51,0.79388,0.58839,71.77
6,30,4,52,0.79381,0.59111,70.27
6,30,4,53,0.7937,0.58743,64.26
6,30,4,54,0.79312,0.57628,38.65
6,30,4,55,0.79242,0.56463,75.84
6,30,4,56,0.79103,0.55482,52.68
6,30,4,57,0.79005,0.54806,49.43
6,30,4,58,0.78919,0.55201,65.17
6,30,4,59,0.7883,0.55903,109.8
6,30,4,60,0.78744,0.56518,75.96
6,30,4,61,0.78653,0.56834,53.89
6,30,4,62,0.78617,0.57132,89.45
6,30,4,63,0.78632,0.57498,52.73
6,30,4,64,0.78622,0.57502,82.08
6,30,4,65,0.78648,0.57656,45.8
6,30,4,66,0.7873,0.57521,71.07
6,30,4,67,0.78747,0.57226,99.57
6,30,4,68,0.78752,0.57013,87.13
6,30,4,69,0.78765,0.5681,74.91
6,30,4,70,0.78745,0.56645,49.53
6,30,4,71,0.78664,0.5656,83.04
6,30,4,72,0.78611,0.56451,60.66
6,30,4,73,0.78609,0.56293,52.71
6,30,4,74,0.78579,0.561,43.11
6,30,4,75,0.78595,0.56382,45.55
6,30,4,76,0.78645,0.57152,67.42
6,30,4,77,0.78639,0.57557,46.77
6,30,4,78,0.78634,0.58012,49.39
6,30,4,79,0.78578,0.57636,44.24
6,30,4,80,0.78583,0.57248,50.1
6,30,4,81,0.78591,0.56948,91.91
6,30,4,82,0.78574,0.56738,72.39
6,30,4,83,0.78564,0.56585,55.59
6,30,4,84,0.78567,0.56451,49.69
6,30,4,85,0.78579,0.56735,60.37
6,30,4,86,0.78597,0.5731,51.43
6,30,4,87,0.78623,0.58699,47.1
6,30,4,88,0.7865,0.60088,46.7
6,30,4,89,0.78666,0.61236,47.86
6,30,4,90,0.78596,0.6118,51.42
6,30,4,91,0.78505,0.60629,50.85
6,30,4,92,0.78509,0.59914,93.04
6,30,4,93,0.78494,0.58559,52.25
6,30,4,94,0.78499,0.56812,71.38
6,30,4,95,0.78518,0.5582,45.17
6,30,4,96,0.78603,0.54581,67.47
6,30,4,97,0.78676,0.5386,85.86
6,30,4,98,0.78783,0.53958,66.29
6,30,4,99,0.78893,0.54276,33.75
6,30,4,100,0.79006,0.54773,42.01
6,30,4,101,0.79037,0.54281,45.75
6,30,4,102,0.79029,0.54172,44.28
6,30,4,103,0.7901,0.54383,43.46
6,30,4,104,0.7901,0.54868,45.21
6,30,4,105,0.79066,0.55848,71.96
6,30,4,106,0.79116,0.57133,44.89
6,30,4,107,0.79154,0.58758,43.95
6,30,4,108,0.79172,0.60105,34.73
6,30,4,109,0.7917,0.61078,43.71
6,30,4,110,0.79154,0.61481,44.12
6,30,4,111,0.79132,0.61548,46.39
6,30,4,112,0.79038,0.61277,58.74
6,30,4,113,0.78925,0.6064,43.48
6,30,4,114,0.78816,0.59652,72.02
6,30,4,115,0.78708,0.58388,46.66
6,30,4,116,0.78598,0.57406,72.35
6,30,4,117,0.78609,0.56822,90.82
6,30,4,118,0.78631,0.5711,57.16
6,30,4,119,0.78741,0.57562,56.73
6,30,4,120,0.78894,0.57793,88.34
6,30,4,121,0.79013,0.58002,79.0
6,30,4,122,0.79169,0.58444,59.52
6,30,4,123,0.79198,0.59428,50.73
6,30,4,124,0.79222,0.60359,44.25
6,30,4,125,0.79204,0.60921,53.94
6,30,4,126,0.79179,0.61395,40.52
6,30,4,127,0.79121,0.6119,54.39
6,30,4,128,0.7904,0.6067,56.34
6,30,4,129,0.78903,0.59616,60.16
6,30,4,130,0.78758,0.59249,52.43
6,30,4,131,0.78579,0.59232,54.44
6,30,4,132,0.78488,0.59033,53.21
6,30,4,133,0.78415,0.58676,44.1
6,30,4,134,0.7838,0.58219,89.08
6,30,4,135,0.78328,0.58056,64.34
6,30,4,136,0.78326,0.58371,87.48
6,30,4,137,0.78331,0.58231,83.97
6,30,4,138,0.78354,0.58671,53.99
6,30,4,139,0.78364,0.5904,83.78
6,30,4,140,0.78384,0.59062,51.86
6,30,4,141,0.78368,0.58677,42.96
6,30,4,142,0.78399,0.58262,69.78
6,30,4,143,0.78483,0.58209,57.24
6,30,4,144,0.78552,0.58572,46.97
6,30,4,145,0.78617,0.5906,50.21
6,30,5,0,0.78894,0.61197,98.64
6,30,5,1,0.78885,0.61418,90.18
6,30,5,2,0.78836,0.61385,75.84
6,30,5,3,0.78768,0.6104,64.32
6,30,5,4,0.78748,0.61129,47.85
6,30,5,5,0.78712,0.61531,55.72
6,30,5,6,0.78722,0.61769,57.18
6,30,5,7,0.7875,0.62017,52.31
6,30,5,8,0.78798,0.62147,60.3
6,30,5,9,0.7877,0.6171,79.01
6,30,5,10,0.78708,0.6107,76.82
6,30,5,11,0.78621,0.60589,83.11
6,30,5,12,0.78555,0.60296,46.01
6,30,5,13,0.78514,0.59863,57.3
6,30,5,14,0.78521,0.59375,44.58
6,30,5,15,0.78509,0.59122,57.31
6,30,5,16,0.78548,0.58893,45.5
6,30,5,17,0.78599,0.5872,32.95
6,30,5,18,0.78633,0.58468,41.89
6,30,5,19,0.78609,0.5809,89.49
6,30,5,20,0.78575,0.57838,97.73
6,30,5,21,0.7852,0.57563,58.17
6,30,5,22,0.78556,0.56979,68.67
6,30,5,23,0.78602,0.56576,78.15
6,30,5,24,0.78675,0.56586,53.43
6,30,5,25,0.78723,0.57523,67.46
6,30,5,26,0.78791,0.58525,56.07
6,30,5,27,0.7892,0.59432,49.95
6,30,5,28,0.79017,0.59579,62.47
6,30,5,29,0.79113,0.59536,43.68
6,30,5,30,0.79125,0.5931,49.29
6,30,5,31,0.79122,0.59126,44.75
6,30,5,32,0.79148,0.58687,47.86
6,30,5,33,0.79196,0.58511,38.26
6,30,5,34,0.79257,0.58495,60.67
6,30,5,35,0.79246,0.58584,43.55
6,30,5,36,0.79205,0.58922,83.63
6,30,5,37,0.7916,0.59061,115.44
6,30,5,38,0.79077,0.59106,86.94
6,30,5,39,0.78961,0.58835,80.15
6,30,5,40,0.78906,0.58143,61.24
6,30,5,41,0.78923,0.57677,62.1
6,30,5,42,0.78949,0.57284,49.96
6,30,5,43,0.78965,0.57173,56.57
6,30,5,44,0.78901,0.5711,41.2
6,30,5,45,0.78789,0.57701,42.73
6,30,5,46,0.78743,0.57874,53.8
6,30,5,47,0.78749,0.58025,46.83
6,30,5,48,0.78767,0.58317,51.55
6,30,5,49,0.78794,0.58334,56.94
6,30,5,50,0.78801,0.57929,84.25
6,30,5,51,0.788,0.57729,56.83
6,30,5,52,0.78802,0.57954,56.14
6,30,5,53,0.78771,0.58534,47.67
6,30,5,54,0.7869,0.59068,44.78
6,30,5,55,0.78639,0.59342,79.67
6,30,5,56,0.78617,0.59489,61.91
6,30,5,57,0.7857,0.59636,77.18
6,30,5,58,0.78572,0.59622,45.5
6,30,5,59,0.78621,0.59778,77.09
6,30,5,60,0.78635,0.59917,50.95
6,30,5,61,0.78605,0.59799,57.52
6,30,5,62,0.78559,0.59657,49.93
6,30,5,63,0.78503,0.59634,57.6
6,30,5,64,0.78509,0.5986,46.28
6,30,5,65,0.78547,0.59677,50.19
6,30,5,66,0.7861,0.59318,50.56
6,30,5,67,0.78677,0.58963,40.34
6,30,5,68,0.78733,0.58341,50.76
6,30,5,69,0.78826,0.57774,41.54
6,30,5,70,0.78882,0.57369,36.32
6,30,5,71,0.78882,0.57545,68.01
6,30,5,72,0.78881,0.58309,45.99
6,30,5,73,0.78889,0.59041,40.97
6,30,5,74,0.78955,0.60055,50.56
6,30,5,75,0.79019,0.61284,59.88
6,30,5,76,0.79039,0.61796,53.29
6,30,5,77,0.79059,0.61924,44.99
6,30,5,78,0.79081,0.61685,64.35
6,30,5,79,0.79128,0.61254,52.47
6,30,5,80,0.79175,0.605,43.92
6,30,5,81,0.79162,0.59828,41.71
6,30,5,82,0.79151,0.59613,94.47
6,30,5,83,0.79133,0.59329,69.26
6,30,5,84,0.79066,0.59053,52.9
6,30,5,85,0.79067,0.59001,72.83
6,30,5,86,0.79015,0.5903,107.6
6,30,5,87,0.78954,0.58983,95.3
6,30,5,88,0.78958,0.59015,89.85
6,30,5,89,0.78984,0.59182,82.76
6,30,5,90,0.79008,0.59215,92.64
6,30,5,91,0.78993,0.58223,46.66
6,30,5,92,0.78969,0.57476,65.11
6,30,5,93,0.78874,0.57405,46.79
6,30,5,94,0.78793,0.57236,41.91
6,30,5,95,0.78672,0.57331,50.17
6,30,5,96,0.78631,0.57529,41.54
6,30,5,97,0.78673,0.57528,50.49
6,30,5,98,0.78648,0.57562,58.04
6,30,5,99,0.78647,0.57309,55.15
6,30,5,100,0.78693,0.5726,45.35
6,30,5,101,0.78748,0.57132,48.25
6,30,5,102,0.78767,0.56983,66.27
6,30,5,103,0.78765,0.57149,87.1
6,30,5,104,0.78747,0.57236,88.21
6,30,5,105,0.78702,0.57359,49.97
6,30,5,106,0.7865,0.57368,46.36
6,30,5,107,0.78599,0.57258,50.59
6,30,5,108,0.78509,0.56694,39.81
6,30,5,109,0.78444,0.56576,48.18
6,30,5,110,0.78393,0.56794,45.01
6,30,5,111,0.78365,0.57094,51.01
6,30,5,112,0.78345,0.57493,53.7
6,30,5,113,0.78286,0.57775,56.95
7,30,1,0,0.17021,0.72532,77.86
7,30,1,1,0.17154,0.71351,49.93
7,30,1,2,0.17301,0.69741,51.68
7,30,1,3,0.17416,0.69202,75.32
7,30,1,4,0.17499,0.69163,51.61
7,30,1,5,0.17638,0.69615,60.1
7,30,1,6,0.17756,0.70324,37.9
7,30,1,7,0.17781,0.70815,50.67
7,30,1,8,0.17821,0.71295,61.41
7,30,1,9,0.1779,0.71585,87.99
7,30,1,10,0.17748,0.72022,70.47
7,30,1,11,0.17673,0.72661,48.91
7,30,1,12,0.17644,0.73153,44.46
7,30,1,13,0.17647,0.73158,45.63
7,30,1,14,0.17654,0.72929,86.4
7,30,1,15,0.17684,0.72655,52.99
7,30,1,16,0.17771,0.72649,94.74
7,30,1,17,0.17919,0.73092,69.51
7,30,1,18,0.18104,0.73788,97.91
7,30,1,19,0.18227,0.74518,53.22
7,30,1,20,0.18329,0.75474,55.57
7,30,1,21,0.18312,0.75672,42.9
7,30,1,22,0.1821,0.75538,77.23
7,30,1,23,0.18136,0.75319,38.18
7,30,1,24,0.18037,0.75357,51.37
7,30,1,25,0.17918,0.75373,75.74
7,30,1,26,0.17821,0.75117,60.05
7,30,1,27,0.1769,0.74698,53.11
7,30,1,28,0.17569,0.74785,48.48
7,30,1,29,0.17488,0.74748,57.05
7,30,1,30,0.17478,0.74515,52.36
7,30,1,31,0.17498,0.74345,44.94
7,30,1,32,0.17443,0.7427,48.34
7,30,1,33,0.17349,0.73867,45.69
7,30,1,34,0.17325,0.73555,78.04
7,30,1,35,0.17352,0.73582,59.79
7,30,1,36,0.17399,0.73211,70.02
7,30,1,37,0.17461,0.72649,39.37
7,30,1,38,0.17519,0.72474,75.28
7,30,1,39,0.17596,0.72556,61.56
7,30,1,40,0.17666,0.7288,53.93
7,30,1,41,0.1772,0.73379,92.86
7,30,1,42,0.1787,0.74112,71.93
7,30,1,43,0.1811,0.75131,49.93
7,30,1,44,0.1831,0.7613,70.56
7,30,1,45,0.18533,0.77073,45.61
7,30,1,46,0.18709,0.77849,50.23
7,30,1,47,0.18819,0.78122,59.32
7,30,1,48,0.18928,0.78021,54.53
7,30,1,49,0.18949,0.77501,43.94
7,30,1,50,0.1889,0.76822,53.53
7,30,1,51,0.18821,0.76207,56.94
7,30,1,52,0.18837,0.76084,49.13
7,30,1,53,0.18839,0.76378,95.8
7,30,1,54,0.1882,0.76514,102.41
7,30,1,55,0.18787,0.76813,86.11
7,30,1,56,0.18789,0.77003,64.04
7,30,1,57,0.18839,0.77356,61.59
7,30,1,58,0.18904,0.77985,67.56
7,30,1,59,0.18984,0.78423,80.46
7,30,1,60,0.19068,0.78897,74.79
7,30,1,61,0.19135,0.79002,87.69
7,30,1,62,0.19089,0.78772,87.49
7,30,1,63,0.19043,0.78329,59.57
7,30,1,64,0.19032,0.7804,99.77
7,30,1,65,0.19013,0.77888,91.31
7,30,1,66,0.19037,0.77769,41.27
7,30,1,67,0.1897,0.77375,58.43
7,30,1,68,0.18936,0.76911,53.85
7,30,1,69,0.18875,0.76109,45.44
7,30,1,70,0.18723,0.749,45.75
7,30,1,71,0.18559,0.73554,47.73
7,30,1,72,0.18412,0.73115,42.67
7,30,1,73,0.18285,0.73211,50.17
7,30,1,74,0.18156,0.73503,44.95
7,30,1,75,0.18054,0.73734,66.1
7,30,1,76,0.18011,0.73731,90.36
7,30,1,77,0.1795,0.73799,56.7
7,30,1,78,0.17947,0.74047,46.91
7,30,1,79,0.17901,0.74152,42.69
7,30,1,80,0.17878,0.74125,60.0
7,30,1,81,0.17817,0.74106,57.23
7,30,1,82,0.17777,0.7406,54.97
7,30,1,83,0.17782,0.74014,55.26
7,30,1,84,0.17699,0.73666,49.21
7,30,1,85,0.17697,0.73516,49.43
7,30,1,86,0.17701,0.73327,55.55
7,30,1,87,0.1777,0.73255,53.31
7,30,1,88,0.17848,0.73478,43.21
7,30,1,89,0.17927,0.73793,80.14
7,30,1,90,0.18049,0.74262,87.74
7,30,1,91,0.1811,0.74531,94.6
7,30,1,92,0.18226,0.7527,54.86
7,30,1,93,0.18277,0.75977,57.9
7,30,1,94,0.1829,0.76419,61.26
7,30,1,95,0.18335,0.77314,47.39
7,30,1,96,0.18308,0.78192,45.25
7,30,1,97,0.18308,0.78527,41.82
7,30,1,98,0.18316,0.78558,40.06
7,30,1,99,0.18223,0.7821,85.44
7,30,1,100,0.18187,0.7799,57.1
7,30,1,101,0.18164,0.77957,44.74
7,30,1,102,0.18219,0.77816,51.87
7,30,1,103,0.18262,0.77573,46.99
7,30,1,104,0.18321,0.77247,62.48
7,30,1,105,0.18328,0.76496,49.06
7,30,1,106,0.1829,0.75437,45.57
7,30,1,107,0.18234,0.74513,56.03
7,30,1,108,0.18174,0.73829,49.33
7,30,1,109,0.18135,0.73215,80.84
7,30,1,110,0.18083,0.72954,56.01
7,30,1,111,0.18066,0.7289,56.79
7,30,1,112,0.1802,0.72794,47.62
7,30,1,113,0.1796,0.72612,37.67
7,30,1,114,0.17893,0.72141,62.08
7,30,1,115,0.1785,0.71724,42.48
7,30,1,116,0.17813,0.71399,39.71
7,30,1,117,0.17762,0.71453,37.99
7,30,1,118,0.17726,0.71575,77.47
7,30,1,119,0.1763,0.71744,58.33
7,30,1,120,0.17569,0.71969,49.56
7,30,1,121,0.1752,0.7239,69.06
7,30,1,122,0.17522,0.72866,57.04
7,30,1,123,0.17511,0.73271,68.5
7,30,1,124,0.17492,0.73644,94.04
7,30,1,125,0.17521,0.74009,64.3
7,30,1,126,0.17514,0.73938,55.62
7,30,1,127,0.17518,0.73722,51.84
7,30,1,128,0.1746,0.73655,56.89
7,30,1,129,0.17376,0.73872,40.94
7,30,1,130,0.17277,0.74,46.99
7,30,1,131,0.17256,0.73987,71.72
7,30,1,132,0.1729,0.7394,74.75
7,30,1,133,0.17344,0.73497,62.43
7,30,1,134,0.17401,0.73018,54.59
7,30,1,135,0.1743,0.72723,63.84
7,30,2,0,0.17729,0.72401,42.42
7,30,2,1,0.1782,0.72169,62.16
7,30,2,2,0.17913,0.7205,58.28
7,30,2,3,0.17869,0.72136,69.91
7,30,2,4,0.17833,0.72197,54.84
7,30,2,5,0.17778,0.72283,46.26
7,30,2,6,0.17816,0.72407,44.13
7,30,2,7,0.17886,0.72439,60.31
7,30,2,8,0.17982,0.72667,62.92
7,30,2,9,0.18087,0.72904,46.0
7,30,2,10,0.18201,0.73203,44.8
7,30,2,11,0.18241,0.73378,83.42
7,30,2,12,0.18244,0.73657,59.99
7,30,2,13,0.1824,0.7373,51.07
7,30,2,14,0.18202,0.73618,38.23
7,30,2,15,0.18195,0.7341,55.08
7,30,2,16,0.18247,0.73936,39.5
7,30,2,17,0.18262,0.74659,41.7
7,30,2,18,0.1825,0.75296,54.15
7,30,2,19,0.1822,0.75989,52.81
7,30,2,20,0.18119,0.76344,89.06
7,30,2,21,0.17979,0.76137,59.14
7,30,2,22,0.17825,0.75224,65.34
7,30,2,23,0.17704,0.7477,88.95
7,30,2,24,0.17653,0.74692,48.62
7,30,2,25,0.17637,0.74433,48.96
7,30,2,26,0.17663,0.74474,56.96
7,30,2,27,0.17718,0.74762,41.25
7,30,2,28,0.17754,0.74697,55.1
7,30,2,29,0.17867,0.74781,60.71
7,30,2,30,0.17928,0.74628,49.09
7,30,2,31,0.17964,0.74593,53.25
7,30,2,32,0.18002,0.74622,51.31
7,30,2,33,0.18052,0.74276,47.28
7,30,2,34,0.1815,0.73899,42.19
7,30,2,35,0.18256,0.73622,75.17
7,30,2,36,0.18308,0.73309,76.46
7,30,2,37,0.18279,0.73143,75.05
7,30,2,38,0.18274,0.72885,50.5
7,30,2,39,0.1823,0.72837,48.58
7,30,2,40,0.18222,0.73094,75.58
7,30,2,41,0.18201,0.73215,81.09
7,30,2,42,0.18255,0.73492,47.27
7,30,2,43,0.18304,0.73783,72.99
7,30,2,44,0.1834,0.73995,77.97
7,30,2,45,0.18339,0.74212,41.94
7,30,2,46,0.1834,0.74447,48.55
7,30,2,47,0.18293,0.74492,85.97
7,30,2,48,0.18198,0.74671,82.63
7,30,2,49,0.18182,0.7482,58.27
7,30,2,50,0.18155,0.7447,44.86
7,30,2,51,0.18129,0.73997,47.33
7,30,2,52,0.18116,0.73545,46.93
7,30,2,53,0.18095,0.73326,55.8
7,30,2,54,0.18032,0.72848,61.25
7,30,2,55,0.17972,0.72338,112.04
7,30,2,56,0.17908,0.72024,104.06
7,30,2,57,0.17888,0.71637,98.28
7,30,2,58,0.17926,0.71053,80.33
7,30,2,59,0.1797,0.70411,52.11
7,30,2,60,0.17999,0.6947,41.34
7,30,2,61,0.18072,0.69094,50.58
7,30,2,62,0.18122,0.68709,53.72
7,30,2,63,0.18117,0.68727,64.59
7,30,2,64,0.181,0.68827,68.96
7,30,2,65,0.18103,0.68915,118.14
7,30,2,66,0.18085,0.68834,105.64
7,30,2,67,0.18053,0.68699,101.53
7,30,2,68,0.18054,0.68274,97.96
7,30,2,69,0.18075,0.67884,101.33
7,30,2,70,0.18111,0.6742,52.29
7,30,2,71,0.18121,0.66575,52.61
7,30,2,72,0.18205,0.66229,50.06
7,30,2,73,0.18233,0.66209,48.79
7,30,2,74,0.18211,0.66139,43.8
7,30,2,75,0.1819,0.66159,55.25
7,30,2,76,0.18147,0.6641,37.71
7,30,2,77,0.18084,0.66482,56.3
7,30,2,78,0.1806,0.66645,70.84
7,30,2,79,0.18082,0.66912,44.23
7,30,2,80,0.18075,0.67098,45.1
7,30,2,81,0.18013,0.67063,52.33
7,30,2,82,0.1799,0.67118,38.47
7,30,2,83,0.18018,0.6726,57.84
7,30,2,84,0.18119,0.68296,50.59
7,30,2,85,0.1814,0.69211,42.81
7,30,2,86,0.18185,0.69767,67.71
7,30,2,87,0.18247,0.70064,89.09
7,30,2,88,0.18297,0.70208,87.64
7,30,2,89,0.18356,0.70446,53.99
7,30,2,90,0.18419,0.7077,50.3
7,30,2,91,0.18365,0.70394,48.0
7,30,2,92,0.18308,0.70308,42.1
7,30,2,93,0.18334,0.70662,85.19
7,30,2,94,0.18336,0.70841,82.48
7,30,2,95,0.18315,0.70897,64.25
7,30,2,96,0.18354,0.7108,63.83
7,30,2,97,0.18364,0.71323,40.18
7,30,2,98,0.18386,0.71624,50.79
7,30,2,99,0.18436,0.71602,69.09
7,30,2,100,0.18459,0.71462,54.33
7,30,2,101,0.18557,0.71504,60.45
7,30,2,102,0.18625,0.7162,75.97
7,30,2,103,0.18646,0.71863,47.24
7,30,2,104,0.18668,0.72215,69.13
7,30,2,105,0.18609,0.72276,98.32
7,30,2,106,0.18601,0.72333,58.7
7,30,3,0,0.18555,0.72118,99.27
7,30,3,1,0.18537,0.71788,73.92
7,30,3,2,0.18539,0.71642,59.05
7,30,3,3,0.18548,0.71511,57.02
7,30,3,4,0.18523,0.71427,71.4
7,30,3,5,0.18549,0.71187,53.04
7,30,3,6,0.18564,0.70667,76.45
7,30,3,7,0.18519,0.70009,42.33
7,30,3,8,0.18475,0.69745,45.72
7,30,3,9,0.18411,0.70024,53.61
7,30,3,10,0.18354,0.70077,43.87
7,30,3,11,0.18263,0.70015,70.1
7,30,3,12,0.18266,0.69966,52.05
7,30,3,13,0.18262,0.69846,39.03
7,30,3,14,0.18285,0.70102,41.25
7,30,3,15,0.18316,0.70465,75.2
7,30,3,16,0.18344,0.70849,58.15
7,30,3,17,0.1834,0.71428,84.8
7,30,3,18,0.18324,0.71659,60.56
7,30,3,19,0.18402,0.72084,38.14
7,30,3,20,0.18375,0.7197,92.51
7,30,3,21,0.18299,0.71822,62.96
7,30,3,22,0.18179,0.7177,52.21
7,30,3,23,0.18076,0.71874,36.09
7,30,3,24,0.17965,0.7188,71.89
7,30,3,25,0.17865,0.7184,49.73
7,30,3,26,0.17741,0.72148,66.14
7,30,3,27,0.17632,0.72129,56.79
7,30,3,28,0.17596,0.71669,96.83
7,30,3,29,0.17602,0.71238,86.59
7,30,3,30,0.17633,0.70605,92.47
7,30,3,31,0.17671,0.70364,93.39
7,30,3,32,0.17711,0.70149,118.61
7,30,3,33,0.17771,0.69893,80.06
7,30,3,34,0.17828,0.69545,87.37
7,30,3,35,0.17918,0.69527,62.13
7,30,3,36,0.18023,0.69778,47.95
7,30,3,37,0.18064,0.70061,48.8
7,30,3,38,0.18084,0.70478,49.39
7,30,3,39,0.18165,0.71001,47.49
7,30,3,40,0.18216,0.71304,52.65
7,30,3,41,0.18267,0.71517,63.03
7,30,3,42,0.18273,0.71741,82.04
7,30,3,43,0.18249,0.71712,83.95
7,30,3,44,0.18218,0.71217,76.06
7,30,3,45,0.18182,0.70606,43.42
7,30,3,46,0.18139,0.7005,45.48
7,30,3,47,0.18115,0.70034,53.6
7,30,3,48,0.18132,0.70388,50.1
7,30,3,49,0.18066,0.70681,85.23
7,30,3,50,0.18005,0.70859,52.21
7,30,3,51,0.17933,0.71099,50.91
7,30,3,52,0.1785,0.70798,86.66
7,30,3,53,0.17843,0.70457,65.19
7,30,3,54,0.17835,0.70112,84.01
7,30,3,55,0.17858,0.6995,51.98
7,30,3,56,0.17876,0.69827,82.35
7,30,3,57,0.17885,0.69915,52.5
7,30,3,58,0.17901,0.6963,76.16
7,30,3,59,0.17936,0.69595,58.18
7,30,3,60,0.17924,0.69374,106.34
7,30,3,61,0.1789,0.69095,87.4
7,30,3,62,0.17806,0.68989,94.05
7,30,3,63,0.17739,0.68787,73.73
7,30,3,64,0.1771,0.68528,64.96
7,30,3,65,0.17686,0.68206,55.87
7,30,3,66,0.17675,0.68283,50.56
7,30,3,67,0.17654,0.68326,86.23
7,30,3,68,0.17624,0.68458,76.09
7,30,3,69,0.17586,0.68536,45.95
7,30,3,70,0.1755,0.68632,41.01
7,30,3,71,0.17544,0.69156,50.18
7,30,3,72,0.17524,0.69828,54.05
7,30,3,73,0.17501,0.70196,77.33
7,30,3,74,0.17512,0.70027,38.25
7,30,3,75,0.17498,0.69946,79.31
7,30,3,76,0.17487,0.70005,65.28
7,30,3,77,0.17439,0.7037,93.5
7,30,3,78,0.17434,0.70918,83.99
7,30,3,79,0.17447,0.71604,53.3
7,30,3,80,0.17509,0.72593,76.86
7,30,3,81,0.1753,0.72935,57.66
7,30,3,82,0.17537,0.73174,74.16
7,30,3,83,0.17523,0.73067,95.09
7,30,3,84,0.17558,0.7286,81.12
7,30,3,85,0.17598,0.72723,46.5
7,30,3,86,0.17678,0.72623,57.99
7,30,3,87,0.17737,0.72097,48.52
7,30,3,88,0.1773,0.7218,57.14
7,30,3,89,0.17729,0.72539,50.31
7,30,3,90,0.17755,0.73423,49.56
7,30,3,91,0.17798,0.74431,51.2
7,30,3,92,0.17826,0.75599,42.07
7,30,3,93,0.17797,0.76575,39.76
7,30,3,94,0.17758,0.76775,44.7
7,30,3,95,0.17638,0.76828,51.54
7,30,3,96,0.17547,0.77028,63.01
7,30,3,97,0.1749,0.76965,52.14
7,30,3,98,0.1736,0.76684,44.99
7,30,3,99,0.17297,0.76424,51.6
7,30,3,100,0.172,0.75968,39.07
7,30,3,101,0.17107,0.7545,41.02
7,30,3,102,0.16998,0.74886,51.5
7,30,4,0,0.16803,0.7371,43.22
7,30,4,1,0.16854,0.73677,45.17
7,30,4,2,0.16902,0.73814,46.93
7,30,4,3,0.16939,0.74122,61.08
7,30,4,4,0.16975,0.74771,83.85
7,30,4,5,0.16989,0.75089,56.2
7,30,4,6,0.16995,0.75182,36.39
7,30,4,7,0.17019,0.75048,95.71
7,30,4,8,0.17064,0.74822,80.07
7,30,4,9,0.17136,0.74292,50.99
7,30,4,10,0.17184,0.73669,51.54
7,30,4,11,0.17202,0.7254,56.11
7,30,4,12,0.1723,0.71584,44.72
7,30,4,13,0.1721,0.71101,43.37
7,30,4,14,0.17175,0.7088,44.51
7,30,4,15,0.17176,0.71174,44.97
7,30,4,16,0.17185,0.71625,74.77
7,30,4,17,0.17142,0.72111,30.03
7,30,4,18,0.17134,0.72758,54.32
7,30,4,19,0.17156,0.73334,41.78
7,30,4,20,0.17181,0.73577,46.72
7,30,4,21,0.17195,0.73955,45.41
7,30,4,22,0.17202,0.74554,68.59
7,30,4,23,0.17224,0.75782,41.95
7,30,4,24,0.17294,0.76771,53.73
7,30,4,25,0.17448,0.77281,45.74
7,30,4,26,0.17599,0.77855,54.05
7,30,4,27,0.17722,0.78335,40.48
7,30,4,28,0.17789,0.78559,57.78
7,30,4,29,0.17747,0.78715,57.59
7,30,4,30,0.17716,0.7864,56.96
7,30,4,31,0.17701,0.78271,90.6
7,30,4,32,0.17694,0.77726,90.94
7,30,4,33,0.17681,0.7722,89.18
7,30,4,34,0.17684,0.77066,94.87
7,30,4,35,0.17642,0.77026,81.72
7,30,4,36,0.17534,0.77029,55.2
7,30,4,37,0.17408,0.77229,86.83
7,30,4,38,0.1741,0.7753,59.5
7,30,4,39,0.17461,0.77558,78.08
7,30,4,40,0.17499,0.77067,47.54
7,30,4,41,0.17503,0.76421,111.87
7,30,4,42,0.17518,0.75621,63.58
7,30,4,43,0.17571,0.7479,82.04
7,30,4,44,0.17654,0.73971,63.31
7,30,4,45,0.17711,0.73248,56.35
7,30,4,46,0.17698,0.71869,44.21
7,30,4,47,0.17659,0.70781,64.12
7,30,4,48,0.17645,0.70255,47.14
7,30,4,49,0.17624,0.69812,52.35
7,30,4,50,0.1763,0.69704,70.42
7,30,4,51,0.17678,0.70221,114.44
7,30,4,52,0.17719,0.70852,129.85
7,30,4,53,0.17752,0.71554,96.47
7,30,4,54,0.17776,0.72442,75.61
7,30,4,55,0.17833,0.72877,42.81
7,30,4,56,0.17914,0.73025,113.74
7,30,4,57,0.17995,0.72473,64.59
7,30,4,58,0.18033,0.72011,86.52
7,30,4,59,0.18056,0.71501,68.16
7,30,4,60,0.18044,0.71232,116.75
7,30,4,61,0.18039,0.71141,66.28
7,30,4,62,0.17958,0.71432,102.73
7,30,4,63,0.17907,0.71657,61.93
7,30,4,64,0.17885,0.71878,54.15
7,30,4,65,0.17837,0.71994,41.38
7,30,4,66,0.17734,0.72425,53.9
7,30,4,67,0.17696,0.72946,56.22
7,30,4,68,0.17626,0.73734,52.99
7,30,4,69,0.17573,0.74527,52.88
7,30,4,70,0.17486,0.74678,76.94
7,30,4,71,0.17434,0.74854,72.17
7,30,4,72,0.17434,0.75186,72.73
7,30,4,73,0.17458,0.75659,80.25
7,30,4,74,0.17493,0.76299,56.48
7,30,4,75,0.17563,0.77188,75.35
7,30,4,76,0.17606,0.77816,47.75
7,30,4,77,0.17667,0.7819,49.01
7,30,4,78,0.17637,0.78263,77.22
7,30,4,79,0.17612,0.78216,64.61
7,30,4,80,0.17595,0.78529,53.0
7,30,4,81,0.176,0.78841,44.21
7,30,4,82,0.17711,0.7902,53.3
7,30,4,83,0.17733,0.78741,43.57
7,30,4,84,0.17759,0.78199,48.53
7,30,4,85,0.17777,0.77777,49.87
7,30,4,86,0.17756,0.777,42.81
7,30,4,87,0.17691,0.77715,54.16
7,30,5,0,0.17664,0.78182,106.43
7,30,5,1,0.17711,0.7824,64.41
7,30,5,2,0.17805,0.7834,53.7
7,30,5,3,0.17846,0.78263,82.32
7,30,5,4,0.17865,0.78365,48.04
7,30,5,5,0.17876,0.77991,97.22
7,30,5,6,0.17815,0.77408,93.84
7,30,5,7,0.17714,0.76466,53.5
7,30,5,8,0.17659,0.75509,44.72
7,30,5,9,0.17638,0.75196,59.05
7,30,5,10,0.1759,0.7435,92.34
7,30,5,11,0.1753,0.73913,57.77
7,30,5,12,0.17522,0.73208,46.25
7,30,5,13,0.17506,0.7286,73.36
7,30,5,14,0.17489,0.72733,57.88
7,30,5,15,0.17484,0.72983,49.37
7,30,5,16,0.1747,0.73166,59.35
7,30,5,17,0.17446,0.72912,92.51
7,30,5,18,0.17428,0.72608,96.5
7,30,5,19,0.17417,0.724,76.02
7,30,5,20,0.17434,0.72152,76.07
7,30,5,21,0.17519,0.7225,61.85
7,30,5,22,0.17581,0.72211,45.79
7,30,5,23,0.17572,0.72064,42.05
7,30,5,24,0.17555,0.72079,39.64
7,30,5,25,0.17544,0.72516,74.45
7,30,5,26,0.17513,0.73211,50.38
7,30,5,27,0.17519,0.73774,100.64
7,30,5,28,0.17535,0.74097,61.32
7,30,5,29,0.17527,0.73744,57.86
7,30,5,30,0.17568,0.73741,45.18
7,30,5,31,0.17664,0.73765,37.74
7,30,5,32,0.17755,0.73855,46.11
7,30,5,33,0.17848,0.73593,39.04
7,30,5,34,0.17887,0.73093,50.25
7,30,5,35,0.17869,0.72383,43.46
7,30,5,36,0.17799,0.72019,48.38
7,30,5,37,0.17669,0.71535,50.53
7,30,5,38,0.17611,0.71141,51.08
7,30,5,39,0.17607,0.70944,38.12
7,30,5,40,0.17648,0.70763,55.6
7,30,5,41,0.17636,0.70518,70.23
7,30,5,42,0.17658,0.70379,83.64
7,30,5,43,0.17652,0.70379,98.99
7,30,5,44,0.17596,0.70663,57.07
7,30,5,45,0.17605,0.70906,86.43
7,30,5,46,0.17596,0.71053,79.57
7,30,5,47,0.17569,0.71131,58.75
7,30,5,48,0.17536,0.71512,57.51
7,30,5,49,0.1751,0.71419,71.3
7,30,5,50,0.17521,0.71237,44.34
7,30,5,51,0.17523,0.71107,96.15
7,30,5,52,0.1746,0.71103,50.77
7,30,5,53,0.17444,0.71174,47.74
7,30,5,54,0.17405,0.71214,73.35
7,30,5,55,0.1732,0.7115,106.98
7,30,5,56,0.17249,0.71497,98.43
7,30,5,57,0.17244,0.72269,73.67
7,30,5,58,0.17224,0.73786,54.77
7,30,5,59,0.17229,0.74291,50.48
7,30,5,60,0.17224,0.7426,47.78
7,30,5,61,0.17138,0.74037,98.61
7,30,5,62,0.17049,0.73929,87.68
7,30,5,63,0.16972,0.73973,76.85
7,30,5,64,0.16819,0.74462,46.26
7,30,5,65,0.16745,0.74374,81.92
7,30,5,66,0.16698,0.74882,56.85
7,30,5,67,0.16642,0.75672,57.42
7,30,5,68,0.16692,0.76657,54.8
7,30,5,69,0.16681,0.7668,56.34
7,30,5,70,0.16681,0.76425,51.47
7,30,5,71,0.16645,0.75689,45.81
7,30,5,72,0.16601,0.75016,53.13
7,30,5,73,0.16538,0.7473,49.87
7,30,5,74,0.16449,0.74686,51.5
7,30,5,75,0.16356,0.75366,84.23
7,30,5,76,0.16306,0.75672,55.14
7,30,5,77,0.16305,0.75769,47.03
7,30,5,78,0.16311,0.75764,51.72
7,30,5,79,0.16376,0.75716,56.0
7,30,5,80,0.16475,0.75954,57.47
7,30,5,81,0.16564,0.76199,102.53
7,30,5,82,0.16619,0.76392,85.06
7,30,5,83,0.16615,0.76493,53.81
7,30,5,84,0.16604,0.76853,58.46
7,30,5,85,0.16585,0.77529,43.32
7,30,5,86,0.16535,0.77924,51.07
7,30,5,87,0.16458,0.78136,42.97
7,30,5,88,0.16391,0.78244,49.03
7,30,5,89,0.16333,0.7824,38.55
7,30,5,90,0.16387,0.78676,55.57
7,30,5,91,0.16532,0.7961,44.82
7,30,5,92,0.1659,0.80394,50.55
7,30,5,93,0.1658,0.80912,55.53
7,30,5,94,0.16591,0.81216,42.55
7,30,5,95,0.16626,0.81399,44.94
7,30,5,96,0.16626,0.81569,47.34
7,30,5,97,0.1666,0.81456,51.86
7,30,5,98,0.16749,0.81451,54.85
7,30,5,99,0.16799,0.8148,73.13
7,30,5,100,0.16794,0.8174,66.15
7,30,5,101,0.16841,0.82365,67.54
7,30,5,102,0.16836,0.82261,53.16
7,30,5,103,0.16843,0.81889,54.97
7,30,5,104,0.16835,0.81473,66.17
7,30,5,105,0.16825,0.80921,53.91
7,30,5,106,0.16852,0.80407,89.74
7,30,5,107,0.16856,0.79915,47.59
7,30,5,108,0.16833,0.79103,49.44
7,30,5,109,0.16877,0.786,44.68
7,30,5,110,0.16923,0.78282,81.28
7,30,5,111,0.16935,0.78099,44.86
7,30,5,112,0.1698,0.77813,99.68
7,30,5,113,0.1701,0.77482,95.69
7,30,5,114,0.17058,0.77191,48.94
7,30,5,115,0.17148,0.76939,58.28
7,30,5,116,0.17178,0.77205,34.33
7,30,5,117,0.17149,0.77239,95.01
7,30,5,118,0.17087,0.7672,82.29
7,30,5,119,0.1703,0.76278,54.31
7,30,5,120,0.17025,0.76479,60.24
7,30,5,121,0.17012,0.76717,59.03
7,30,5,122,0.17039,0.76685,46.32
7,30,5,123,0.17073,0.76717,45.96
7,30,5,124,0.17095,0.76565,56.38
7,30,5,125,0.17079,0.76265,60.2
7,30,5,126,0.17093,0.76219,64.54
7,30,5,127,0.1714,0.76473,92.79
7,30,5,128,0.17213,0.76602,71.04
7,30,5,129,0.17259,0.76545,101.94
7,30,5,130,0.17306,0.76772,48.96
7,30,5,131,0.17356,0.76733,65.97
7,30,5,132,0.1734,0.76754,48.22
7,30,5,133,0.17349,0.76851,55.25
7,30,5,134,0.17423,0.77028,59.66
7,30,5,135,0.17438,0.77174,47.52
7,30,5,136,0.1741,0.77727,66.54
7,30,5,137,0.17433,0.78421,41.82
7,30,5,138,0.17536,0.79321,51.65
7,30,5,139,0.17549,0.79758,56.69
7,30,5,140,0.17605,0.79832,42.98
7,30,5,141,0.17596,0.79674,88.51
7,30,5,142,0.1754,0.79193,61.52
7,30,5,143,0.17442,0.77934,47.85
8,30,1,0,0.47103,0.78552,67.37
8,30,1,1,0.47129,0.78304,54.85
8,30,1,2,0.47074,0.78294,84.2
8,30,1,3,0.4704,0.78568,88.26
8,30,1,4,0.47001,0.7946,82.92
8,30,1,5,0.46941,0.80166,57.36
8,30,1,6,0.46902,0.80653,67.54
8,30,1,7,0.4691,0.80949,42.56
8,30,1,8,0.46937,0.80874,51.79
8,30,1,9,0.46971,0.80476,75.99
8,30,1,10,0.47006,0.80175,56.75
8,30,1,11,0.47047,0.79894,54.46
8,30,1,12,0.47012,0.79449,54.23
8,30,1,13,0.46979,0.78758,46.03
8,30,1,14,0.46947,0.78178,46.02
8,30,1,15,0.46922,0.77864,39.0
8,30,1,16,0.46963,0.77538,68.42
8,30,1,17,0.47022,0.77344,71.12
8,30,1,18,0.47101,0.7724,46.54
8,30,1,19,0.47142,0.76943,80.56
8,30,1,20,0.47091,0.77057,53.31
8,30,1,21,0.46943,0.77061,56.34
8,30,1,22,0.46774,0.77102,57.42
8,30,1,23,0.46576,0.7737,48.14
8,30,1,24,0.4644,0.77715,57.19
8,30,1,25,0.46351,0.783,50.31
8,30,1,26,0.46266,0.78751,50.31
8,30,1,27,0.46152,0.78779,55.74
8,30,1,28,0.46048,0.78586,83.57
8,30,1,29,0.45932,0.78164,62.94
8,30,1,30,0.45832,0.77617,65.58
8,30,1,31,0.4575,0.76676,64.26
8,30,1,32,0.45695,0.75555,54.85
8,30,1,33,0.45629,0.74772,50.16
8,30,1,34,0.45564,0.74478,49.36
8,30,1,35,0.45539,0.74437,52.78
8,30,1,36,0.45535,0.74414,53.07
8,30,1,37,0.45547,0.7472,51.13
8,30,1,38,0.45633,0.74802,56.85
8,30,1,39,0.45672,0.74911,43.99
8,30,1,40,0.4572,0.74914,54.86
8,30,1,41,0.45728,0.74491,79.27
8,30,1,42,0.45799,0.74291,53.48
8,30,1,43,0.45862,0.74032,54.58
8,30,1,44,0.45897,0.73818,53.33
8,30,1,45,0.45896,0.73608,49.6
8,30,1,46,0.45935,0.73712,47.93
8,30,1,47,0.45982,0.7374,43.98
8,30,1,48,0.46001,0.73677,49.28
8,30,1,49,0.46085,0.73674,44.07
8,30,1,50,0.46176,0.74012,43.21
8,30,1,51,0.4636,0.74309,46.91
8,30,1,52,0.4658,0.74714,53.47
8,30,1,53,0.46776,0.75181,99.07
8,30,1,54,0.4693,0.75732,58.02
8,30,1,55,0.47003,0.76249,49.27
8,30,1,56,0.47051,0.76581,45.57
8,30,1,57,0.47075,0.76715,63.5
8,30,1,58,0.47153,0.76724,76.07
8,30,1,59,0.47264,0.76688,46.54
8,30,1,60,0.47375,0.76497,67.05
8,30,1,61,0.47448,0.76662,52.91
8,30,1,62,0.47421,0.7687,51.39
8,30,1,63,0.47408,0.77271,104.24
8,30,1,64,0.4738,0.77468,98.22
8,30,1,65,0.4737,0.77463,92.49
8,30,1,66,0.47385,0.77306,59.78
8,30,1,67,0.47394,0.76677,36.51
8,30,1,68,0.47343,0.76354,55.67
8,30,1,69,0.47287,0.7672,62.48
8,30,1,70,0.4725,0.76374,51.85
8,30,1,71,0.4728,0.76372,50.61
8,30,1,72,0.47371,0.76323,49.85
8,30,1,73,0.47437,0.76245,35.02
8,30,1,74,0.47477,0.76228,44.43
8,30,1,75,0.47505,0.7634,48.81
8,30,1,76,0.47493,0.76352,86.98
8,30,1,77,0.47419,0.76237,58.63
8,30,1,78,0.47341,0.76136,58.89
8,30,1,79,0.47321,0.76367,54.45
8,30,1,80,0.4731,0.76808,43.56
8,30,1,81,0.47324,0.76821,47.71
8,30,1,82,0.47332,0.76755,52.24
8,30,1,83,0.47328,0.76543,49.43
8,30,1,84,0.47342,0.76191,54.38
8,30,1,85,0.47377,0.75923,56.1
8,30,1,86,0.47364,0.75618,47.94
8,30,1,87,0.47352,0.75312,45.2
8,30,1,88,0.4733,0.75517,86.0
8,30,1,89,0.47298,0.75828,53.62
8,30,1,90,0.47249,0.76349,39.0
8,30,1,91,0.47181,0.76721,85.17
8,30,1,92,0.47119,0.77036,53.48
8,30,1,93,0.47069,0.77376,41.89
8,30,1,94,0.47015,0.77629,65.56
8,30,1,95,0.46968,0.77626,96.62
8,30,1,96,0.4694,0.77916,76.84
8,30,2,0,0.46769,0.78571,68.44
8,30,2,1,0.46743,0.78629,90.95
8,30,2,2,0.46752,0.78731,65.55
8,30,2,3,0.46775,0.78847,55.43
8,30,2,4,0.46803,0.78642,38.98
8,30,2,5,0.46848,0.77973,53.99
8,30,2,6,0.46911,0.77218,40.6
8,30,2,7,0.46946,0.76559,66.58
8,30,2,8,0.47026,0.75845,68.4
8,30,2,9,0.47078,0.7531,49.31
8,30,2,10,0.47088,0.75654,53.87
8,30,2,11,0.47111,0.76645,40.39
8,30,2,12,0.47082,0.7702,57.48
8,30,2,13,0.47013,0.77232,42.27
8,30,2,14,0.46975,0.77323,50.84
8,30,2,15,0.46927,0.77364,59.14
8,30,2,16,0.4685,0.77335,75.78
8,30,2,17,0.46782,0.77353,129.83
8,30,2,18,0.46764,0.77713,101.16
8,30,2,19,0.46737,0.77803,47.33
8,30,2,20,0.46741,0.77953,82.72
8,30,2,21,0.46737,0.77832,52.7
8,30,2,22,0.46693,0.7723,86.36
8,30,2,23,0.46665,0.7687,80.86
8,30,2,24,0.46633,0.76668,83.96
8,30,2,25,0.46622,0.76605,48.64
8,30,2,26,0.46599,0.76507,43.47
8,30,2,27,0.46599,0.76899,45.55
8,30,2,28,0.46648,0.76737,81.31
8,30,2,29,0.46745,0.76376,61.57
8,30,2,30,0.46872,0.75831,89.39
8,30,2,31,0.47015,0.756,46.83
8,30,2,32,0.47075,0.75555,52.62
8,30,2,33,0.47082,0.75539,51.14
8,30,2,34,0.47045,0.75502,43.21
8,30,2,35,0.46995,0.75546,45.84
8,30,2,36,0.47036,0.75496,51.5
8,30,2,37,0.47092,0.75669,67.59
8,30,2,38,0.47098,0.75608,51.32
8,30,2,39,0.47125,0.75471,71.41
8,30,2,40,0.47149,0.75609,53.75
8,30,2,41,0.47116,0.76016,43.57
8,30,2,42,0.47108,0.76387,42.75
8,30,2,43,0.47057,0.76946,97.83
8,30,2,44,0.47053,0.77392,89.53
8,30,2,45,0.47039,0.77993,81.33
8,30,2,46,0.47028,0.78853,47.24
8,30,2,47,0.47052,0.79028,58.45
8,30,2,48,0.47063,0.79079,81.77
8,30,2,49,0.47079,0.79262,46.52
8,30,2,50,0.4714,0.79627,54.83
8,30,2,51,0.47215,0.79659,51.71
8,30,2,52,0.47287,0.79397,51.08
8,30,2,53,0.47309,0.79061,58.28
8,30,2,54,0.47288,0.78993,67.44
8,30,2,55,0.47234,0.79045,50.4
8,30,2,56,0.47166,0.79209,112.7
8,30,2,57,0.47083,0.79536,109.34
8,30,2,58,0.47037,0.79846,104.97
8,30,2,59,0.47012,0.80135,88.65
8,30,2,60,0.46992,0.80368,53.38
8,30,2,61,0.46958,0.80468,61.71
8,30,2,62,0.46984,0.80811,66.55
8,30,2,63,0.47023,0.81067,92.77
8,30,2,64,0.47118,0.80905,68.42
8,30,2,65,0.47299,0.80278,72.07
8,30,2,66,0.47442,0.79679,52.69
8,30,2,67,0.47564,0.7935,70.6
8,30,2,68,0.4768,0.79153,46.54
8,30,2,69,0.47769,0.79027,44.32
8,30,2,70,0.47762,0.78704,85.99
8,30,2,71,0.47763,0.78339,87.7
8,30,2,72,0.47749,0.78305,50.76
8,30,2,73,0.47726,0.78396,94.07
8,30,2,74,0.47692,0.78375,63.56
8,30,2,75,0.47701,0.78066,38.4
8,30,2,76,0.47687,0.77585,39.83
8,30,2,77,0.47671,0.773,50.53
8,30,2,78,0.47722,0.77388,58.92
8,30,2,79,0.47735,0.7727,57.36
8,30,2,80,0.47724,0.77193,55.25
8,30,2,81,0.47723,0.77218,62.28
8,30,2,82,0.47711,0.77463,81.02
8,30,2,83,0.4773,0.77722,62.43
8,30,2,84,0.47802,0.78165,58.84
8,30,2,85,0.47749,0.7836,55.87
8,30,2,86,0.47729,0.78594,57.83
8,30,2,87,0.47691,0.79006,56.82
8,30,2,88,0.47621,0.79214,44.84
8,30,2,89,0.47531,0.79076,43.59
8,30,2,90,0.47499,0.78926,59.24
8,30,2,91,0.47442,0.78422,55.46
8,30,2,92,0.47379,0.77713,47.78
8,30,2,93,0.47289,0.76637,49.02
8,30,2,94,0.4722,0.7603,62.6
8,30,2,95,0.47208,0.75685,63.25
8,30,2,96,0.47188,0.75312,74.15
8,30,2,97,0.47145,0.75228,44.52
8,30,2,98,0.47103,0.75121,42.11
8,30,2,99,0.47021,0.74853,53.98
8,30,2,100,0.46905,0.74726,55.94
8,30,2,101,0.46795,0.74909,37.14
8,30,2,102,0.46742,0.75222,104.08
8,30,2,103,0.46712,0.75899,57.39
8,30,2,104,0.46697,0.76651,53.94
8,30,2,105,0.4663,0.77275,49.84
8,30,2,106,0.46556,0.77196,43.96
8,30,2,107,0.46548,0.76698,47.69
8,30,2,108,0.46574,0.76323,50.03
8,30,2,109,0.46586,0.76033,91.0
8,30,2,110,0.46632,0.7598,56.29
8,30,2,111,0.46644,0.75949,57.87
8,30,2,112,0.46665,0.7573,49.77
8,30,2,113,0.46627,0.75667,53.18
8,30,2,114,0.46633,0.75889,40.35
8,30,2,115,0.46719,0.76683,43.76
8,30,3,0,0.46846,0.77983,53.47
8,30,3,1,0.46796,0.77761,47.89
8,30,3,2,0.46792,0.77272,53.45
8,30,3,3,0.46754,0.76487,63.14
8,30,3,4,0.46759,0.76053,42.8
8,30,3,5,0.46782,0.76,58.31
8,30,3,6,0.46799,0.7612,82.01
8,30,3,7,0.46836,0.76627,68.35
8,30,3,8,0.4689,0.77174,79.0
8,30,3,9,0.46964,0.78187,73.25
8,30,3,10,0.47042,0.79003,43.09
8,30,3,11,0.47124,0.79817,48.83
8,30,3,12,0.47144,0.80105,50.34
8,30,3,13,0.47148,0.79725,73.91
8,30,3,14,0.47115,0.78936,77.31
8,30,3,15,0.47082,0.781,45.97
8,30,3,16,0.47098,0.77823,48.63
8,30,3,17,0.47073,0.77356,41.88
8,30,3,18,0.47045,0.76859,50.64
8,30,3,19,0.47012,0.76468,49.8
8,30,3,20,0.46978,0.76418,80.6
8,30,3,21,0.46948,0.76737,63.07
8,30,3,22,0.46928,0.77438,48.61
8,30,3,23,0.46913,0.78214,39.17
8,30,3,24,0.46922,0.78609,54.27
8,30,3,25,0.46926,0.78703,36.22
8,30,3,26,0.46895,0.78751,49.04
8,30,3,27,0.46848,0.78596,65.57
8,30,3,28,0.46867,0.78321,42.67
8,30,3,29,0.4686,0.7832,48.14
8,30,3,30,0.46902,0.78575,47.06
8,30,3,31,0.46946,0.78528,52.87
8,30,3,32,0.46979,0.78246,52.9
8,30,3,33,0.47012,0.78104,51.66
8,30,3,34,0.46997,0.78117,50.5
8,30,3,35,0.46911,0.7813,46.11
8,30,3,36,0.4677,0.77991,51.84
8,30,3,37,0.46641,0.77703,33.41
8,30,3,38,0.46567,0.77257,57.99
8,30,3,39,0.46549,0.76852,84.67
8,30,3,40,0.46535,0.76396,52.01
8,30,3,41,0.46537,0.7593,46.7
8,30,3,42,0.46542,0.7578,42.61
8,30,3,43,0.46592,0.75824,51.4
8,30,3,44,0.46699,0.75627,66.77
8,30,3,45,0.46832,0.75804,75.72
8,30,3,46,0.469,0.75905,54.84
8,30,3,47,0.46979,0.75726,100.15
8,30,3,48,0.47033,0.75791,90.15
8,30,3,49,0.47063,0.76049,65.39
8,30,3,50,0.47092,0.76835,40.07
8,30,3,51,0.47118,0.78032,63.18
8,30,3,52,0.471,0.78511,68.82
8,30,3,53,0.47124,0.7869,91.79
8,30,3,54,0.47149,0.78783,55.83
8,30,3,55,0.47149,0.78953,49.18
8,30,3,56,0.47144,0.79788,71.05
8,30,3,57,0.47148,0.80389,63.96
8,30,3,58,0.47116,0.80444,88.53
8,30,3,59,0.47067,0.7969,91.64
8,30,3,60,0.46978,0.78007,64.64
8,30,3,61,0.46835,0.76332,63.85
8,30,3,62,0.4672,0.75311,84.1
8,30,3,63,0.46674,0.75247,50.17
8,30,3,64,0.46656,0.75905,79.05
8,30,3,65,0.46626,0.76767,69.14
8,30,3,66,0.4666,0.78106,55.09
8,30,3,67,0.46716,0.79345,52.9
8,30,3,68,0.46807,0.80092,60.05
8,30,3,69,0.46881,0.80253,63.57
8,30,3,70,0.46949,0.79903,69.06
8,30,3,71,0.46999,0.79239,57.66
8,30,3,72,0.47032,0.78852,47.31
8,30,3,73,0.47046,0.78942,55.43
8,30,3,74,0.47103,0.79356,42.6
8,30,3,75,0.47146,0.7995,57.39
8,30,3,76,0.47212,0.80344,50.94
8,30,3,77,0.47301,0.80582,47.42
8,30,3,78,0.47423,0.80652,62.17
8,30,3,79,0.47533,0.80495,63.99
8,30,3,80,0.47653,0.8045,83.77
8,30,3,81,0.47671,0.8032,81.25
8,30,3,82,0.47738,0.80514,43.07
8,30,3,83,0.47806,0.80597,50.16
8,30,3,84,0.47915,0.80708,43.08
8,30,3,85,0.47994,0.80732,54.74
8,30,3,86,0.481,0.80707,42.29
8,30,3,87,0.48141,0.80644,54.75
8,30,3,88,0.48222,0.8063,40.51
8,30,3,89,0.48288,0.80471,46.78
8,30,3,90,0.48346,0.79958,62.07
8,30,3,91,0.48409,0.79678,54.93
8,30,3,92,0.48454,0.79583,35.11
8,30,3,93,0.48506,0.7939,43.97
8,30,3,94,0.48528,0.79028,69.97
8,30,3,95,0.48535,0.78725,57.65
8,30,3,96,0.48519,0.7814,35.77
8,30,3,97,0.48485,0.77546,48.54
8,30,3,98,0.48448,0.77432,61.68
8,30,3,99,0.48415,0.7769,48.62
8,30,3,100,0.48403,0.77879,53.98
8,30,3,101,0.48396,0.77607,64.33
8,30,3,102,0.4836,0.77151,47.18
8,30,4,0,0.48169,0.76156,85.98
8,30,4,1,0.48031,0.76402,46.17
8,30,4,2,0.47911,0.76446,48.63
8,30,4,3,0.47773,0.76684,57.24
8,30,4,4,0.47695,0.76567,49.97
8,30,4,5,0.47669,0.7645,77.1
8,30,4,6,0.47621,0.76248,61.22
8,30,4,7,0.47596,0.76184,56.0
8,30,4,8,0.47593,0.76098,51.88
8,30,4,9,0.47631,0.75914,60.1
8,30,4,10,0.4762,0.75782,54.06
8,30,4,11,0.47599,0.75834,53.81
8,30,4,12,0.4761,0.76016,84.39
8,30,4,13,0.47657,0.76413,48.9
8,30,4,14,0.47704,0.76806,50.87
8,30,4,15,0.47742,0.77015,48.02
8,30,4,16,0.4777,0.77162,62.48
8,30,4,17,0.47822,0.77254,46.26
8,30,4,18,0.47798,0.77277,59.62
8,30,4,19,0.47773,0.76777,43.94
8,30,4,20,0.47822,0.76404,92.86
8,30,4,21,0.47854,0.76061,106.68
8,30,4,22,0.47877,0.75535,77.31
8,30,4,23,0.47841,0.74952,79.02
8,30,4,24,0.47804,0.74273,92.55
8,30,4,25,0.47711,0.73382,50.23
8,30,4,26,0.47676,0.72945,42.05
8,30,4,27,0.47691,0.72614,59.81
8,30,4,28,0.47696,0.72034,43.19
8,30,4,29,0.47725,0.71411,59.17
8,30,4,30,0.47763,0.70863,55.62
8,30,4,31,0.4779,0.70415,41.34
8,30,4,32,0.47838,0.70002,40.54
8,30,4,33,0.47833,0.69833,56.42
8,30,4,34,0.47879,0.70029,60.35
8,30,4,35,0.47917,0.70635,50.69
8,30,4,36,0.47905,0.71261,38.81
8,30,4,37,0.47904,0.71856,47.14
8,30,4,38,0.47885,0.72276,58.64
8,30,4,39,0.47868,0.72686,42.79
8,30,4,40,0.47855,0.72907,96.75
8,30,4,41,0.47837,0.73055,71.89
8,30,4,42,0.47859,0.73343,72.23
8,30,4,43,0.47918,0.73622,49.94
8,30,4,44,0.47942,0.73413,45.67
8,30,4,45,0.47946,0.73549,43.9
8,30,4,46,0.47895,0.73813,38.57
8,30,4,47,0.47799,0.74279,45.97
8,30,4,48,0.47738,0.74736,54.12
8,30,4,49,0.47642,0.75459,46.77
8,30,4,50,0.47575,0.76539,80.53
8,30,4,51,0.47574,0.77181,39.14
8,30,4,52,0.47555,0.77119,52.42
8,30,4,53,0.47525,0.7706,52.76
8,30,4,54,0.47505,0.76982,45.55
8,30,4,55,0.47513,0.77175,45.19
8,30,4,56,0.47474,0.77323,48.63
8,30,4,57,0.47441,0.77488,69.87
8,30,4,58,0.47437,0.77188,66.69
8,30,4,59,0.47407,0.76058,70.73
8,30,4,60,0.47368,0.75422,78.3
8,30,4,61,0.47356,0.75633,44.21
8,30,4,62,0.47306,0.76707,78.1
8,30,4,63,0.47284,0.77481,55.78
8,30,4,64,0.47214,0.7865,55.65
8,30,4,65,0.47191,0.79339,50.42
8,30,4,66,0.47181,0.79796,81.8
8,30,4,67,0.47189,0.80161,87.12
8,30,4,68,0.4719,0.8039,56.21
8,30,4,69,0.47158,0.8042,85.82
8,30,4,70,0.47126,0.80331,69.98
8,30,4,71,0.47086,0.80803,61.61
8,30,4,72,0.47074,0.81193,94.34
8,30,4,73,0.47091,0.81405,51.6
8,30,4,74,0.47132,0.81455,91.17
8,30,4,75,0.47137,0.81679,83.68
8,30,4,76,0.47106,0.81787,62.56
8,30,4,77,0.47112,0.81526,51.61
8,30,4,78,0.47074,0.80953,51.51
8,30,4,79,0.47014,0.8056,88.77
8,30,4,80,0.4694,0.80308,56.04
8,30,4,81,0.46876,0.80214,91.83
8,30,4,82,0.46815,0.80407,87.51
8,30,4,83,0.46805,0.81028,51.97
8,30,4,84,0.46803,0.81382,48.87
8,30,4,85,0.46791,0.81467,48.46
8,30,4,86,0.46761,0.81331,42.99
8,30,5,0,0.46749,0.79965,49.93
8,30,5,1,0.46764,0.79836,41.27
8,30,5,2,0.4673,0.80003,83.82
8,30,5,3,0.46722,0.79737,91.47
8,30,5,4,0.46754,0.79212,83.43
8,30,5,5,0.46801,0.78684,69.77
8,30,5,6,0.46911,0.78493,58.58
8,30,5,7,0.46991,0.78571,50.41
8,30,5,8,0.47123,0.7896,36.17
8,30,5,9,0.47153,0.7953,111.42
8,30,5,10,0.4718,0.80088,84.59
8,30,5,11,0.4719,0.80013,96.72
8,30,5,12,0.47192,0.79427,79.67
8,30,5,13,0.47209,0.78765,94.13
8,30,5,14,0.47276,0.78328,73.31
8,30,5,15,0.47388,0.77959,103.54
8,30,5,16,0.47514,0.77797,83.0
8,30,5,17,0.47562,0.77752,88.61
8,30,5,18,0.4761,0.77723,60.87
8,30,5,19,0.47601,0.78041,47.22
8,30,5,20,0.47548,0.78289,38.28
8,30,5,21,0.47545,0.78634,48.4
8,30,5,22,0.47532,0.78839,55.1
8,30,5,23,0.47451,0.79093,41.57
8,30,5,24,0.47377,0.79235,58.77
8,30,5,25,0.47314,0.79516,89.91
8,30,5,26,0.47227,0.79719,71.74
8,30,5,27,0.47192,0.8004,47.14
8,30,5,28,0.4715,0.79994,44.77
8,30,5,29,0.47149,0.7977,49.39
8,30,5,30,0.47176,0.79386,50.41
8,30,5,31,0.47224,0.78982,65.0
8,30,5,32,0.47231,0.78882,99.74
8,30,5,33,0.47252,0.79118,54.34
8,30,5,34,0.47279,0.7958,84.31
8,30,5,35,0.47378,0.80218,61.63
8,30,5,36,0.4741,0.81012,62.87
8,30,5,37,0.47444,0.81937,55.13
8,30,5,38,0.47412,0.82587,59.4
8,30,5,39,0.4737,0.83002,53.72
8,30,5,40,0.47317,0.82927,42.69
8,30,5,41,0.47289,0.82521,48.2
8,30,5,42,0.47204,0.81929,72.67
8,30,5,43,0.47197,0.81357,67.66
8,30,5,44,0.47207,0.81118,93.55
8,30,5,45,0.47229,0.81192,83.3
8,30,5,46,0.47262,0.81221,45.61
8,30,5,47,0.4727,0.81268,82.36
8,30,5,48,0.47274,0.81818,80.5
8,30,5,49,0.47239,0.82293,45.82
8,30,5,50,0.47248,0.82701,48.34
8,30,5,51,0.47284,0.82966,41.23
8,30,5,52,0.47371,0.83127,54.18
8,30,5,53,0.47436,0.82988,64.13
8,30,5,54,0.47486,0.82444,38.86
8,30,5,55,0.47517,0.8176,51.26
8,30,5,56,0.47549,0.81103,80.13
8,30,5,57,0.47559,0.80744,84.32
8,30,5,58,0.47627,0.80445,52.93
8,30,5,59,0.47651,0.80038,100.11
8,30,5,60,0.47661,0.79582,76.22
8,30,5,61,0.4771,0.7869,53.96
8,30,5,62,0.47681,0.78335,36.78
8,30,5,63,0.47677,0.78202,73.65
8,30,5,64,0.47623,0.78407,80.52
8,30,5,65,0.47575,0.78712,72.17
8,30,5,66,0.47491,0.79371,55.85
8,30,5,67,0.47428,0.80139,45.72
8,30,5,68,0.47344,0.80759,56.11
8,30,5,69,0.47274,0.81084,43.9
8,30,5,70,0.47166,0.81366,64.4
8,30,5,71,0.47046,0.81244,44.29
8,30,5,72,0.46931,0.81004,49.18
8,30,5,73,0.4681,0.80695,38.82
8,30,5,74,0.46776,0.80745,59.16
8,30,5,75,0.46809,0.80837,47.42
8,30,5,76,0.46833,0.80905,64.86
8,30,5,77,0.46835,0.80794,44.13
8,30,5,78,0.46776,0.80265,47.37
8,30,5,79,0.4671,0.79385,43.89
8,30,5,80,0.46636,0.79106,47.84
8,30,5,81,0.46628,0.7904,43.28
8,30,5,82,0.46633,0.79063,59.78
8,30,5,83,0.46715,0.78706,76.53
9,30,1,0,0.46615,0.7731,105.89
9,30,1,1,0.46588,0.76606,71.29
9,30,1,2,0.46563,0.75935,58.49
9,30,1,3,0.46536,0.75703,44.33
9,30,1,4,0.46506,0.75762,52.15
9,30,1,5,0.46541,0.7622,82.23
9,30,1,6,0.46552,0.76917,86.64
9,30,1,7,0.46605,0.77898,59.08
9,30,1,8,0.46702,0.79125,58.66
9,30,1,9,0.46811,0.79851,83.67
9,30,1,10,0.4682,0.80163,46.32
9,30,1,11,0.46848,0.8042,47.28
9,30,1,12,0.46927,0.80711,41.51
9,30,1,13,0.47013,0.81352,50.17
9,30,1,14,0.4704,0.81937,57.17
9,30,1,15,0.47026,0.82276,57.14
9,30,1,16,0.4705,0.82127,38.51
9,30,1,17,0.47037,0.82004,43.79
9,30,1,18,0.47021,0.81927,39.31
9,30,1,19,0.47045,0.81991,42.38
9,30,1,20,0.4711,0.82517,60.8
9,30,1,21,0.47282,0.80858,48.55
9,30,1,22,0.47261,0.80691,51.13
9,30,1,23,0.47267,0.80504,39.97
9,30,1,24,0.47262,0.80415,54.22
9,30,1,25,0.47253,0.8038,47.57
9,30,1,26,0.47272,0.80364,95.35
9,30,1,27,0.47288,0.80456,54.61
9,30,1,28,0.47315,0.81022,58.48
9,30,1,29,0.47327,0.81005,77.18
9,30,1,30,0.47326,0.8094,66.86
9,30,1,31,0.47287,0.80953,86.6
9,30,1,32,0.47201,0.81004,65.61
9,30,1,33,0.47064,0.81041,44.51
9,30,1,34,0.46981,0.80835,63.31
9,30,1,35,0.46866,0.80693,59.19
9,30,1,36,0.46774,0.80651,46.4
9,30,1,37,0.46802,0.80853,64.41
9,30,1,38,0.46774,0.80617,120.96
9,30,1,39,0.46756,0.8035,84.33
9,30,1,40,0.46737,0.80015,59.78
9,30,1,41,0.46736,0.79565,62.38
9,30,1,42,0.46785,0.79404,59.16
9,30,1,43,0.46807,0.79498,51.86
9,30,1,44,0.46836,0.79677,40.89
9,30,1,45,0.46782,0.79365,43.58
9,30,1,46,0.46708,0.78673,47.31
9,30,1,47,0.46635,0.77488,50.17
9,30,1,48,0.46583,0.76605,41.34
9,30,1,49,0.46576,0.76289,45.3
9,30,1,50,0.46531,0.76163,56.57
9,30,1,51,0.46493,0.76323,99.26
9,30,1,52,0.46462,0.7622,91.26
9,30,1,53,0.46455,0.76241,93.53
9,30,1,54,0.46471,0.76496,106.38
9,30,1,55,0.46475,0.76826,89.02
9,30,1,56,0.46487,0.76741,58.62
9,30,1,57,0.46473,0.76718,46.44
9,30,1,58,0.46497,0.76874,64.72
9,30,1,59,0.46541,0.76616,53.27
9,30,1,60,0.46599,0.76526,57.98
9,30,1,61,0.46661,0.76716,62.52
9,30,1,62,0.46731,0.77362,54.33
9,30,1,63,0.4677,0.77846,57.01
9,30,1,64,0.46812,0.78098,55.86
9,30,1,65,0.46858,0.78208,73.28
9,30,1,66,0.46904,0.78414,71.77
9,30,1,67,0.47022,0.78621,52.85
9,30,1,68,0.47046,0.78744,46.41
9,30,1,69,0.47068,0.78948,60.38
9,30,1,70,0.47025,0.78885,55.69
9,30,1,71,0.47,0.78695,44.5
9,30,1,72,0.46956,0.78542,54.71
9,30,1,73,0.46909,0.78279,103.85
9,30,1,74,0.46903,0.78045,112.08
9,30,1,75,0.4692,0.77814,76.22
9,30,1,76,0.46996,0.77627,51.6
9,30,1,77,0.47113,0.77751,46.49
9,30,1,78,0.47142,0.78081,46.02
9,30,1,79,0.47132,0.78239,35.17
9,30,1,80,0.47113,0.78289,47.72
9,30,1,81,0.47052,0.78019,85.73
9,30,1,82,0.47061,0.7746,78.92
9,30,1,83,0.47105,0.76679,100.14
9,30,1,84,0.47189,0.75733,50.01
9,30,1,85,0.4726,0.75133,54.07
9,30,1,86,0.47303,0.74816,69.77
9,30,1,87,0.47356,0.74841,42.83
9,30,1,88,0.47368,0.74602,46.22
9,30,1,89,0.47365,0.74678,54.79
9,30,1,90,0.47268,0.74927,37.9
9,30,1,91,0.47158,0.75171,46.17
9,30,1,92,0.47,0.75141,43.37
9,30,1,93,0.46954,0.75296,44.79
9,30,1,94,0.46985,0.75733,37.04
9,30,1,95,0.47091,0.75919,36.32
9,30,1,96,0.47196,0.7596,62.58
9,30,1,97,0.4727,0.76003,78.83
9,30,1,98,0.4731,0.76033,78.44
9,30,1,99,0.47352,0.76606,80.49
9,30,1,100,0.47425,0.77072,86.63
9,30,1,101,0.47465,0.77436,55.29
9,30,1,102,0.47526,0.7828,61.77
9,30,1,103,0.47559,0.78542,89.99
9,30,1,104,0.47604,0.78483,63.3
9,30,1,105,0.47647,0.78102,48.5
9,30,1,106,0.47714,0.77489,46.28
9,30,1,107,0.47785,0.7663,84.47
9,30,1,108,0.47776,0.75984,42.13
9,30,1,109,0.47757,0.75688,74.06
9,30,1,110,0.47705,0.75633,53.31
9,30,1,111,0.47641,0.75592,65.16
9,30,1,112,0.47564,0.75548,41.28
9,30,1,113,0.47488,0.7548,45.61
9,30,1,114,0.47337,0.75185,71.57
9,30,1,115,0.47209,0.7499,65.53
9,30,1,116,0.47086,0.74846,46.0
9,30,1,117,0.4702,0.75063,48.48
9,30,1,118,0.46942,0.7552,50.32
9,30,1,119,0.46902,0.76208,86.82
9,30,1,120,0.46894,0.76316,86.81
9,30,1,121,0.46885,0.76639,54.4
9,30,1,122,0.46966,0.77177,93.41
9,30,1,123,0.4705,0.77387,55.09
9,30,1,124,0.47143,0.77662,49.92
9,30,1,125,0.47257,0.77669,85.75
9,30,1,126,0.47328,0.77535,74.3
9,30,1,127,0.47376,0.77366,61.53
9,30,1,128,0.47342,0.7739,78.72
9,30,1,129,0.47304,0.77468,55.88
9,30,1,130,0.47299,0.77517,42.8
9,30,1,131,0.47277,0.77627,50.59
9,30,1,132,0.47305,0.77923,43.52
9,30,1,133,0.47305,0.77985,40.4
9,30,1,134,0.47361,0.779,51.28
9,30,1,135,0.47427,0.78045,47.04
9,30,1,136,0.47513,0.77966,49.3
9,30,2,0,0.78398,0.75559,60.44
9,30,2,1,0.78402,0.75324,62.92
9,30,2,2,0.78387,0.74926,62.34
9,30,2,3,0.78386,0.74875,40.57
9,30,2,4,0.78368,0.75173,43.13
9,30,2,5,0.78413,0.75598,48.63
9,30,2,6,0.78447,0.76328,74.76
9,30,2,7,0.78441,0.77329,58.76
9,30,2,8,0.78401,0.78685,56.59
9,30,2,9,0.78398,0.80166,53.57
9,30,2,10,0.78379,0.81284,54.08
9,30,2,11,0.78372,0.82078,56.22
9,30,2,12,0.78349,0.8326,43.02
9,30,2,13,0.78339,0.84106,44.4
9,30,2,14,0.78347,0.84182,54.28
9,30,2,15,0.78346,0.83992,68.44
9,30,2,16,0.78333,0.83883,40.59
9,30,2,17,0.78307,0.83824,71.78
9,30,2,18,0.78282,0.83962,78.03
9,30,2,19,0.78194,0.83942,59.76
9,30,2,20,0.78025,0.84184,60.35
9,30,2,21,0.77894,0.84518,34.32
9,30,2,22,0.77833,0.8471,89.26
9,30,2,23,0.77801,0.84698,89.97
9,30,2,24,0.77733,0.84632,103.22
9,30,2,25,0.77662,0.84645,85.51
9,30,2,26,0.77601,0.84771,62.19
9,30,2,27,0.77451,0.84793,63.96
9,30,2,28,0.77328,0.84649,41.99
9,30,2,29,0.77298,0.8506,50.96
9,30,2,30,0.77296,0.85655,45.66
9,30,2,31,0.77347,0.8609,73.73
9,30,2,32,0.77384,0.86227,52.3
9,30,2,33,0.77452,0.86192,54.16
9,30,2,34,0.77575,0.86228,89.61
9,30,2,35,0.77673,0.85901,93.94
9,30,2,36,0.77751,0.8537,56.65
9,30,2,37,0.77806,0.84605,42.84
9,30,2,38,0.77824,0.8419,45.73
9,30,2,39,0.77853,0.84,43.05
9,30,2,40,0.77845,0.84207,53.85
9,30,2,41,0.77844,0.84384,44.87
9,30,2,42,0.7784,0.84577,45.4
9,30,2,43,0.77913,0.84628,64.22
9,30,2,44,0.77995,0.84573,38.79
9,30,2,45,0.78071,0.84452,38.59
9,30,2,46,0.7814,0.84408,36.21
9,30,2,47,0.78163,0.84659,47.62
9,30,2,48,0.78203,0.84607,55.67
9,30,2,49,0.78197,0.84283,50.5
9,30,2,50,0.78144,0.83965,46.16
9,30,2,51,0.78078,0.83675,50.09
9,30,2,52,0.77995,0.8376,41.7
9,30,2,53,0.77943,0.83893,56.61
9,30,2,54,0.77887,0.84167,49.13
9,30,2,55,0.77866,0.84487,49.72
9,30,2,56,0.77852,0.84652,52.76
9,30,2,57,0.77911,0.84494,54.59
9,30,2,58,0.78046,0.84014,45.55
9,30,2,59,0.78152,0.82992,78.96
9,30,2,60,0.78152,0.8218,94.71
9,30,2,61,0.78172,0.81301,81.42
9,30,2,62,0.78202,0.80273,46.88
9,30,2,63,0.7822,0.79423,47.28
9,30,2,64,0.78189,0.79721,69.19
9,30,2,65,0.78143,0.80516,52.89
9,30,2,66,0.78092,0.81225,57.33
9,30,2,67,0.78045,0.81766,75.13
9,30,2,68,0.77997,0.82358,52.95
9,30,2,69,0.77978,0.82733,95.98
9,30,2,70,0.77983,0.82846,84.49
9,30,2,71,0.77965,0.82561,64.88
9,30,2,72,0.77951,0.8282,75.09
9,30,2,73,0.77944,0.83567,61.41
9,30,2,74,0.77945,0.83781,81.3
9,30,2,75,0.77938,0.84123,50.71
9,30,2,76,0.77937,0.8456,55.28
9,30,2,77,0.77935,0.84618,59.07
9,30,2,78,0.77891,0.84545,95.91
9,30,2,79,0.77877,0.84647,83.84
9,30,2,80,0.77903,0.84908,54.24
9,30,2,81,0.77891,0.85241,88.21
9,30,2,82,0.7784,0.8545,54.26
9,30,2,83,0.77781,0.85714,85.16
9,30,2,84,0.7773,0.85919,63.79
9,30,2,85,0.77728,0.86032,93.9
9,30,2,86,0.77729,0.85986,56.64
9,30,3,0,0.77876,0.77087,73.87
9,30,3,1,0.77817,0.77508,57.43
9,30,3,2,0.77763,0.78369,50.52
9,30,3,3,0.7762,0.79904,42.6
9,30,3,4,0.77477,0.81724,39.88
9,30,3,5,0.7731,0.83398,43.78
9,30,3,6,0.7722,0.84697,56.89
9,30,3,7,0.77198,0.86144,61.68
9,30,3,8,0.77194,0.87068,74.76
9,30,3,9,0.77219,0.87956,63.63
9,30,3,10,0.77251,0.89052,71.98
9,30,3,11,0.77271,0.90058,88.8
9,30,3,12,0.77247,0.90113,54.57
9,30,3,13,0.77262,0.89568,54.26
9,30,3,14,0.77254,0.88364,55.99
9,30,3,15,0.77168,0.87138,52.04
9,30,3,16,0.77031,0.86464,39.07
9,30,3,17,0.76853,0.86263,43.63
9,30,3,18,0.76702,0.86367,43.05
9,30,3,19,0.76604,0.86367,43.5
9,30,3,20,0.7656,0.86247,35.77
9,30,3,21,0.76565,0.85603,52.24
9,30,3,22,0.76631,0.85161,60.23
9,30,3,23,0.76715,0.84435,60.39
9,30,3,24,0.76829,0.83639,48.99
9,30,3,25,0.76944,0.83121,43.47
9,30,3,26,0.77017,0.82925,57.91
9,30,3,27,0.77058,0.83282,92.72
9,30,3,28,0.77071,0.83642,92.14
9,30,3,29,0.77113,0.84028,58.14
9,30,3,30,0.7714,0.84396,57.29
9,30,3,31,0.77183,0.84697,43.71
9,30,3,32,0.77249,0.85165,43.74
9,30,3,33,0.77332,0.85686,76.68
9,30,3,34,0.77366,0.86089,65.36
9,30,3,35,0.77391,0.86301,47.2
9,30,3,36,0.7748,0.85781,91.62
9,30,3,37,0.77581,0.85051,64.3
9,30,3,38,0.7765,0.8451,87.11
9,30,3,39,0.77686,0.84528,64.11
9,30,3,40,0.77698,0.84895,43.43
9,30,3,41,0.77708,0.84713,107.57
9,30,3,42,0.77713,0.84615,86.36
9,30,3,43,0.77739,0.84112,81.33
9,30,3,44,0.7774,0.84017,77.17
9,30,3,45,0.7773,0.83956,54.17
9,30,3,46,0.77739,0.83944,76.86
9,30,3,47,0.77742,0.83924,56.08
9,30,3,48,0.77775,0.84248,57.02
9,30,3,49,0.77751,0.84459,93.74
9,30,3,50,0.77763,0.84234,51.24
9,30,3,51,0.77801,0.8423,56.1
9,30,3,52,0.77853,0.84304,74.16
9,30,3,53,0.77876,0.84381,61.81
9,30,3,54,0.77908,0.84466,60.51
9,30,3,55,0.7795,0.84404,80.35
9,30,3,56,0.77987,0.84255,48.48
9,30,3,57,0.77989,0.84041,43.4
9,30,3,58,0.77943,0.84079,96.02
9,30,3,59,0.77882,0.84084,125.48
9,30,3,60,0.77729,0.83902,35.95
9,30,3,61,0.77642,0.83936,41.15
9,30,3,62,0.77502,0.83813,67.85
9,30,3,63,0.77462,0.83693,69.34
9,30,3,64,0.77421,0.83586,41.44
9,30,3,65,0.77442,0.83854,51.03
9,30,3,66,0.77454,0.84169,59.37
9,30,3,67,0.77456,0.84154,50.02
9,30,3,68,0.77447,0.84145,75.42
9,30,3,69,0.77431,0.84171,95.53
9,30,3,70,0.77407,0.84436,77.16
9,30,3,71,0.77384,0.84811,52.42
9,30,3,72,0.77361,0.84902,58.09
9,30,3,73,0.77342,0.85002,85.43
9,30,3,74,0.77395,0.85102,77.24
9,30,3,75,0.77405,0.85285,55.6
9,30,3,76,0.77406,0.85525,56.74
9,30,3,77,0.77473,0.85713,64.76
9,30,3,78,0.77572,0.85731,71.85
9,30,3,79,0.77651,0.85721,61.39
9,30,3,80,0.77767,0.85532,54.06
9,30,3,81,0.77774,0.85448,62.69
9,30,3,82,0.77734,0.85721,50.93
9,30,3,83,0.77632,0.86168,102.19
9,30,3,84,0.77541,0.8662,104.77
9,30,3,85,0.77443,0.87409,81.89
9,30,3,86,0.77462,0.88253,92.86
9,30,3,87,0.77493,0.88552,74.16
9,30,3,88,0.77515,0.88491,68.94
9,30,3,89,0.77568,0.87989,50.58
9,30,3,90,0.77665,0.87169,52.69
9,30,3,91,0.77756,0.86427,41.87
9,30,3,92,0.77812,0.86044,61.49
9,30,3,93,0.77861,0.85432,84.53
9,30,3,94,0.77921,0.84771,71.81
9,30,3,95,0.77999,0.8421,68.25
9,30,3,96,0.77969,0.84212,95.97
9,30,3,97,0.77923,0.84769,52.21
9,30,3,98,0.77912,0.85701,44.0
9,30,3,99,0.77904,0.86455,69.12
9,30,3,100,0.77891,0.8686,55.08
9,30,3,101,0.77871,0.87163,40.35
9,30,3,102,0.77879,0.87417,62.82
9,30,3,103,0.77885,0.8775,88.05
9,30,3,104,0.77845,0.87804,116.96
9,30,3,105,0.77804,0.87415,94.95
9,30,3,106,0.77725,0.87189,72.71
9,30,3,107,0.77588,0.86895,94.4
9,30,3,108,0.77538,0.86764,79.76
9,30,3,109,0.77443,0.86385,51.7
9,30,3,110,0.77322,0.86217,88.65
9,30,3,111,0.77303,0.85668,55.01
9,30,3,112,0.77324,0.85302,52.73
9,30,3,113,0.7735,0.8521,44.08
9,30,4,0,0.77148,0.845,72.99
9,30,4,1,0.77165,0.8474,59.65
9,30,4,2,0.77125,0.85055,60.88
9,30,4,3,0.77061,0.86156,65.29
9,30,4,4,0.77038,0.86861,87.69
9,30,4,5,0.77056,0.86798,53.11
9,30,4,6,0.77085,0.86718,59.65
9,30,4,7,0.77105,0.86637,60.58
9,30,4,8,0.77118,0.8659,44.71
9,30,4,9,0.771,0.86082,46.32
9,30,4,10,0.77081,0.85501,128.44
9,30,4,11,0.77025,0.85188,67.79
9,30,4,12,0.77009,0.85336,68.31
9,30,4,13,0.76995,0.85698,69.87
9,30,4,14,0.76973,0.86438,50.09
9,30,4,15,0.76945,0.8741,49.82
9,30,4,16,0.76914,0.87819,65.83
9,30,4,17,0.769,0.87758,61.1
9,30,4,18,0.76959,0.87813,49.25
9,30,4,19,0.76964,0.87654,39.77
9,30,4,20,0.76977,0.87101,51.39
9,30,4,21,0.77036,0.8649,49.33
9,30,4,22,0.77066,0.86061,57.56
9,30,4,23,0.77073,0.86241,50.19
9,30,4,24,0.77031,0.8667,44.36
9,30,4,25,0.76995,0.86951,40.66
9,30,4,26,0.7701,0.86959,79.87
9,30,4,27,0.77044,0.86795,38.43
9,30,4,28,0.77116,0.86046,53.03
9,30,4,29,0.77239,0.85858,52.06
9,30,4,30,0.77304,0.86005,55.38
9,30,4,31,0.77311,0.86112,47.56
9,30,4,32,0.77314,0.85649,68.53
9,30,4,33,0.77341,0.85292,46.02
9,30,4,34,0.77398,0.84917,44.18
9,30,4,35,0.77416,0.84404,60.04
9,30,4,36,0.77482,0.8357,49.28
9,30,4,37,0.77552,0.83093,49.85
9,30,4,38,0.7759,0.82971,66.01
9,30,4,39,0.77562,0.83022,55.8
9,30,4,40,0.77532,0.83641,50.89
9,30,4,41,0.77491,0.84326,50.02
9,30,4,42,0.7745,0.84967,38.57
9,30,4,43,0.77438,0.85261,43.76
9,30,4,44,0.77408,0.85089,65.66
9,30,4,45,0.77361,0.84674,37.55
9,30,4,46,0.77279,0.84471,50.52
9,30,4,47,0.77146,0.84989,65.8
9,30,4,48,0.77078,0.85397,51.07
9,30,4,49,0.7702,0.85409,69.6
9,30,4,50,0.7698,0.85802,55.81
9,30,4,51,0.76975,0.86645,57.98
9,30,4,52,0.76941,0.88113,48.66
9,30,4,53,0.76975,0.88003,50.38
9,30,4,54,0.77045,0.87843,59.4
9,30,4,55,0.77084,0.87801,50.96
9,30,4,56,0.77154,0.87202,54.67
9,30,4,57,0.77193,0.86872,65.41
9,30,4,58,0.77267,0.87257,42.32
9,30,4,59,0.77296,0.87758,57.53
9,30,4,60,0.77358,0.87784,64.26
9,30,4,61,0.77422,0.87525,47.7
9,30,4,62,0.7746,0.87049,55.88
9,30,4,63,0.77505,0.8556,65.65
9,30,4,64,0.7754,0.85104,50.1
9,30,4,65,0.77552,0.84724,93.58
9,30,4,66,0.77509,0.84366,50.03
9,30,4,67,0.77438,0.83651,47.1
9,30,4,68,0.7732,0.83275,53.56
9,30,4,69,0.77214,0.83302,49.89
9,30,4,70,0.77145,0.83664,62.76
9,30,4,71,0.77094,0.8432,98.34
9,30,4,72,0.77056,0.84619,110.89
9,30,4,73,0.77099,0.84583,100.35
9,30,4,74,0.77174,0.84157,77.11
9,30,4,75,0.77353,0.83446,92.84
9,30,4,76,0.77527,0.82723,56.01
9,30,4,77,0.77724,0.82025,100.3
9,30,4,78,0.77922,0.81564,76.15
9,30,4,79,0.78053,0.81302,44.21
9,30,4,80,0.7808,0.81191,58.19
9,30,4,81,0.78039,0.81204,48.1
9,30,4,82,0.78005,0.81014,51.38
9,30,4,83,0.78031,0.80652,52.57
9,30,4,84,0.78075,0.80264,54.04
9,30,4,85,0.78106,0.79716,44.36
9,30,4,86,0.7808,0.79244,47.59
9,30,4,87,0.78078,0.78835,44.75
9,30,4,88,0.78073,0.78075,42.59
9,30,4,89,0.78009,0.77422,43.41
9,30,4,90,0.77931,0.76755,75.85
9,30,5,0,0.77686,0.76581,89.71
9,30,5,1,0.77634,0.76947,58.07
9,30,5,2,0.77582,0.77742,48.97
9,30,5,3,0.77537,0.78684,46.31
9,30,5,4,0.77505,0.79442,60.83
9,30,5,5,0.77471,0.80126,53.46
9,30,5,6,0.77383,0.80388,70.41
9,30,5,7,0.77238,0.80855,56.65
9,30,5,8,0.77115,0.81357,35.81
9,30,5,9,0.77018,0.81129,46.59
9,30,5,10,0.77021,0.81094,43.37
9,30,5,11,0.77013,0.80486,56.89
9,30,5,12,0.77002,0.79343,47.99
9,30,5,13,0.77053,0.78751,58.96
9,30,5,14,0.7713,0.78795,51.96
9,30,5,15,0.77238,0.79382,38.0
9,30,5,16,0.7732,0.79953,43.25
9,30,5,17,0.77461,0.80593,40.55
9,30,5,18,0.77571,0.812,60.86
9,30,5,19,0.77624,0.81718,68.68
9,30,5,20,0.77638,0.82176,63.48
9,30,5,21,0.77568,0.81915,58.25
9,30,5,22,0.77502,0.80272,45.26
9,30,5,23,0.7742,0.79286,59.52
9,30,5,24,0.77315,0.78399,91.31
9,30,5,25,0.7721,0.77727,59.06
9,30,5,26,0.7704,0.77123,103.6
9,30,5,27,0.76977,0.7706,87.43
9,30,5,28,0.76977,0.77262,51.7
9,30,5,29,0.76974,0.77802,53.67
9,30,5,30,0.76961,0.78296,55.13
9,30,5,31,0.76967,0.78621,45.87
9,30,5,32,0.77014,0.79129,50.24
9,30,5,33,0.77087,0.79478,43.33
9,30,5,34,0.7714,0.79636,50.56
9,30,5,35,0.77174,0.79703,43.69
9,30,5,36,0.77214,0.79306,55.01
9,30,5,37,0.78149,0.79415,48.25
9,30,5,38,0.78145,0.79922,51.07
9,30,5,39,0.78141,0.80489,46.53
9,30,5,40,0.78103,0.81129,94.12
9,30,5,41,0.78044,0.81989,69.34
9,30,5,42,0.77938,0.83196,55.87
9,30,5,43,0.77821,0.84565,57.8
9,30,5,44,0.77701,0.85324,46.59
9,30,5,45,0.77648,0.86088,54.35
9,30,5,46,0.77651,0.86519,45.34
9,30,5,47,0.77659,0.86669,93.49
9,30,5,48,0.77687,0.86573,52.39
9,30,5,49,0.77763,0.86719,41.48
9,30,5,50,0.77883,0.86452,49.61
9,30,5,51,0.78032,0.86203,58.91
1,50,1,0,0.1721,0.18216,50.88
1,50,1,1,0.17217,0.18549,51.56
1,50,1,2,0.17158,0.18966,42.97
1,50,1,3,0.17086,0.19279,40.83
1,50,1,4,0.16922,0.1923,59.05
1,50,1,5,0.16806,0.18997,39.87
1,50,1,6,0.16734,0.18697,49.6
1,50,1,7,0.16742,0.18699,57.42
1,50,1,8,0.16756,0.18976,37.74
1,50,1,9,0.16692,0.18869,96.72
1,50,1,10,0.16659,0.18634,60.58
1,50,1,11,0.16593,0.18034,95.39
1,50,1,12,0.16562,0.17246,73.5
1,50,1,13,0.16562,0.16563,66.21
1,50,1,14,0.16663,0.16218,61.83
1,50,1,15,0.16815,0.16252,84.33
1,50,1,16,0.16937,0.16142,81.64
1,50,1,17,0.16984,0.16029,63.42
1,50,1,18,0.17081,0.15669,59.09
1,50,1,19,0.17333,0.15997,79.76
1,50,1,20,0.17588,0.16382,83.94
1,50,1,21,0.17825,0.17036,42.35
1,50,1,22,0.18069,0.17978,91.93
1,50,1,23,0.18245,0.18585,59.54
1,50,1,24,0.18325,0.18776,40.88
1,50,1,25,0.18428,0.1932,53.28
1,50,1,26,0.18449,0.20004,51.35
1,50,1,27,0.18327,0.19922,67.18
1,50,1,28,0.18164,0.19899,43.67
1,50,1,29,0.17977,0.19739,37.01
1,50,1,30,0.17822,0.19976,45.89
1,50,1,31,0.17764,0.20436,113.31
1,50,1,32,0.17701,0.20525,75.77
1,50,1,33,0.17646,0.20623,58.28
1,50,1,34,0.17622,0.20587,62.07
1,50,1,35,0.17524,0.20106,55.93
1,50,1,36,0.1734,0.19716,51.3
1,50,1,37,0.17196,0.19507,55.66
1,50,1,38,0.17025,0.19304,44.53
1,50,1,39,0.16746,0.18775,47.4
1,50,1,40,0.16592,0.18409,56.34
1,50,1,41,0.16505,0.18116,45.31
1,50,1,42,0.16505,0.18144,44.32
1,50,1,43,0.16402,0.17736,70.04
1,50,1,44,0.16402,0.1763,86.3
1,50,1,45,0.16391,0.17508,49.48
1,50,1,46,0.16374,0.1736,42.13
1,50,1,47,0.16312,0.17159,51.64
1,50,1,48,0.1625,0.17028,40.81
1,50,1,49,0.16142,0.16777,72.21
1,50,1,50,0.16125,0.16527,67.28
1,50,1,51,0.16112,0.16007,43.57
1,50,1,52,0.16141,0.15798,52.12
1,50,1,53,0.16185,0.15685,39.93
1,50,1,54,0.16225,0.15577,50.01
1,50,1,55,0.16251,0.15383,56.61
1,50,1,56,0.16236,0.15357,62.14
1,50,1,57,0.16215,0.15501,55.86
1,50,1,58,0.16266,0.15852,68.5
1,50,1,59,0.16278,0.16116,77.79
1,50,1,60,0.16292,0.16372,53.69
1,50,1,61,0.16345,0.16847,50.06
1,50,1,62,0.16412,0.17352,53.87
1,50,1,63,0.16453,0.17606,73.94
1,50,1,64,0.16443,0.17524,73.03
1,50,1,65,0.1636,0.16745,80.07
1,50,1,66,0.16232,0.15822,64.66
1,50,1,67,0.16159,0.15415,54.63
1,50,1,68,0.16134,0.15805,69.15
1,50,1,69,0.16161,0.16598,53.52
1,50,1,70,0.16187,0.17339,36.87
1,50,1,71,0.16234,0.18066,52.68
1,50,1,72,0.16309,0.1861,48.15
1,50,1,73,0.16396,0.19104,51.53
1,50,1,74,0.16491,0.19621,91.58
1,50,1,75,0.16495,0.19886,61.8
1,50,1,76,0.16478,0.20071,85.72
1,50,1,77,0.16452,0.20305,63.57
1,50,1,78,0.16439,0.20161,44.65
1,50,1,79,0.16423,0.20014,46.44
1,50,1,80,0.16486,0.20127,41.22
1,50,1,81,0.16515,0.20473,55.81
1,50,1,82,0.16543,0.20958,41.53
1,50,1,83,0.16568,0.21295,45.01
1,50,1,84,0.1659,0.21643,40.58
1,50,1,85,0.16571,0.21781,69.14
1,50,1,86,0.16519,0.21688,60.07
1,50,1,87,0.16541,0.21529,51.55
1,50,1,88,0.16459,0.20943,92.03
1,50,1,89,0.1643,0.2034,58.96
1,50,1,90,0.16464,0.19995,78.59
1,50,1,91,0.16543,0.20007,54.37
1,50,1,92,0.16647,0.20209,45.26
1,50,1,93,0.16795,0.20492,49.65
1,50,1,94,0.16892,0.20729,101.57
1,50,1,95,0.16919,0.20885,93.4
1,50,1,96,0.16861,0.2092,52.42
1,50,1,97,0.16749,0.20903,49.02
1,50,1,98,0.16664,0.20904,44.54
1,50,2,0,0.16857,0.22477,49.27
1,50,2,1,0.169,0.23389,39.81
1,50,2,2,0.17016,0.24706,38.73
1,50,2,3,0.17064,0.25064,45.06
1,50,2,4,0.1716,0.25766,44.19
1,50,2,5,0.17293,0.26198,49.99
1,50,2,6,0.17346,0.26336,57.08
1,50,2,7,0.17336,0.26315,53.08
1,50,2,8,0.17294,0.26202,50.64
1,50,2,9,0.17226,0.25935,55.19
1,50,2,10,0.17187,0.25991,61.14
1,50,2,11,0.17242,0.26283,56.36
1,50,2,12,0.17407,0.26895,78.03
1,50,2,13,0.17517,0.27213,110.76
1,50,2,14,0.17658,0.27342,57.44
1,50,2,15,0.17783,0.2752,57.59
1,50,2,16,0.17899,0.27744,56.38
1,50,2,17,0.17969,0.28318,67.25
1,50,2,18,0.17982,0.28887,128.84
1,50,2,19,0.18066,0.29861,141.44
1,50,2,20,0.18144,0.30919,111.98
1,50,2,21,0.18139,0.31292,102.72
1,50,2,22,0.18064,0.30956,69.8
1,50,2,23,0.17956,0.3034,72.8
1,50,2,24,0.17837,0.29224,84.37
1,50,2,25,0.17645,0.27078,46.46
1,50,2,26,0.17414,0.24043,55.59
1,50,2,27,0.17353,0.21277,100.84
1,50,2,28,0.17347,0.19108,64.39
1,50,2,29,0.17362,0.16769,60.75
1,50,2,30,0.17409,0.14808,63.66
1,50,2,31,0.17462,0.13436,55.96
1,50,2,32,0.17462,0.12526,48.6
1,50,2,33,0.17518,0.125,65.72
1,50,2,34,0.17562,0.1286,48.74
1,50,2,35,0.17624,0.1336,58.45
1,50,2,36,0.17584,0.13713,73.58
1,50,2,37,0.17571,0.14252,76.65
1,50,2,38,0.17522,0.14586,58.99
1,50,2,39,0.17442,0.14733,61.13
1,50,2,40,0.17315,0.14827,47.64
1,50,2,41,0.17214,0.14916,50.52
1,50,2,42,0.17185,0.15177,48.94
1,50,2,43,0.17198,0.15542,48.63
1,50,2,44,0.17324,0.16498,62.27
1,50,2,45,0.17529,0.18199,81.85
1,50,2,46,0.17787,0.20546,49.71
1,50,2,47,0.17891,0.22479,57.26
1,50,2,48,0.17904,0.22989,47.94
1,50,2,49,0.17918,0.23044,89.57
1,50,2,50,0.17935,0.22809,50.36
1,50,2,51,0.17942,0.22774,73.93
1,50,2,52,0.17948,0.22976,117.19
1,50,2,53,0.17924,0.23263,73.7
1,50,2,54,0.17831,0.23061,48.99
1,50,2,55,0.17692,0.22486,59.84
1,50,2,56,0.1745,0.21437,53.79
1,50,2,57,0.17291,0.20632,45.66
1,50,2,58,0.17266,0.19951,56.85
1,50,2,59,0.17298,0.19504,94.49
1,50,2,60,0.17333,0.19197,56.61
1,50,2,61,0.17205,0.18018,50.07
1,50,2,62,0.16995,0.16651,45.9
1,50,2,63,0.1681,0.15709,57.79
1,50,2,64,0.16733,0.15502,58.9
1,50,2,65,0.16684,0.15759,46.27
1,50,2,66,0.16658,0.16143,48.73
1,50,2,67,0.16698,0.1661,55.5
1,50,2,68,0.16765,0.17471,51.92
1,50,2,69,0.16784,0.18087,51.34
1,50,2,70,0.16747,0.18151,86.47
1,50,2,71,0.16684,0.17989,90.68
1,50,2,72,0.16627,0.17584,70.33
1,50,2,73,0.16592,0.17301,45.39
1,50,2,74,0.16536,0.17069,44.02
1,50,2,75,0.16525,0.1688,38.63
1,50,2,76,0.16474,0.16718,68.33
1,50,2,77,0.1644,0.16816,73.3
1,50,2,78,0.1638,0.17271,52.29
1,50,2,79,0.1636,0.17697,59.58
1,50,2,80,0.16454,0.18434,73.4
1,50,2,81,0.16508,0.19021,100.85
1,50,2,82,0.16511,0.19293,83.01
1,50,2,83,0.16508,0.19126,54.01
1,50,2,84,0.16506,0.18813,78.25
1,50,2,85,0.16511,0.18308,63.91
1,50,2,86,0.16608,0.182,52.75
1,50,2,87,0.16668,0.1796,50.13
1,50,2,88,0.1665,0.17498,43.2
1,50,2,89,0.16585,0.17066,57.9
1,50,2,90,0.16508,0.16821,49.54
1,50,2,91,0.16503,0.17013,62.6
1,50,2,92,0.16502,0.17317,48.66
1,50,2,93,0.16526,0.17604,53.47
1,50,2,94,0.16559,0.18033,42.87
1,50,2,95,0.16652,0.18538,47.02
1,50,2,96,0.16649,0.18563,78.55
1,50,2,97,0.16715,0.18728,74.21
1,50,2,98,0.16721,0.18658,42.92
1,50,2,99,0.16693,0.18603,40.76
1,50,2,100,0.16718,0.18524,52.33
1,50,2,101,0.1669,0.18293,54.35
1,50,2,102,0.16633,0.18052,46.02
1,50,2,103,0.16575,0.18013,38.01
1,50,2,104,0.16569,0.18221,50.1
1,50,2,105,0.1661,0.18592,46.84
1,50,2,106,0.16613,0.18788,51.75
1,50,2,107,0.16597,0.18713,38.27
1,50,2,108,0.16618,0.18748,85.21
1,50,2,109,0.16584,0.18863,69.51
1,50,2,110,0.16553,0.18718,50.48
1,50,2,111,0.16528,0.18387,51.15
1,50,2,112,0.16506,0.17949,84.4
1,50,2,113,0.16467,0.17793,39.33
1,50,2,114,0.16422,0.17628,57.17
1,50,2,115,0.16407,0.17471,74.09
1,50,2,116,0.1646,0.17978,62.8
1,50,2,117,0.16519,0.18971,76.91
1,50,2,118,0.1661,0.19985,69.26
1,50,2,119,0.16708,0.21064,57.04
1,50,2,120,0.16782,0.2205,51.26
1,50,2,121,0.16815,0.22586,52.64
1,50,2,122,0.16852,0.23106,60.94
1,50,2,123,0.16961,0.24238,50.25
1,50,2,124,0.17048,0.25461,51.89
1,50,2,125,0.17163,0.26709,38.39
1,50,2,126,0.17241,0.27046,45.16
1,50,2,127,0.17256,0.26521,50.42
1,50,2,128,0.17205,0.25512,51.29
1,50,2,129,0.17089,0.23938,48.67
1,50,2,130,0.17056,0.23072,46.13
1,50,2,131,0.16936,0.22045,65.18
1,50,2,132,0.16781,0.20935,51.96
1,50,2,133,0.16669,0.20152,66.66
1,50,2,134,0.166,0.1976,48.35
1,50,2,135,0.16556,0.1963,40.84
1,50,2,136,0.16543,0.19692,53.61
1,50,2,137,0.16514,0.19876,53.89
1,50,2,138,0.16446,0.20115,68.61
1,50,2,139,0.1638,0.2032,52.73
1,50,2,140,0.16384,0.2049,87.97
1,50,2,141,0.16478,0.20551,58.68
1,50,2,142,0.1659,0.20205,52.81
1,50,2,143,0.16686,0.19817,90.58
1,50,2,144,0.16776,0.19769,77.88
1,50,2,145,0.1683,0.19762,46.87
1,50,2,146,0.16784,0.19463,70.62
1,50,2,147,0.16722,0.19536,50.33
1,50,2,148,0.1669,0.19522,77.72
1,50,2,149,0.16627,0.19456,74.74
1,50,2,150,0.16527,0.19328,53.69
1,50,2,151,0.16425,0.19203,56.06
1,50,2,152,0.16353,0.18879,43.77
1,50,2,153,0.16362,0.18814,39.74
1,50,2,154,0.16443,0.18972,45.92
1,50,2,155,0.16514,0.19002,60.57
1,50,2,156,0.16648,0.19351,42.64
1,50,2,157,0.16711,0.1961,46.64
1,50,2,158,0.16821,0.2002,40.51
1,50,2,159,0.16873,0.19946,52.95
1,50,2,160,0.16853,0.19507,40.31
1,50,2,161,0.1677,0.18923,60.64
1,50,2,162,0.16767,0.18669,51.88
1,50,2,163,0.1672,0.1841,45.86
1,50,2,164,0.1666,0.1818,40.67
1,50,2,165,0.16658,0.17797,89.39
1,50,2,166,0.16654,0.17676,48.55
1,50,2,167,0.16673,0.17682,72.87
1,50,2,168,0.16655,0.18104,102.03
1,50,2,169,0.16658,0.18915,82.18
1,50,2,170,0.16658,0.1968,58.2
1,50,2,171,0.16719,0.19865,51.16
1,50,2,172,0.16684,0.19804,43.49
1,50,2,173,0.16646,0.19379,53.48
1,50,2,174,0.16582,0.18751,58.06
1,50,2,175,0.16457,0.18086,48.49
1,50,2,176,0.16367,0.17799,58.74
1,50,2,177,0.16285,0.17749,58.05
1,50,2,178,0.16207,0.17837,48.87
1,50,2,179,0.16133,0.17999,44.91
1,50,2,180,0.16091,0.18269,66.52
1,50,2,181,0.16109,0.18403,107.24
1,50,2,182,0.16146,0.18394,87.99
1,50,2,183,0.16184,0.18316,111.56
1,50,2,184,0.16222,0.1832,127.44
1,50,2,185,0.16365,0.18541,55.22
1,50,2,186,0.16421,0.18528,67.78
1,50,2,187,0.16434,0.18355,60.01
1,50,2,188,0.16447,0.1804,69.56
1,50,2,189,0.16456,0.17771,49.02
1,50,2,190,0.16449,0.17337,49.42
1,50,2,191,0.16427,0.16901,55.27
1,50,2,192,0.16459,0.16831,48.48
1,50,2,193,0.16491,0.16975,100.07
1,50,2,194,0.16502,0.16846,97.63
1,50,2,195,0.16461,0.17013,97.62
1,50,2,196,0.16442,0.1709,71.44
1,50,2,197,0.16431,0.17175,60.27
1,50,3,0,0.1665,0.18504,86.75
1,50,3,1,0.16582,0.18523,93.78
1,50,3,2,0.16448,0.18517,62.2
1,50,3,3,0.16304,0.18518,44.39
1,50,3,4,0.16251,0.18547,64.15
1,50,3,5,0.16233,0.18692,45.28
1,50,3,6,0.16288,0.18737,75.33
1,50,3,7,0.16319,0.18253,38.31
1,50,3,8,0.16334,0.17779,57.31
1,50,3,9,0.16287,0.16864,60.88
1,50,3,10,0.16269,0.15963,61.85
1,50,3,11,0.1627,0.15251,55.85
1,50,3,12,0.16277,0.14648,63.03
1,50,3,13,0.1631,0.14789,119.58
1,50,3,14,0.16322,0.15163,110.17
1,50,3,15,0.16384,0.15661,96.52
1,50,3,16,0.16453,0.15992,98.21
1,50,3,17,0.16546,0.16304,49.59
1,50,3,18,0.16616,0.16514,60.02
1,50,3,19,0.16669,0.16577,50.22
1,50,3,20,0.16726,0.16634,51.97
1,50,3,21,0.1677,0.16704,47.71
1,50,3,22,0.16725,0.16776,54.18
1,50,3,23,0.16664,0.16763,54.96
1,50,3,24,0.1656,0.16692,40.8
1,50,3,25,0.16519,0.16566,53.13
1,50,3,26,0.16555,0.17063,44.58
1,50,3,27,0.1655,0.16739,54.73
1,50,3,28,0.16454,0.15272,82.86
1,50,3,29,0.16149,0.12159,70.99
1,50,3,30,0.1554,0.05919,63.98
1,50,3,31,0.15414,0.04632,47.18
1,50,3,32,0.15338,0.03806,60.2
1,50,3,33,0.15338,0.04173,74.63
1,50,3,34,0.15324,0.04519,59.4
1,50,3,35,0.15276,0.05139,84.71
1,50,3,36,0.15278,0.0577,44.23
1,50,3,37,0.15386,0.07569,69.46
1,50,3,38,0.15603,0.10691,95.16
1,50,3,39,0.16041,0.15618,70.49
1,50,3,40,0.16383,0.19697,104.06
1,50,3,41,0.16689,0.23535,97.49
1,50,3,42,0.16972,0.26733,60.49
1,50,3,43,0.17369,0.30475,44.34
1,50,3,44,0.1763,0.32435,32.57
1,50,3,45,0.17665,0.32183,99.68
1,50,3,46,0.17664,0.31353,58.93
1,50,3,47,0.17674,0.30276,51.98
1,50,3,48,0.17669,0.2949,47.55
1,50,3,49,0.17655,0.28742,69.84
1,50,3,50,0.17631,0.2817,69.3
1,50,3,51,0.1759,0.27536,51.54
1,50,3,52,0.17531,0.27111,56.53
1,50,3,53,0.17506,0.26966,81.07
1,50,3,54,0.17517,0.27042,46.73
1,50,3,55,0.17442,0.26525,52.96
1,50,3,56,0.17299,0.25462,47.44
1,50,3,57,0.17124,0.2378,50.51
1,50,3,58,0.16873,0.22093,51.6
1,50,3,59,0.16473,0.20238,53.74
1,50,3,60,0.1616,0.19047,53.73
1,50,3,61,0.15853,0.18099,41.81
1,50,3,62,0.15697,0.17506,41.31
1,50,3,63,0.15607,0.17252,51.59
1,50,3,64,0.15561,0.17011,53.53
1,50,3,65,0.15572,0.16756,35.7
1,50,3,66,0.1556,0.15978,40.6
1,50,3,67,0.15557,0.15041,82.99
1,50,3,68,0.1551,0.1441,50.01
1,50,3,69,0.15505,0.14316,81.5
1,50,3,70,0.15505,0.14093,66.41
1,50,3,71,0.15513,0.13643,36.29
1,50,3,72,0.15549,0.13918,82.46
1,50,3,73,0.15611,0.14779,47.3
1,50,3,74,0.15687,0.15976,83.76
1,50,3,75,0.15802,0.16982,51.44
1,50,3,76,0.16001,0.18305,63.8
1,50,3,77,0.15864,0.16922,48.73
1,50,3,78,0.1582,0.16594,54.99
1,50,3,79,0.1593,0.17097,59.13
1,50,3,80,0.15863,0.16005,45.25
1,50,3,81,0.15889,0.15718,53.69
1,50,3,82,0.1588,0.15368,46.36
1,50,3,83,0.15629,0.12763,44.88
1,50,3,84,0.15436,0.114,50.53
1,50,3,85,0.15338,0.1153,109.54
1,50,3,86,0.15286,0.12151,80.22
1,50,3,87,0.15216,0.12831,51.93
1,50,3,88,0.15268,0.14733,46.76
1,50,3,89,0.15043,0.14606,81.7
1,50,3,90,0.14573,0.12361,58.27
1,50,3,91,0.1433,0.11595,60.88
1,50,3,92,0.13908,0.08686,67.17
1,50,3,93,0.138,0.0815,56.37
1,50,3,94,0.13955,0.09521,79.83
1,50,3,95,0.14324,0.1262,44.37
1,50,3,96,0.14528,0.13508,54.13
1,50,3,97,0.14446,0.11908,59.25
1,50,3,98,0.14263,0.07906,65.06
1,50,3,99,0.14394,0.08577,42.33
1,50,3,100,0.14737,0.11179,44.31
1,50,3,101,0.15048,0.14215,52.16
1,50,3,102,0.1504,0.14322,41.32
1,50,3,103,0.15265,0.15975,60.01
1,50,4,0,0.16138,0.20439,44.02
1,50,4,1,0.16417,0.21442,60.53
1,50,4,2,0.16738,0.23003,46.5
1,50,4,3,0.17004,0.25072,57.05
1,50,4,4,0.17348,0.27808,54.63
1,50,4,5,0.17523,0.29534,73.51
1,50,4,6,0.1762,0.30742,93.86
1,50,4,7,0.14773,0.01538,57.36
1,50,4,8,0.14876,0.02888,50.17
1,50,4,9,0.15043,0.0542,105.28
1,50,4,10,0.15358,0.09377,83.65
1,50,4,11,0.15697,0.1307,66.26
1,50,4,12,0.16032,0.16126,93.05
1,50,4,13,0.16285,0.18286,54.2
1,50,4,14,0.16465,0.20181,44.57
1,50,4,15,0.16656,0.2277,44.02
1,50,4,16,0.16795,0.24559,69.91
1,50,4,17,0.16896,0.25982,53.8
1,50,4,18,0.16992,0.27509,53.01
1,50,4,19,0.17178,0.29294,57.76
1,50,4,20,0.1544,0.17682,37.16
1,50,4,21,0.15454,0.17746,44.95
1,50,4,22,0.15507,0.18137,95.35
1,50,4,23,0.1568,0.19114,85.64
1,50,4,24,0.15876,0.2039,86.12
1,50,4,25,0.16052,0.21606,47.9
1,50,4,26,0.16065,0.21393,70.28
1,50,4,27,0.15995,0.20595,49.95
1,50,4,28,0.15827,0.19411,50.89
1,50,4,29,0.15576,0.17921,44.68
1,50,4,30,0.15369,0.16966,109.37
1,50,4,31,0.15229,0.16631,90.9
1,50,4,32,0.15127,0.16063,55.04
1,50,4,33,0.14824,0.13215,52.38
1,50,4,34,0.14576,0.10713,45.56
1,50,4,35,0.14521,0.09915,57.07
1,50,4,36,0.14284,0.07159,53.08
1,50,4,37,0.14046,0.05189,41.45
1,50,4,38,0.13657,0.02758,40.13
1,50,4,39,0.13697,0.03508,85.88
1,50,4,40,0.13846,0.04647,49.46
1,50,4,41,0.14067,0.06386,61.55
1,50,4,42,0.14361,0.08916,42.45
1,50,4,43,0.14626,0.11135,47.51
1,50,4,44,0.14817,0.12806,58.15
1,50,4,45,0.14632,0.11358,41.11
1,50,4,46,0.14,0.07054,82.11
1,50,4,47,0.13997,0.07068,54.85
1,50,4,48,0.13834,0.05623,111.67
1,50,4,49,0.13763,0.05002,85.34
1,50,4,50,0.13775,0.05084,65.62
1,50,4,51,0.13847,0.05687,65.63
1,50,4,52,0.13971,0.06728,75.43
1,50,4,53,0.14182,0.08127,37.95
1,50,4,54,0.14364,0.09597,60.08
1,50,4,55,0.14497,0.10728,45.72
1,50,4,56,0.14563,0.1119,38.29
1,50,4,57,0.14584,0.11284,48.56
1,50,4,58,0.14584,0.11203,47.4
1,50,4,59,0.143,0.08664,40.68
1,50,4,60,0.14098,0.06775,60.94
1,50,4,61,0.14011,0.05986,48.28
1,50,4,62,0.13966,0.05783,46.25
1,50,5,0,0.14642,0.05097,62.07
1,50,5,1,0.14946,0.08207,49.04
1,50,5,2,0.15637,0.16182,42.55
1,50,5,3,0.16407,0.24774,50.55
1,50,5,4,0.17185,0.33394,60.24
1,50,5,5,0.17538,0.34767,47.04
1,50,5,6,0.1745,0.31179,53.48
1,50,5,7,0.17508,0.29904,38.76
1,50,5,8,0.17689,0.31249,67.57
1,50,5,9,0.17998,0.34383,45.66
1,50,5,10,0.17964,0.34188,47.77
1,50,5,11,0.17988,0.34691,46.01
1,50,5,12,0.17689,0.32427,81.13
1,50,5,13,0.17609,0.32222,47.74
1,50,5,14,0.1773,0.34212,42.44
1,50,5,15,0.17951,0.37284,62.96
1,50,5,16,0.18271,0.4167,50.25
1,50,5,17,0.18232,0.41496,58.58
1,50,5,18,0.18336,0.42228,82.75
1,50,5,19,0.18562,0.43722,50.3
1,50,5,20,0.18314,0.41452,48.76
1,50,5,21,0.1808,0.37715,48.05
1,50,5,22,0.17626,0.31004,51.48
1,50,5,23,0.1729,0.25248,67.59
1,50,5,24,0.17086,0.19572,60.02
1,50,5,25,0.16539,0.14803,48.54
1,50,5,26,0.15876,0.12069,73.02
1,50,5,27,0.15264,0.10478,48.1
1,50,5,28,0.14601,0.09034,43.81
1,50,5,29,0.13342,0.05462,65.08
1,50,5,30,0.13387,0.06458,57.46
1,50,5,31,0.1376,0.08454,55.83
1,50,5,32,0.14566,0.12696,65.87
1,50,5,33,0.15151,0.13391,70.27
1,50,5,34,0.15421,0.13234,80.57
1,50,5,35,0.1543,0.12904,74.74
1,50,5,36,0.15189,0.12232,61.34
1,50,5,37,0.1472,0.11494,49.53
1,50,5,38,0.14121,0.102,57.6
1,50,5,39,0.13648,0.09135,51.6
1,50,5,40,0.13428,0.08543,45.07
1,50,5,41,0.15299,0.08587,57.61
1,50,5,42,0.15769,0.12387,62.19
1,50,5,43,0.16368,0.18406,54.92
1,50,5,44,0.16712,0.21162,49.84
1,50,5,45,0.16626,0.19547,60.79
1,50,5,46,0.16185,0.15298,40.02
1,50,5,47,0.16433,0.00047,55.45
1,50,5,48,0.16546,0.01252,62.6
1,50,5,49,0.16648,0.03359,45.59
1,50,5,50,0.16807,0.06225,37.07
1,50,5,51,0.16925,0.08638,54.41
1,50,5,52,0.17023,0.10925,49.16
1,50,5,53,0.17149,0.1298,75.21
1,50,5,54,0.17284,0.14894,44.33
1,50,5,55,0.17377,0.16278,52.42
1,50,5,56,0.17429,0.17197,42.94
1,50,5,57,0.17433,0.17555,53.08
1,50,5,58,0.17442,0.17705,74.5
1,50,5,59,0.17409,0.17709,55.4
1,50,5,60,0.17431,0.17702,61.21
1,50,5,61,0.17523,0.17421,66.94
1,50,5,62,0.17615,0.16905,90.67
1,50,5,63,0.1772,0.1627,55.98
1,50,5,64,0.17825,0.15493,44.45
1,50,5,65,0.17848,0.15075,60.28
1,50,5,66,0.17891,0.15137,81.21
1,50,5,67,0.179,0.15393,44.89
1,50,5,68,0.17864,0.15958,49.42
1,50,5,69,0.17784,0.16836,49.38
1,50,5,70,0.17691,0.17946,87.17
1,50,5,71,0.17653,0.18941,69.44
1,50,5,72,0.17545,0.19654,45.84
1,50,5,73,0.17349,0.19716,41.12
1,50,5,74,0.17197,0.19543,65.22
1,50,5,75,0.17057,0.19266,55.04
1,50,5,76,0.16986,0.19062,44.38
1,50,5,77,0.16924,0.19111,49.66
1,50,5,78,0.16857,0.19541,40.62
1,50,5,79,0.16823,0.20233,73.84
1,50,5,80,0.16847,0.20406,64.28
1,50,5,81,0.16857,0.2015,40.32
1,50,5,82,0.16805,0.19431,48.49
1,50,5,83,0.16754,0.18979,44.68
1,50,5,84,0.16734,0.19205,60.65
1,50,5,85,0.16736,0.1984,59.28
1,50,5,86,0.16776,0.20442,48.69
1,50,5,87,0.16791,0.20448,49.85
1,50,5,88,0.16776,0.20708,51.53
1,50,5,89,0.16727,0.20901,80.85
1,50,5,90,0.16722,0.20807,80.97
1,50,5,91,0.16754,0.20446,61.38
1,50,5,92,0.16779,0.19921,44.38
1,50,5,93,0.16778,0.19661,49.27
1,50,5,94,0.16819,0.19416,45.89
1,50,5,95,0.16891,0.19236,51.62
1,50,5,96,0.16989,0.19011,49.89
1,50,5,97,0.17013,0.18681,56.53
1,50,5,98,0.1705,0.18224,73.18
1,50,5,99,0.16985,0.17954,50.2
1,50,5,100,0.16871,0.17764,56.1
1,50,5,101,0.16808,0.17911,55.47
1,50,5,102,0.16782,0.18292,70.51
1,50,5,103,0.16672,0.18608,74.21
1,50,5,104,0.16563,0.19003,42.15
1,50,5,105,0.16538,0.19538,56.56
1,50,5,106,0.16537,0.20061,57.72
1,50,5,107,0.16499,0.2053,95.73
1,50,5,108,0.16429,0.2106,57.44
1,50,5,109,0.16343,0.21772,70.02
1,50,5,110,0.16286,0.22304,65.05
1,50,5,111,0.16148,0.23016,52.14
1,50,5,112,0.16056,0.2359,67.14
1,50,5,113,0.16046,0.24151,53.99
1,50,5,114,0.15998,0.24629,52.46
1,50,5,115,0.15972,0.24885,65.53
1,50,5,116,0.15956,0.25147,52.27
1,50,5,117,0.15951,0.25168,46.79
1,50,5,118,0.15953,0.24889,56.92
1,50,5,119,0.16035,0.24524,53.69
1,50,5,120,0.1609,0.24228,49.85
1,50,5,121,0.16169,0.23924,51.64
1,50,5,122,0.16273,0.23346,57.66
1,50,5,123,0.16384,0.22773,44.93
1,50,5,124,0.16459,0.22409,69.79
1,50,5,125,0.1653,0.22569,66.79
1,50,5,126,0.16615,0.23476,59.94
1,50,5,127,0.16665,0.24256,58.74
1,50,5,128,0.16712,0.24939,56.2
1,50,5,129,0.16682,0.25261,44.85
1,50,5,130,0.16617,0.24992,70.58
1,50,5,131,0.16513,0.24279,42.23
1,50,5,132,0.1644,0.2369,51.42
1,50,5,133,0.16359,0.23426,49.73
1,50,5,134,0.16261,0.23269,50.22
1,50,5,135,0.16149,0.23212,48.94
1,50,5,136,0.1609,0.23103,45.6
1,50,5,137,0.16064,0.22827,62.8
1,50,5,138,0.16025,0.22389,91.71
1,50,5,139,0.16014,0.22159,50.55
1,50,5,140,0.16032,0.22295,41.16
1,50,5,141,0.16134,0.22635,59.6
1,50,5,142,0.16253,0.23026,81.55
1,50,5,143,0.16271,0.23052,82.63
1,50,5,144,0.16287,0.22737,59.9
1,50,5,145,0.16315,0.22241,70.59
1,50,5,146,0.16321,0.21479,50.63
1,50,5,147,0.16317,0.20705,52.48
1,50,5,148,0.16322,0.2023,67.41
1,50,5,149,0.16333,0.20068,36.82
1,50,5,150,0.16348,0.20776,37.26
1,50,5,151,0.16355,0.22735,60.8
1,50,5,152,0.16367,0.24343,49.74
1,50,5,153,0.16376,0.26123,55.34
1,50,5,154,0.16393,0.27591,69.78
1,50,5,155,0.16445,0.28487,50.82
1,50,5,156,0.16472,0.28343,54.61
1,50,5,157,0.16494,0.27633,47.21
1,50,5,158,0.16571,0.27045,76.52
1,50,5,159,0.16672,0.26433,47.23
1,50,5,160,0.16743,0.25713,44.96
1,50,5,161,0.16789,0.24878,42.17
1,50,5,162,0.16798,0.23785,58.35
1,50,5,163,0.16816,0.2297,44.54
1,50,5,164,0.16796,0.22535,46.41
1,50,5,165,0.16801,0.22841,64.73
1,50,5,166,0.16736,0.2272,49.67
1,50,5,167,0.16572,0.22563,49.96
1,50,5,168,0.16392,0.22232,39.82
1,50,5,169,0.16283,0.21925,50.47
1,50,5,170,0.16227,0.22011,40.04
1,50,5,171,0.16248,0.22333,46.93
1,50,5,172,0.16264,0.22352,70.25
1,50,5,173,0.16296,0.22107,41.72
1,50,5,174,0.16247,0.21651,37.06
1,50,5,175,0.16116,0.2103,46.7
1,50,5,176,0.15903,0.20467,62.4
1,50,5,177,0.15563,0.19841,53.65
1,50,5,178,0.15188,0.1898,42.1
1,50,5,179,0.14914,0.18083,40.55
1,50,5,180,0.14668,0.16977,77.8
1,50,5,181,0.14467,0.16143,55.29
1,50,5,182,0.14401,0.15675,57.85
1,50,5,183,0.14374,0.15841,43.33
1,50,5,184,0.14386,0.16305,49.72
1,50,5,185,0.14471,0.1718,47.14
1,50,5,186,0.14656,0.18028,88.34
1,50,5,187,0.14798,0.19281,64.9
1,50,5,188,0.1495,0.20811,53.08
1,50,5,189,0.15206,0.22541,58.87
1,50,5,190,0.15415,0.2353,51.75
1,50,5,191,0.15661,0.24305,41.25
1,50,5,192,0.15877,0.24738,50.98
1,50,5,193,0.16112,0.25695,54.75
1,50,5,194,0.16332,0.26532,51.47
1,50,5,195,0.16575,0.26973,41.75
1,50,5,196,0.16766,0.27213,56.81
1,50,5,197,0.16919,0.27219,72.64
1,50,5,198,0.1705,0.27202,89.81
1,50,5,199,0.1718,0.27084,74.37
1,50,5,200,0.17313,0.26795,78.31
1,50,5,201,0.17439,0.27339,103.64
1,50,5,202,0.17605,0.27638,68.72
1,50,5,203,0.17744,0.27379,48.81
1,50,5,204,0.17849,0.27003,51.47
1,50,5,205,0.17952,0.26327,48.48
1,50,5,206,0.18029,0.25885,46.56
1,50,5,207,0.18105,0.25317,47.68
1,50,5,208,0.18235,0.25,50.91
1,50,5,209,0.18326,0.24533,51.25
1,50,5,210,0.18412,0.23945,102.52
1,50,5,211,0.18508,0.23581,85.39
2,50,1,0,0.45483,0.27208,96.64
2,50,1,1,0.45465,0.28353,72.58
2,50,1,2,0.4546,0.29203,76.63
2,50,1,3,0.45439,0.30459,51.76
2,50,1,4,0.45413,0.32054,42.75
2,50,1,5,0.45347,0.34418,72.74
2,50,1,6,0.45312,0.37579,54.43
2,50,1,7,0.45194,0.3995,64.14
2,50,1,8,0.45065,0.41908,75.59
2,50,1,9,0.44939,0.43754,54.68
2,50,1,10,0.44739,0.45514,43.91
2,50,1,11,0.44641,0.46156,45.33
2,50,1,12,0.44602,0.46566,43.31
2,50,1,13,0.4463,0.47191,56.7
2,50,1,14,0.44632,0.49029,40.34
2,50,1,15,0.44586,0.50443,69.89
2,50,1,16,0.44415,0.51749,43.35
2,50,1,17,0.44315,0.52173,46.86
2,50,1,18,0.44243,0.51742,54.5
2,50,1,19,0.44072,0.50675,45.36
2,50,1,20,0.4384,0.49657,48.66
2,50,1,21,0.43631,0.49056,66.68
2,50,1,22,0.4347,0.49648,41.27
2,50,1,23,0.43465,0.50242,46.21
2,50,1,24,0.43465,0.50868,93.82
2,50,1,25,0.4348,0.50804,73.04
2,50,1,26,0.43448,0.51083,95.88
2,50,1,27,0.4341,0.51078,42.34
2,50,1,28,0.43439,0.50509,36.63
2,50,1,29,0.4339,0.49511,48.34
2,50,1,30,0.43314,0.49215,72.68
2,50,1,31,0.4328,0.4967,43.22
2,50,1,32,0.43225,0.49322,70.73
2,50,1,33,0.43185,0.48334,72.37
2,50,1,34,0.43181,0.46474,55.51
2,50,1,35,0.4307,0.44177,48.01
2,50,1,36,0.42963,0.42243,91.72
2,50,1,37,0.42758,0.4134,55.73
2,50,1,38,0.42544,0.39773,86.09
2,50,1,39,0.42399,0.38977,49.9
2,50,1,40,0.42355,0.38557,48.33
2,50,1,41,0.42319,0.38619,43.03
2,50,1,42,0.42355,0.38919,48.02
2,50,1,43,0.42434,0.3911,72.55
2,50,1,44,0.42549,0.3938,66.92
2,50,1,45,0.42589,0.39524,62.2
2,50,1,46,0.42643,0.40296,88.06
2,50,1,47,0.42793,0.41357,54.78
2,50,1,48,0.42863,0.4243,57.28
2,50,1,49,0.43033,0.43377,98.65
2,50,1,50,0.4323,0.44975,83.99
2,50,1,51,0.43437,0.46234,73.98
2,50,1,52,0.43685,0.47304,64.96
2,50,1,53,0.43953,0.47512,53.65
2,50,1,54,0.4418,0.46835,51.45
2,50,1,55,0.44384,0.45215,42.81
2,50,1,56,0.44591,0.43196,76.4
2,50,1,57,0.44747,0.41005,119.96
2,50,1,58,0.4509,0.35952,49.06
2,50,1,59,0.45298,0.32011,54.04
2,50,1,60,0.45401,0.28429,62.6
2,50,1,61,0.45357,0.26764,57.28
2,50,1,62,0.45339,0.25816,39.09
2,50,1,63,0.45303,0.25945,41.7
2,50,1,64,0.45289,0.25544,54.78
2,50,1,65,0.45284,0.24985,56.49
2,50,1,66,0.45309,0.24403,59.87
2,50,1,67,0.45329,0.23936,64.87
2,50,1,68,0.45419,0.23402,55.61
2,50,1,69,0.45472,0.22847,91.65
2,50,1,70,0.45505,0.21824,116.99
2,50,1,71,0.45598,0.20402,66.57
2,50,1,72,0.45688,0.19539,43.83
2,50,1,73,0.45765,0.19038,72.58
2,50,1,74,0.45816,0.16133,78.69
2,50,1,75,0.45837,0.13411,49.48
2,50,1,76,0.45849,0.12604,48.03
2,50,1,77,0.45865,0.12444,50.22
2,50,1,78,0.45856,0.12939,89.22
2,50,1,79,0.45897,0.13369,84.96
2,50,1,80,0.46067,0.14187,55.27
2,50,1,81,0.46143,0.14812,59.88
2,50,1,82,0.46207,0.15424,68.97
2,50,1,83,0.46248,0.16201,83.54
2,50,1,84,0.46294,0.16819,77.23
2,50,1,85,0.46339,0.16869,88.69
2,50,1,86,0.4642,0.16841,72.4
2,50,1,87,0.46529,0.142,67.13
2,50,1,88,0.46565,0.12477,39.18
2,50,1,89,0.4656,0.11856,62.95
2,50,1,90,0.46492,0.12166,45.43
2,50,1,91,0.46408,0.12675,75.72
2,50,1,92,0.46375,0.13069,58.43
2,50,1,93,0.4631,0.13473,43.99
2,50,1,94,0.46222,0.13667,49.59
2,50,1,95,0.46237,0.13753,45.62
2,50,1,96,0.46291,0.13734,48.59
2,50,1,97,0.46326,0.13796,42.5
2,50,1,98,0.46431,0.13528,47.04
2,50,1,99,0.46492,0.12701,52.28
2,50,1,100,0.46581,0.11988,84.32
2,50,1,101,0.46623,0.11665,49.03
2,50,1,102,0.46661,0.08701,38.37
2,50,1,103,0.46697,0.06953,42.51
2,50,1,104,0.46808,0.03431,49.04
2,50,1,105,0.46861,0.03491,42.76
2,50,1,106,0.46912,0.04778,48.82
2,50,1,107,0.46912,0.05951,96.94
2,50,1,108,0.46924,0.06966,64.87
2,50,1,109,0.46941,0.07742,86.44
2,50,1,110,0.46899,0.08843,45.47
2,50,1,111,0.4685,0.09769,51.65
2,50,1,112,0.46909,0.08261,38.41
2,50,1,113,0.4691,0.0754,39.71
2,50,1,114,0.46836,0.07392,50.14
2,50,1,115,0.46706,0.07824,49.36
2,50,1,116,0.46575,0.08896,35.31
2,50,1,117,0.46439,0.10053,40.94
2,50,1,118,0.46341,0.08842,51.99
2,50,1,119,0.46245,0.07876,62.2
2,50,1,120,0.46221,0.05006,61.46
2,50,1,121,0.46206,0.0509,46.12
2,50,1,122,0.46134,0.06228,60.1
2,50,1,123,0.46027,0.08015,42.31
2,50,1,124,0.45971,0.09887,59.0
2,50,1,125,0.45874,0.11989,43.22
2,50,1,126,0.45771,0.14074,64.53
2,50,1,127,0.45678,0.16128,43.93
2,50,1,128,0.45539,0.17943,93.55
2,50,1,129,0.45371,0.19346,62.33
2,50,1,130,0.45233,0.20247,65.07
2,50,1,131,0.45107,0.20677,42.44
2,50,1,132,0.44965,0.20515,59.44
2,50,1,133,0.4483,0.20425,80.31
2,50,1,134,0.44755,0.20486,130.38
2,50,1,135,0.44661,0.20664,78.31
2,50,1,136,0.44558,0.21185,73.91
2,50,1,137,0.44449,0.21951,47.52
2,50,1,138,0.44367,0.22353,46.95
2,50,1,139,0.44342,0.2238,38.49
2,50,1,140,0.44338,0.22046,49.15
2,50,1,141,0.44355,0.22257,42.11
2,50,1,142,0.44465,0.22845,47.06
2,50,1,143,0.4453,0.24217,45.7
2,50,1,144,0.44474,0.25816,43.09
2,50,1,145,0.444,0.26689,68.52
2,50,1,146,0.44275,0.27283,56.25
2,50,1,147,0.44145,0.27796,87.36
2,50,1,148,0.44069,0.28174,76.18
2,50,1,149,0.4394,0.28055,48.41
2,50,1,150,0.43804,0.27441,49.31
2,50,1,151,0.4372,0.26999,54.8
2,50,1,152,0.43704,0.26733,47.15
2,50,2,0,0.43454,0.24757,111.06
2,50,2,1,0.43482,0.24702,96.89
2,50,2,2,0.43625,0.2496,58.49
2,50,2,3,0.43817,0.25607,47.07
2,50,2,4,0.4395,0.26107,38.34
2,50,2,5,0.44062,0.2633,42.16
2,50,2,6,0.44141,0.2655,52.79
2,50,2,7,0.44157,0.27187,56.45
2,50,2,8,0.44161,0.2845,74.74
2,50,2,9,0.44191,0.2958,55.84
2,50,2,10,0.44334,0.30565,60.12
2,50,2,11,0.44483,0.31325,54.76
2,50,2,12,0.44623,0.3165,52.05
2,50,2,13,0.44642,0.31415,45.47
2,50,2,14,0.44675,0.30838,47.14
2,50,2,15,0.44669,0.30168,45.27
2,50,2,16,0.4462,0.29953,44.22
2,50,2,17,0.44558,0.30109,60.2
2,50,2,18,0.4446,0.30582,44.63
2,50,2,19,0.44257,0.31181,54.79
2,50,2,20,0.44122,0.31052,59.86
2,50,2,21,0.44039,0.30743,41.6
2,50,2,22,0.44028,0.30286,51.33
2,50,2,23,0.44027,0.2958,78.95
2,50,2,24,0.44044,0.28557,46.88
2,50,2,25,0.44069,0.28372,53.82
2,50,2,26,0.44031,0.28536,55.4
2,50,2,27,0.43995,0.29228,58.94
2,50,2,28,0.43978,0.29614,62.84
2,50,2,29,0.44047,0.30509,96.62
2,50,2,30,0.44132,0.31752,81.78
2,50,2,31,0.44254,0.3227,82.07
2,50,2,32,0.44344,0.32327,69.38
2,50,2,33,0.44503,0.32404,57.39
2,50,2,34,0.44534,0.32369,37.98
2,50,2,35,0.44562,0.32677,48.85
2,50,2,36,0.44538,0.32938,43.55
2,50,2,37,0.44442,0.33283,49.73
2,50,2,38,0.44334,0.33628,66.43
2,50,2,39,0.44276,0.3436,48.22
2,50,2,40,0.44163,0.33742,55.91
2,50,2,41,0.44048,0.33336,44.41
2,50,2,42,0.43938,0.33484,75.17
2,50,2,43,0.43943,0.33683,54.58
2,50,2,44,0.44029,0.33755,76.25
2,50,2,45,0.44128,0.33823,49.92
2,50,2,46,0.44258,0.33322,100.38
2,50,2,47,0.44328,0.33109,76.83
2,50,2,48,0.4432,0.3262,109.47
2,50,2,49,0.44267,0.32012,65.01
2,50,2,50,0.44187,0.31765,73.36
2,50,2,51,0.4424,0.31645,68.23
2,50,2,52,0.44225,0.31815,53.04
2,50,2,53,0.44216,0.32266,57.28
2,50,2,54,0.44133,0.322,39.61
2,50,2,55,0.44032,0.32324,55.63
2,50,2,56,0.43929,0.31966,42.88
2,50,2,57,0.43852,0.32389,47.91
2,50,2,58,0.4381,0.33103,56.8
2,50,2,59,0.43681,0.34046,57.02
2,50,2,60,0.43473,0.35092,91.48
2,50,2,61,0.43152,0.35927,84.84
2,50,2,62,0.42881,0.36809,72.9
2,50,2,63,0.42447,0.37821,102.6
2,50,2,64,0.42238,0.37965,98.72
2,50,2,65,0.42048,0.37677,100.17
2,50,2,66,0.41961,0.37272,59.76
2,50,2,67,0.41855,0.37173,42.88
2,50,2,68,0.41737,0.37232,85.54
2,50,2,69,0.41734,0.37425,85.23
2,50,2,70,0.41789,0.38072,78.87
2,50,2,71,0.4199,0.38521,47.51
2,50,2,72,0.42175,0.38789,52.69
2,50,2,73,0.42308,0.38778,84.92
2,50,2,74,0.4251,0.38489,94.2
2,50,2,75,0.42646,0.387,87.77
2,50,2,76,0.42799,0.39055,85.17
2,50,2,77,0.43037,0.39237,47.54
2,50,2,78,0.43331,0.38874,50.43
2,50,2,79,0.43568,0.38034,94.08
2,50,2,80,0.43708,0.37019,81.2
2,50,2,81,0.43738,0.36242,50.62
2,50,2,82,0.43663,0.36223,66.93
2,50,2,83,0.43598,0.3626,54.54
2,50,2,84,0.43515,0.36619,46.31
2,50,2,85,0.43551,0.36646,60.43
2,50,2,86,0.43682,0.36683,44.29
2,50,2,87,0.43841,0.3677,55.07
2,50,2,88,0.43996,0.37303,54.53
2,50,2,89,0.44118,0.38179,55.23
2,50,2,90,0.44236,0.39329,48.89
2,50,2,91,0.44316,0.39794,75.44
2,50,2,92,0.44341,0.40262,100.32
2,50,2,93,0.4435,0.39856,79.08
2,50,2,94,0.44346,0.39344,50.49
2,50,2,95,0.44315,0.38135,55.17
2,50,2,96,0.44352,0.367,49.32
2,50,2,97,0.44488,0.34705,46.12
2,50,2,98,0.44709,0.31828,57.64
2,50,2,99,0.44946,0.29047,46.57
2,50,2,100,0.45152,0.26086,46.26
2,50,2,101,0.4526,0.23431,49.72
2,50,2,102,0.45309,0.21857,89.54
2,50,2,103,0.45238,0.2158,62.67
2,50,2,104,0.45166,0.22015,38.77
2,50,2,105,0.45175,0.22587,79.11
2,50,2,106,0.45162,0.23277,51.9
2,50,2,107,0.45088,0.23981,45.24
2,50,2,108,0.44995,0.24439,50.47
2,50,2,109,0.4486,0.2453,55.51
2,50,2,110,0.44796,0.24401,43.81
2,50,2,111,0.4477,0.24178,49.11
2,50,2,112,0.44786,0.24012,50.44
2,50,2,113,0.44799,0.23916,48.94
2,50,2,114,0.44774,0.24307,49.01
2,50,2,115,0.44757,0.24515,47.45
2,50,2,116,0.44736,0.24615,98.34
2,50,2,117,0.44654,0.24836,59.51
2,50,2,118,0.44612,0.25346,43.61
2,50,2,119,0.44601,0.25782,83.94
2,50,2,120,0.44671,0.26091,89.34
2,50,2,121,0.44808,0.26155,58.57
2,50,2,122,0.44915,0.25954,46.96
2,50,2,123,0.45066,0.26257,39.97
2,50,2,124,0.45157,0.2677,45.82
2,50,2,125,0.45228,0.27575,43.55
2,50,2,126,0.45269,0.27897,54.47
2,50,2,127,0.4531,0.28275,52.94
2,50,2,128,0.45283,0.293,49.35
2,50,2,129,0.45227,0.30708,37.65
2,50,2,130,0.45135,0.31826,43.16
2,50,2,131,0.44993,0.32161,66.39
2,50,3,0,0.44462,0.34614,43.2
2,50,3,1,0.44443,0.36179,50.42
2,50,3,2,0.44424,0.36965,74.02
2,50,3,3,0.44485,0.3676,50.94
2,50,3,4,0.44488,0.35726,46.66
2,50,3,5,0.44389,0.34679,106.88
2,50,3,6,0.44322,0.34592,46.14
2,50,3,7,0.44341,0.34772,111.62
2,50,3,8,0.44406,0.34048,90.53
2,50,3,9,0.44493,0.32866,56.87
2,50,3,10,0.44575,0.31148,46.19
2,50,3,11,0.44596,0.30354,51.16
2,50,3,12,0.44531,0.30326,50.08
2,50,3,13,0.44518,0.30652,63.91
2,50,3,14,0.44505,0.31555,53.07
2,50,3,15,0.44526,0.33063,42.75
2,50,3,16,0.44511,0.34798,43.83
2,50,3,17,0.44481,0.36233,45.63
2,50,3,18,0.44434,0.36657,44.45
2,50,3,19,0.44449,0.36574,55.63
2,50,3,20,0.44466,0.35503,49.62
2,50,3,21,0.44494,0.33645,64.26
2,50,3,22,0.44524,0.31781,77.89
2,50,3,23,0.44556,0.29639,48.51
2,50,3,24,0.44519,0.28629,45.03
2,50,3,25,0.44517,0.28157,55.15
2,50,3,26,0.44571,0.27863,74.53
2,50,3,27,0.44604,0.27634,74.9
2,50,3,28,0.44645,0.27293,85.79
2,50,3,29,0.44667,0.26627,82.97
2,50,3,30,0.44691,0.25778,46.49
2,50,3,31,0.44702,0.24882,48.34
2,50,3,32,0.44782,0.24468,79.23
2,50,3,33,0.44866,0.24071,55.15
2,50,3,34,0.44975,0.23619,50.8
2,50,3,35,0.45079,0.23682,48.51
2,50,3,36,0.45109,0.24058,53.76
2,50,3,37,0.45061,0.2462,43.44
2,50,3,38,0.44992,0.25681,42.31
2,50,3,39,0.4493,0.26204,66.75
2,50,3,40,0.44853,0.26683,63.44
2,50,3,41,0.44708,0.27151,64.36
2,50,3,42,0.44553,0.27513,55.77
2,50,3,43,0.44421,0.28723,74.93
2,50,3,44,0.44316,0.30283,59.45
2,50,3,45,0.4425,0.31813,46.24
2,50,3,46,0.44106,0.32903,38.64
2,50,3,47,0.43919,0.3302,39.17
2,50,3,48,0.43742,0.33006,75.34
2,50,3,49,0.43566,0.32667,47.28
2,50,3,50,0.43467,0.32704,50.27
2,50,3,51,0.43419,0.32914,60.75
2,50,3,52,0.43426,0.33329,44.09
2,50,3,53,0.434,0.34417,46.29
2,50,3,54,0.43351,0.35785,48.04
2,50,3,55,0.43315,0.36244,80.16
2,50,3,56,0.43285,0.36106,53.64
2,50,3,57,0.4324,0.35729,55.43
2,50,3,58,0.43265,0.35246,48.79
2,50,3,59,0.43347,0.3528,39.08
2,50,3,60,0.43384,0.34561,40.46
2,50,3,61,0.43379,0.33238,41.19
2,50,3,62,0.43343,0.32285,50.11
2,50,3,63,0.4331,0.31547,43.89
2,50,3,64,0.43276,0.30773,49.18
2,50,3,65,0.43348,0.30131,55.12
2,50,3,66,0.43379,0.3004,79.8
2,50,3,67,0.43442,0.29872,60.46
2,50,3,68,0.43526,0.29455,68.23
2,50,3,69,0.43613,0.29006,55.03
2,50,3,70,0.43658,0.29225,67.76
2,50,3,71,0.43665,0.29869,43.14
2,50,3,72,0.43753,0.29821,55.19
2,50,3,73,0.43868,0.29336,46.64
2,50,3,74,0.44009,0.29312,89.29
2,50,3,75,0.44169,0.29585,85.49
2,50,3,76,0.44346,0.301,68.94
2,50,3,77,0.44375,0.30687,52.3
2,50,3,78,0.44336,0.30601,74.53
2,50,3,79,0.44277,0.3004,52.95
2,50,3,80,0.44252,0.29584,46.19
2,50,3,81,0.44203,0.29119,42.22
2,50,3,82,0.44132,0.28673,49.59
2,50,3,83,0.44144,0.28113,51.76
2,50,3,84,0.44182,0.28474,73.6
2,50,3,85,0.44253,0.29036,81.38
2,50,3,86,0.44294,0.29508,56.05
2,50,3,87,0.44233,0.30224,43.73
2,50,3,88,0.44192,0.30228,49.5
2,50,3,89,0.44147,0.29576,52.93
2,50,3,90,0.44159,0.28715,51.22
2,50,3,91,0.44138,0.27401,43.73
2,50,3,92,0.44024,0.26622,39.52
2,50,3,93,0.43866,0.26001,44.73
2,50,3,94,0.43755,0.25481,48.95
2,50,3,95,0.43661,0.24986,51.7
2,50,3,96,0.43616,0.24419,53.97
2,50,3,97,0.43624,0.2381,67.29
2,50,3,98,0.43655,0.23582,44.46
2,50,3,99,0.43702,0.23663,46.43
2,50,3,100,0.43811,0.24303,53.91
2,50,3,101,0.43872,0.25106,52.65
2,50,3,102,0.43866,0.26296,48.82
2,50,3,103,0.43843,0.27912,50.29
2,50,3,104,0.43898,0.30342,48.35
2,50,3,105,0.43948,0.33524,59.95
2,50,3,106,0.4409,0.36793,49.67
2,50,3,107,0.44143,0.38275,46.69
2,50,3,108,0.44148,0.39018,57.54
2,50,3,109,0.44214,0.39132,52.88
2,50,3,110,0.44332,0.39044,45.17
2,50,3,111,0.4453,0.39981,83.87
2,50,3,112,0.44599,0.3997,53.38
2,50,3,113,0.44631,0.39233,57.13
2,50,3,114,0.44595,0.38281,44.9
2,50,3,115,0.44528,0.37491,48.26
2,50,3,116,0.44459,0.36167,44.22
2,50,3,117,0.44445,0.35007,97.17
2,50,3,118,0.44426,0.34503,75.98
2,50,3,119,0.4435,0.34225,118.24
2,50,3,120,0.44199,0.34205,94.53
2,50,3,121,0.44036,0.34252,86.63
2,50,3,122,0.4382,0.34538,86.75
2,50,3,123,0.43675,0.35309,83.55
2,50,3,124,0.43625,0.35685,64.7
2,50,3,125,0.43752,0.35686,76.02
2,50,3,126,0.43844,0.35741,56.14
2,50,3,127,0.44055,0.35,68.2
2,50,3,128,0.44397,0.32668,78.32
2,50,3,129,0.44651,0.29647,99.34
2,50,3,130,0.44842,0.26362,70.02
2,50,4,0,0.45443,0.16477,117.3
2,50,4,1,0.45515,0.15017,78.54
2,50,4,2,0.45602,0.14675,66.31
2,50,4,3,0.45617,0.14504,56.21
2,50,4,4,0.45671,0.1462,44.18
2,50,4,5,0.45747,0.14573,75.95
2,50,4,6,0.45778,0.14736,69.26
2,50,4,7,0.4573,0.14951,51.97
2,50,4,8,0.45672,0.15532,87.04
2,50,4,9,0.45585,0.16035,65.34
2,50,4,10,0.45446,0.16859,47.64
2,50,4,11,0.45305,0.17523,41.97
2,50,4,12,0.45159,0.17726,59.43
2,50,4,13,0.45047,0.17538,50.15
2,50,4,14,0.45004,0.1733,75.75
2,50,4,15,0.44898,0.17456,55.33
2,50,4,16,0.44786,0.17606,58.47
2,50,4,17,0.44685,0.1793,49.92
2,50,4,18,0.44632,0.17997,44.75
2,50,4,19,0.44591,0.18071,57.33
2,50,4,20,0.44638,0.1809,43.27
2,50,4,21,0.44785,0.18646,85.89
2,50,4,22,0.44935,0.19289,85.98
2,50,4,23,0.45049,0.20282,65.85
2,50,4,24,0.4516,0.21418,84.18
2,50,4,25,0.45238,0.2208,56.37
2,50,4,26,0.45344,0.22551,52.78
2,50,4,27,0.45403,0.22711,81.62
2,50,4,28,0.45441,0.22777,80.79
2,50,4,29,0.45387,0.22569,97.48
2,50,4,30,0.45313,0.22286,55.19
2,50,4,31,0.452,0.22022,49.99
2,50,4,32,0.45163,0.21494,41.24
2,50,4,33,0.45129,0.2103,94.02
2,50,4,34,0.45156,0.20457,49.12
2,50,4,35,0.45142,0.20053,48.03
2,50,4,36,0.4513,0.19694,41.34
2,50,4,37,0.45144,0.19424,47.6
2,50,4,38,0.45189,0.19206,44.66
2,50,4,39,0.45193,0.19294,94.49
2,50,4,40,0.45153,0.19076,52.06
2,50,4,41,0.44993,0.18897,49.84
2,50,4,42,0.44733,0.19002,52.49
2,50,4,43,0.44599,0.1927,45.06
2,50,4,44,0.44558,0.19694,42.76
2,50,4,45,0.44562,0.19884,41.28
2,50,4,46,0.44598,0.19932,37.0
2,50,4,47,0.44583,0.20324,94.11
2,50,4,48,0.44557,0.20566,51.26
2,50,4,49,0.44498,0.20571,47.91
2,50,4,50,0.4445,0.20102,36.8
2,50,4,51,0.4447,0.19617,45.75
2,50,4,52,0.44526,0.19197,63.51
2,50,4,53,0.44607,0.18811,40.09
2,50,4,54,0.44697,0.18946,53.52
2,50,4,55,0.44696,0.18541,50.31
2,50,4,56,0.44671,0.18478,51.04
2,50,4,57,0.44599,0.18337,55.08
2,50,4,58,0.44545,0.17815,89.63
2,50,4,59,0.44515,0.17125,56.44
2,50,4,60,0.44478,0.16308,59.02
2,50,4,61,0.4442,0.1572,45.2
2,50,4,62,0.44341,0.15989,81.58
2,50,4,63,0.44284,0.16841,49.71
2,50,4,64,0.44229,0.17483,51.75
2,50,4,65,0.44198,0.1789,83.34
2,50,4,66,0.44164,0.18115,50.33
2,50,4,67,0.44122,0.18285,67.85
2,50,4,68,0.44151,0.18587,69.6
2,50,4,69,0.44229,0.18746,117.16
2,50,4,70,0.4433,0.19173,97.39
2,50,4,71,0.44413,0.19835,72.89
2,50,4,72,0.44444,0.20526,49.11
2,50,4,73,0.44523,0.21046,42.51
2,50,4,74,0.44603,0.2133,54.92
2,50,4,75,0.44618,0.21463,52.38
2,50,4,76,0.44648,0.21591,50.22
2,50,4,77,0.44654,0.2176,59.41
2,50,4,78,0.44613,0.21752,102.12
2,50,4,79,0.44567,0.21599,71.57
2,50,4,80,0.44596,0.21773,52.46
2,50,4,81,0.44638,0.21507,62.69
2,50,4,82,0.44717,0.2095,42.04
2,50,4,83,0.44807,0.20001,55.63
2,50,4,84,0.44915,0.18878,54.91
2,50,4,85,0.4497,0.17732,113.84
2,50,4,86,0.45026,0.16632,73.55
2,50,4,87,0.45073,0.15364,94.86
2,50,4,88,0.45053,0.151,60.2
2,50,4,89,0.45002,0.15346,67.53
2,50,4,90,0.44918,0.15772,49.19
2,50,4,91,0.44782,0.16423,48.92
2,50,4,92,0.44633,0.17258,80.45
2,50,4,93,0.4456,0.17823,59.47
2,50,4,94,0.44554,0.1873,85.49
2,50,4,95,0.44598,0.19858,56.03
2,50,4,96,0.44549,0.20345,40.22
2,50,5,0,0.44177,0.23486,56.16
2,50,5,1,0.44196,0.23909,46.51
2,50,5,2,0.44219,0.2403,58.11
2,50,5,3,0.44259,0.24029,59.57
2,50,5,4,0.44287,0.2394,85.73
2,50,5,5,0.44365,0.23912,50.39
2,50,5,6,0.44457,0.23822,75.57
2,50,5,7,0.4448,0.23692,48.77
2,50,5,8,0.44582,0.23547,58.99
2,50,5,9,0.44711,0.23375,49.47
2,50,5,10,0.44919,0.22837,43.31
2,50,5,11,0.45082,0.22315,45.83
2,50,5,12,0.45085,0.21724,38.96
2,50,5,13,0.44964,0.21205,47.26
2,50,5,14,0.44794,0.20856,58.83
2,50,5,15,0.44645,0.2082,61.01
2,50,5,16,0.44429,0.20509,41.56
2,50,5,17,0.44254,0.20335,57.21
2,50,5,18,0.44125,0.20416,50.15
2,50,5,19,0.43963,0.20602,47.65
2,50,5,20,0.43912,0.21216,59.62
2,50,5,21,0.43956,0.22036,52.06
2,50,5,22,0.44062,0.22316,102.07
2,50,5,23,0.44267,0.22295,86.06
2,50,5,24,0.44602,0.22071,59.9
2,50,5,25,0.44971,0.22489,51.05
2,50,5,26,0.45295,0.23344,30.98
2,50,5,27,0.45581,0.23971,55.31
2,50,5,28,0.4583,0.24511,42.15
2,50,5,29,0.45966,0.24523,56.55
2,50,5,30,0.45968,0.23747,51.86
2,50,5,31,0.4588,0.23101,80.89
2,50,5,32,0.45731,0.22525,46.36
2,50,5,33,0.45601,0.22298,61.44
2,50,5,34,0.45431,0.22086,52.5
2,50,5,35,0.45262,0.21813,45.43
2,50,5,36,0.45132,0.219,72.77
2,50,5,37,0.45027,0.21478,41.4
2,50,5,38,0.44927,0.21496,63.62
2,50,5,39,0.44902,0.21959,88.34
2,50,5,40,0.44812,0.22397,93.89
2,50,5,41,0.44658,0.23584,60.36
2,50,5,42,0.44541,0.25511,29.59
2,50,5,43,0.44439,0.27203,62.8
2,50,5,44,0.44314,0.28863,68.4
2,50,5,45,0.44216,0.29948,55.64
2,50,5,46,0.44119,0.30457,41.29
2,50,5,47,0.44019,0.30632,68.82
2,50,5,48,0.43882,0.3105,92.64
2,50,5,49,0.43775,0.31151,97.93
2,50,5,50,0.43697,0.31243,99.74
2,50,5,51,0.43568,0.31359,91.8
2,50,5,52,0.43471,0.30893,55.56
2,50,5,53,0.43447,0.30425,47.75
2,50,5,54,0.43517,0.30133,55.1
2,50,5,55,0.436,0.30024,49.5
2,50,5,56,0.43646,0.29613,51.37
2,50,5,57,0.4365,0.28979,36.01
2,50,5,58,0.43627,0.27994,46.36
2,50,5,59,0.43595,0.27006,58.11
2,50,5,60,0.43556,0.26336,41.42
2,50,5,61,0.43491,0.26087,52.33
2,50,5,62,0.43508,0.25933,90.98
2,50,5,63,0.43505,0.26204,104.58
2,50,5,64,0.43557,0.2709,86.7
2,50,5,65,0.43545,0.28565,82.59
2,50,5,66,0.43458,0.29869,57.41
2,50,5,67,0.43249,0.30943,36.01
2,50,5,68,0.4304,0.3193,49.82
2,50,5,69,0.42834,0.3287,52.18
2,50,5,70,0.42731,0.33688,71.13
2,50,5,71,0.42715,0.34333,77.77
2,50,5,72,0.42759,0.34852,47.13
2,50,5,73,0.42939,0.35159,46.65
2,50,5,74,0.43058,0.34563,51.11
2,50,5,75,0.43161,0.3396,38.19
2,50,5,76,0.43215,0.33731,46.36
2,50,5,77,0.43259,0.33125,76.96
2,50,5,78,0.43286,0.32269,65.82
2,50,5,79,0.43301,0.31899,59.12
2,50,5,80,0.43286,0.31569,46.25
2,50,5,81,0.43285,0.31206,59.43
2,50,5,82,0.43258,0.30712,49.52
2,50,5,83,0.43316,0.29915,54.16
2,50,5,84,0.43361,0.29052,46.66
2,50,5,85,0.43385,0.27886,49.93
2,50,5,86,0.43448,0.2664,83.02
2,50,5,87,0.43412,0.25635,102.73
2,50,5,88,0.43369,0.24556,90.06
2,50,5,89,0.43351,0.23921,70.62
2,50,5,90,0.43331,0.23632,43.62
2,50,5,91,0.4327,0.23233,51.33
2,50,5,92,0.43291,0.23359,79.61
2,50,5,93,0.43208,0.23864,96.88
2,50,5,94,0.43136,0.24311,55.79
2,50,5,95,0.43047,0.24975,44.78
2,50,5,96,0.43017,0.25723,57.06
2,50,5,97,0.43051,0.26753,43.62
2,50,5,98,0.43141,0.27568,60.49
2,50,5,99,0.43239,0.27861,84.76
2,50,5,100,0.4331,0.27589,52.86
2,50,5,101,0.43354,0.26886,45.97
2,50,5,102,0.4334,0.26508,37.89
2,50,5,103,0.43253,0.25862,78.01
2,50,5,104,0.43158,0.25127,63.2
2,50,5,105,0.4307,0.24345,62.54
2,50,5,106,0.42973,0.23768,58.26
2,50,5,107,0.42844,0.23587,65.47
2,50,5,108,0.42761,0.23367,96.57
2,50,5,109,0.42742,0.22963,100.84
2,50,5,110,0.42718,0.2275,80.8
2,50,5,111,0.42665,0.22618,95.21
2,50,5,112,0.42653,0.22196,53.78
2,50,5,113,0.42671,0.2175,78.74
2,50,5,114,0.42698,0.2186,49.7
2,50,5,115,0.42802,0.21752,38.42
2,50,5,116,0.42827,0.21583,49.85
2,50,5,117,0.42856,0.21351,46.76
2,50,5,118,0.42937,0.21119,56.13
2,50,5,119,0.43017,0.2089,41.56
2,50,5,120,0.43039,0.21199,69.63
2,50,5,121,0.43051,0.21541,61.44
2,50,5,122,0.4302,0.21901,44.3
2,50,5,123,0.42908,0.22162,45.87
2,50,5,124,0.42791,0.21924,57.6
2,50,5,125,0.42699,0.21337,51.48
2,50,5,126,0.42623,0.20706,60.52
2,50,5,127,0.42575,0.20067,64.91
2,50,5,128,0.42564,0.19896,64.21
2,50,5,129,0.4254,0.19976,46.24
2,50,5,130,0.42533,0.20255,46.75
2,50,5,131,0.42544,0.20772,67.25
2,50,5,132,0.42597,0.21413,42.6
2,50,5,133,0.42587,0.22117,46.14
2,50,5,134,0.42569,0.22713,85.9
2,50,5,135,0.42476,0.23138,54.21
2,50,5,136,0.42406,0.23285,60.03
2,50,5,137,0.42334,0.23241,53.37
2,50,5,138,0.42296,0.23309,41.46
2,50,5,139,0.42312,0.23279,85.64
2,50,5,140,0.42419,0.23387,64.78
2,50,5,141,0.42608,0.23333,52.51
2,50,5,142,0.428,0.23588,53.79
2,50,5,143,0.42854,0.23533,52.9
2,50,5,144,0.42861,0.23044,40.68
2,50,5,145,0.42823,0.22534,71.97
2,50,5,146,0.42782,0.21612,40.08
2,50,5,147,0.42736,0.20765,64.04
2,50,5,148,0.42721,0.20301,37.71
2,50,5,149,0.42712,0.20576,43.16
2,50,5,150,0.42713,0.21171,49.06
2,50,5,151,0.42756,0.21775,84.79
2,50,5,152,0.42801,0.22266,74.1
2,50,5,153,0.42843,0.22772,52.67
2,50,5,154,0.42886,0.2312,80.8
2,50,5,155,0.42919,0.23306,49.2
2,50,5,156,0.42953,0.23425,50.62
2,50,5,157,0.42983,0.23675,55.01
2,50,5,158,0.4294,0.23613,43.11
2,50,5,159,0.42902,0.23781,50.6
2,50,5,160,0.42851,0.24101,43.25
2,50,5,161,0.42845,0.24582,46.3
2,50,5,162,0.42878,0.24873,44.61
2,50,5,163,0.42922,0.24928,70.18
2,50,5,164,0.43038,0.24938,50.14
2,50,5,165,0.4319,0.24722,97.18
2,50,5,166,0.43292,0.24412,77.42
2,50,5,167,0.43415,0.23781,49.43
2,50,5,168,0.43529,0.23084,64.87
2,50,5,169,0.4361,0.23109,84.38
2,50,5,170,0.43659,0.2339,69.05
2,50,5,171,0.43713,0.23947,59.84
2,50,5,172,0.43794,0.24021,48.35
2,50,5,173,0.43839,0.24238,38.93
2,50,5,174,0.43814,0.24557,71.48
2,50,5,175,0.43738,0.24557,48.83
3,50,1,0,0.76332,0.30919,78.03
3,50,1,1,0.7617,0.3186,76.57
3,50,1,2,0.7594,0.33188,50.1
3,50,1,3,0.75829,0.33897,83.13
3,50,1,4,0.75702,0.33882,39.07
3,50,1,5,0.75635,0.33436,51.28
3,50,1,6,0.756,0.32977,38.58
3,50,1,7,0.75609,0.32713,55.6
3,50,1,8,0.75657,0.32093,100.26
3,50,1,9,0.75668,0.3124,88.05
3,50,1,10,0.75738,0.29981,60.75
3,50,1,11,0.75846,0.29519,52.39
3,50,1,12,0.75993,0.29826,91.04
3,50,1,13,0.76129,0.29731,79.51
3,50,1,14,0.76233,0.29667,80.46
3,50,1,15,0.76268,0.30086,64.88
3,50,1,16,0.76288,0.30686,61.22
3,50,1,17,0.76254,0.29995,54.25
3,50,1,18,0.76233,0.28496,61.5
3,50,1,19,0.7628,0.27946,106.7
3,50,1,20,0.76301,0.28178,79.24
3,50,1,21,0.76304,0.28594,59.2
3,50,1,22,0.76298,0.28989,100.96
3,50,1,23,0.76285,0.29245,78.34
3,50,1,24,0.76333,0.29777,66.73
3,50,1,25,0.76395,0.30653,46.65
3,50,1,26,0.76455,0.31751,54.54
3,50,1,27,0.76506,0.32732,61.33
3,50,1,28,0.76557,0.33397,53.72
3,50,1,29,0.76532,0.33009,83.55
3,50,1,30,0.76506,0.3217,38.18
3,50,1,31,0.76449,0.30983,47.95
3,50,1,32,0.76379,0.29998,42.42
3,50,1,33,0.76342,0.29266,50.83
3,50,1,34,0.76343,0.28715,42.73
3,50,1,35,0.76413,0.28841,59.73
3,50,1,36,0.76475,0.29355,40.99
3,50,1,37,0.7649,0.30156,56.64
3,50,1,38,0.765,0.31253,72.0
3,50,1,39,0.76475,0.31885,60.43
3,50,1,40,0.76531,0.32006,55.39
3,50,1,41,0.76553,0.31832,93.7
3,50,1,42,0.76547,0.31543,86.19
3,50,1,43,0.76516,0.31179,40.2
3,50,1,44,0.76562,0.30978,95.07
3,50,1,45,0.76662,0.31008,56.53
3,50,1,46,0.76811,0.31141,42.99
3,50,1,47,0.76861,0.31356,94.93
3,50,1,48,0.76913,0.31292,73.82
3,50,1,49,0.76868,0.31155,79.47
3,50,1,50,0.76827,0.3114,61.86
3,50,1,51,0.7668,0.31378,44.08
3,50,1,52,0.76551,0.32225,40.65
3,50,1,53,0.76406,0.32539,65.83
3,50,1,54,0.76304,0.32664,79.41
3,50,1,55,0.7619,0.32566,58.9
3,50,1,56,0.76018,0.32267,52.31
3,50,1,57,0.75814,0.31953,40.08
3,50,1,58,0.75674,0.31278,36.9
3,50,1,59,0.75643,0.303,44.82
3,50,1,60,0.75714,0.29651,41.72
3,50,1,61,0.75802,0.29072,52.74
3,50,1,62,0.7601,0.24738,77.97
3,50,1,63,0.76286,0.1706,38.58
3,50,1,64,0.77405,0.00619,61.88
3,50,1,65,0.77326,0.02615,57.6
3,50,1,66,0.77259,0.05788,54.1
3,50,1,67,0.77128,0.09956,51.96
3,50,1,68,0.76988,0.14618,56.62
3,50,1,69,0.76945,0.17338,58.97
3,50,1,70,0.76862,0.19539,49.27
3,50,1,71,0.76776,0.21042,44.38
3,50,1,72,0.76626,0.22315,57.68
3,50,1,73,0.76485,0.23739,59.13
3,50,1,74,0.76459,0.24876,44.17
3,50,1,75,0.7645,0.25934,46.89
3,50,1,76,0.76464,0.262,64.73
3,50,1,77,0.76581,0.23969,93.29
3,50,1,78,0.76722,0.21842,52.97
3,50,1,79,0.76852,0.20066,87.75
3,50,1,80,0.76895,0.19767,48.25
3,50,1,81,0.76943,0.20148,46.71
3,50,1,82,0.76929,0.21255,52.02
3,50,1,83,0.76872,0.22846,55.33
3,50,1,84,0.76815,0.25077,50.26
3,50,1,85,0.7682,0.25888,50.9
3,50,1,86,0.76919,0.23668,57.51
3,50,1,87,0.77005,0.22148,42.46
3,50,1,88,0.77038,0.2223,55.1
3,50,1,89,0.77094,0.23069,46.79
3,50,1,90,0.77127,0.2469,66.15
3,50,1,91,0.77219,0.26319,46.59
3,50,1,92,0.77231,0.27987,45.77
3,50,1,93,0.77292,0.29362,47.45
3,50,1,94,0.77359,0.30163,42.8
3,50,1,95,0.77458,0.31117,46.45
3,50,1,96,0.77556,0.32088,54.47
3,50,1,97,0.77645,0.32477,48.58
3,50,1,98,0.77818,0.32437,61.47
3,50,1,99,0.77991,0.33069,41.88
3,50,1,100,0.78045,0.34104,45.87
3,50,1,101,0.78161,0.34949,72.05
3,50,1,102,0.78237,0.35374,72.77
3,50,1,103,0.78295,0.36149,53.52
3,50,1,104,0.78341,0.36337,67.95
3,50,1,105,0.78343,0.3665,56.15
3,50,1,106,0.78333,0.36646,48.77
3,50,1,107,0.78255,0.36286,49.37
3,50,1,108,0.7814,0.35766,51.0
3,50,1,109,0.77978,0.35565,60.39
3,50,1,110,0.77752,0.35607,65.75
3,50,1,111,0.77593,0.35605,105.31
3,50,1,112,0.77476,0.35142,88.77
3,50,1,113,0.77278,0.34861,42.87
3,50,1,114,0.77227,0.34321,42.51
3,50,1,115,0.7725,0.33534,49.53
3,50,1,116,0.773,0.33018,55.99
3,50,1,117,0.77441,0.3257,61.99
3,50,1,118,0.77577,0.32506,80.39
3,50,1,119,0.7764,0.32395,59.54
3,50,1,120,0.77693,0.3226,41.71
3,50,1,121,0.77765,0.32,44.69
3,50,1,122,0.77744,0.31756,59.7
3,50,1,123,0.77755,0.31723,44.75
3,50,1,124,0.77735,0.31824,56.5
3,50,1,125,0.77675,0.3208,43.77
3,50,2,0,0.77006,0.24803,66.66
3,50,2,1,0.7686,0.24964,56.45
3,50,2,2,0.76661,0.25429,71.82
3,50,2,3,0.76432,0.2587,59.08
3,50,2,4,0.7633,0.26325,106.28
3,50,2,5,0.76223,0.26962,72.77
3,50,2,6,0.76193,0.27721,100.02
3,50,2,7,0.7626,0.27698,57.46
3,50,2,8,0.76402,0.27354,52.84
3,50,2,9,0.76497,0.27057,47.1
3,50,2,10,0.76649,0.26641,42.0
3,50,2,11,0.76876,0.25285,55.04
3,50,2,12,0.77135,0.24597,50.42
3,50,2,13,0.77345,0.24416,60.31
3,50,2,14,0.77589,0.22989,41.31
3,50,2,15,0.77726,0.22451,90.51
3,50,2,16,0.77728,0.2272,51.21
3,50,2,17,0.77609,0.23496,43.41
3,50,2,18,0.77533,0.24276,68.65
3,50,2,19,0.77445,0.25136,84.6
3,50,2,20,0.77393,0.26779,116.39
3,50,2,21,0.77388,0.28018,80.56
3,50,2,22,0.77401,0.28988,53.57
3,50,2,23,0.77491,0.30123,57.41
3,50,2,24,0.77549,0.32235,50.19
3,50,2,25,0.77533,0.34516,55.42
3,50,2,26,0.77452,0.36453,42.53
3,50,2,27,0.77389,0.37801,91.54
3,50,2,28,0.7732,0.38133,85.61
3,50,2,29,0.77247,0.38128,72.52
3,50,2,30,0.77188,0.38506,62.61
3,50,2,31,0.77148,0.3895,89.02
3,50,2,32,0.77092,0.39758,45.96
3,50,2,33,0.76956,0.40421,36.3
3,50,2,34,0.76842,0.41195,47.24
3,50,2,35,0.76758,0.42184,50.79
3,50,2,36,0.76665,0.42348,48.03
3,50,2,37,0.76599,0.41841,86.71
3,50,2,38,0.76576,0.40895,65.05
3,50,2,39,0.76496,0.39066,44.75
3,50,2,40,0.76463,0.3808,58.93
3,50,2,41,0.76467,0.37701,44.64
3,50,2,42,0.76467,0.37961,84.56
3,50,2,43,0.76459,0.38709,66.43
3,50,2,44,0.7641,0.39619,47.29
3,50,2,45,0.76382,0.4151,48.22
3,50,2,46,0.76262,0.44024,62.06
3,50,2,47,0.76092,0.47,51.52
3,50,2,48,0.75976,0.4884,89.6
3,50,2,49,0.75939,0.4911,86.2
3,50,2,50,0.75909,0.4855,43.42
3,50,2,51,0.75918,0.47826,109.71
3,50,2,52,0.75962,0.46859,100.87
3,50,2,53,0.75981,0.45771,74.37
3,50,2,54,0.76045,0.45164,55.19
3,50,2,55,0.76129,0.44662,45.76
3,50,2,56,0.7631,0.44186,49.33
3,50,2,57,0.76521,0.44324,49.73
3,50,2,58,0.76748,0.44445,49.19
3,50,2,59,0.76924,0.44557,40.81
3,50,2,60,0.77062,0.44343,88.56
3,50,2,61,0.77114,0.4391,84.06
3,50,2,62,0.77111,0.4323,58.26
3,50,2,63,0.77075,0.42248,48.31
3,50,2,64,0.77095,0.41396,49.53
3,50,3,0,0.78314,0.19181,58.73
3,50,3,1,0.78195,0.19371,56.45
3,50,3,2,0.78003,0.19673,51.97
3,50,3,3,0.77947,0.19931,56.75
3,50,3,4,0.77883,0.20394,60.34
3,50,3,5,0.77905,0.20881,50.4
3,50,3,6,0.77889,0.21365,61.22
3,50,3,7,0.7799,0.21919,43.58
3,50,3,8,0.78064,0.22449,38.13
3,50,3,9,0.78117,0.22579,46.41
3,50,3,10,0.78149,0.22535,61.75
3,50,3,11,0.78156,0.22404,98.37
3,50,3,12,0.78105,0.22118,67.56
3,50,3,13,0.78014,0.22207,52.99
3,50,3,14,0.7789,0.22642,46.36
3,50,3,15,0.77801,0.22698,80.64
3,50,3,16,0.77753,0.22469,68.53
3,50,3,17,0.77651,0.22379,52.27
3,50,3,18,0.7754,0.22466,38.38
3,50,3,19,0.77497,0.22623,48.51
3,50,3,20,0.77498,0.22946,48.77
3,50,3,21,0.77493,0.23349,45.48
3,50,3,22,0.77571,0.23456,54.27
3,50,3,23,0.77723,0.23402,44.45
3,50,3,24,0.77808,0.23241,63.67
3,50,3,25,0.77848,0.22981,46.28
3,50,3,26,0.779,0.22657,70.9
3,50,3,27,0.77932,0.22444,61.5
3,50,3,28,0.78029,0.2283,46.74
3,50,3,29,0.78088,0.23563,67.81
3,50,3,30,0.78113,0.23665,98.35
3,50,3,31,0.78107,0.23559,78.71
3,50,3,32,0.78066,0.23373,63.49
3,50,3,33,0.78002,0.2317,50.0
3,50,3,34,0.77979,0.23113,44.87
3,50,3,35,0.78029,0.22787,47.43
3,50,3,36,0.77965,0.22495,41.02
3,50,3,37,0.77845,0.22216,51.96
3,50,3,38,0.77719,0.21915,49.77
3,50,3,39,0.77574,0.21763,61.26
3,50,3,40,0.77469,0.21716,45.94
3,50,3,41,0.7744,0.21693,47.08
3,50,3,42,0.77496,0.21659,42.73
3,50,3,43,0.77588,0.21673,81.45
3,50,3,44,0.77639,0.21882,75.5
3,50,3,45,0.77655,0.21804,45.27
3,50,3,46,0.77675,0.2143,55.29
3,50,3,47,0.77729,0.20774,53.81
3,50,3,48,0.77748,0.20868,46.91
3,50,3,49,0.777,0.21352,35.81
3,50,3,50,0.77607,0.21947,41.12
3,50,3,51,0.7755,0.22454,38.61
3,50,3,52,0.77535,0.23062,77.03
3,50,3,53,0.77528,0.23494,53.53
3,50,3,54,0.77488,0.24336,70.77
3,50,3,55,0.77504,0.24895,53.14
3,50,3,56,0.77581,0.25676,85.34
3,50,3,57,0.77625,0.26039,92.32
3,50,3,58,0.7763,0.26127,94.71
3,50,3,59,0.77619,0.2646,55.68
3,50,3,60,0.77567,0.27053,41.02
3,50,3,61,0.77554,0.27098,51.29
3,50,3,62,0.77574,0.27104,44.25
3,50,3,63,0.77615,0.27196,61.31
3,50,3,64,0.77604,0.27408,62.66
3,50,3,65,0.77546,0.27582,63.69
3,50,3,66,0.77535,0.27307,50.58
3,50,3,67,0.77543,0.26635,42.52
3,50,3,68,0.77604,0.26295,62.13
3,50,3,69,0.77665,0.25874,85.68
3,50,3,70,0.77693,0.25542,52.2
3,50,3,71,0.77681,0.25474,93.29
3,50,3,72,0.77634,0.25652,63.61
3,50,3,73,0.77562,0.25664,95.99
3,50,3,74,0.77489,0.25815,83.39
3,50,3,75,0.77505,0.25719,56.6
3,50,3,76,0.7756,0.25837,87.41
3,50,3,77,0.77699,0.25869,88.19
3,50,3,78,0.77807,0.25283,79.74
3,50,3,79,0.77815,0.24861,57.38
3,50,3,80,0.77778,0.24479,98.96
3,50,3,81,0.77724,0.24243,84.17
3,50,3,82,0.77671,0.24095,65.92
3,50,3,83,0.7762,0.23858,51.52
3,50,3,84,0.77542,0.24006,44.31
3,50,3,85,0.7746,0.24383,52.49
3,50,3,86,0.77371,0.24878,80.8
3,50,3,87,0.77358,0.25504,54.1
3,50,3,88,0.77315,0.26124,78.86
3,50,3,89,0.77257,0.26688,93.97
3,50,3,90,0.77284,0.27234,71.07
3,50,3,91,0.7739,0.27534,54.59
3,50,3,92,0.77436,0.28001,56.84
3,50,3,93,0.77444,0.28497,42.45
3,50,3,94,0.77428,0.28579,43.88
3,50,3,95,0.77391,0.28821,50.73
3,50,3,96,0.77315,0.28722,61.58
3,50,3,97,0.77161,0.28512,47.83
3,50,3,98,0.77044,0.28446,47.87
3,50,3,99,0.77024,0.28583,69.68
3,50,3,100,0.77064,0.28662,54.6
3,50,3,101,0.7714,0.29061,47.51
3,50,3,102,0.77272,0.29289,44.46
3,50,3,103,0.77342,0.28934,75.36
3,50,3,104,0.77415,0.287,62.17
3,50,3,105,0.77492,0.28636,92.4
3,50,3,106,0.77503,0.2879,59.71
3,50,3,107,0.77501,0.28889,46.34
3,50,3,108,0.77469,0.28857,68.75
3,50,3,109,0.77432,0.28453,70.52
3,50,3,110,0.77395,0.27776,65.55
3,50,3,111,0.77341,0.27736,42.53
3,50,3,112,0.77363,0.27843,42.36
3,50,3,113,0.77384,0.27973,50.77
3,50,3,114,0.77426,0.27324,71.53
3,50,3,115,0.77433,0.26916,70.44
3,50,3,116,0.77347,0.26734,87.02
3,50,3,117,0.77238,0.27049,52.43
3,50,3,118,0.77188,0.27906,92.05
3,50,3,119,0.77169,0.28359,53.65
3,50,3,120,0.77221,0.29202,79.56
3,50,3,121,0.77188,0.30372,55.12
3,50,3,122,0.77119,0.31478,59.06
3,50,3,123,0.77125,0.32249,74.47
3,50,3,124,0.77142,0.32338,75.01
3,50,3,125,0.77148,0.32262,52.73
3,50,3,126,0.7714,0.32281,47.38
3,50,3,127,0.77147,0.32341,41.9
3,50,3,128,0.77157,0.3232,46.6
3,50,3,129,0.77194,0.32125,46.38
3,50,3,130,0.77212,0.31944,56.62
3,50,3,131,0.7722,0.31804,89.07
3,50,3,132,0.77226,0.31547,90.03
3,50,3,133,0.77211,0.31897,114.33
3,50,3,134,0.77076,0.33155,121.54
3,50,3,135,0.76877,0.34671,78.14
3,50,3,136,0.76764,0.35416,64.01
3,50,4,0,0.76425,0.37077,55.81
3,50,4,1,0.76306,0.37094,94.58
3,50,4,2,0.76231,0.36767,88.14
3,50,4,3,0.76122,0.36284,53.5
3,50,4,4,0.76008,0.36023,47.95
3,50,4,5,0.75991,0.357,37.02
3,50,4,6,0.76003,0.35058,81.08
3,50,4,7,0.76051,0.34772,81.53
3,50,4,8,0.76124,0.35127,55.51
3,50,4,9,0.76143,0.35815,84.14
3,50,4,10,0.7617,0.36275,102.44
3,50,4,11,0.76228,0.36766,65.05
3,50,4,12,0.76288,0.37244,51.88
3,50,4,13,0.76356,0.37517,66.32
3,50,4,14,0.76429,0.38013,50.58
3,50,4,15,0.76428,0.38634,49.69
3,50,4,16,0.76409,0.39171,49.13
3,50,4,17,0.76358,0.3953,38.24
3,50,4,18,0.76344,0.38954,95.18
3,50,4,19,0.76375,0.37507,42.55
3,50,4,20,0.76356,0.36678,49.89
3,50,4,21,0.76282,0.36005,53.25
3,50,4,22,0.76245,0.35431,47.59
3,50,4,23,0.76196,0.35099,41.03
3,50,4,24,0.76163,0.34687,83.61
3,50,4,25,0.76124,0.34186,51.18
3,50,4,26,0.7609,0.33934,52.15
3,50,4,27,0.76126,0.32725,44.55
3,50,4,28,0.76129,0.3251,39.59
3,50,4,29,0.76154,0.32882,98.8
3,50,4,30,0.76187,0.32933,79.59
3,50,4,31,0.76252,0.33343,54.27
3,50,4,32,0.76305,0.33905,40.72
3,50,4,33,0.7643,0.34862,39.17
3,50,4,34,0.76575,0.35202,52.73
3,50,4,35,0.76688,0.35688,47.11
3,50,4,36,0.7677,0.35814,59.29
3,50,4,37,0.76852,0.3569,41.04
3,50,4,38,0.76838,0.35755,49.84
3,50,4,39,0.76768,0.36115,38.76
3,50,4,40,0.76763,0.36461,56.07
3,50,4,41,0.76749,0.36617,39.74
3,50,4,42,0.76721,0.36175,45.31
3,50,4,43,0.76691,0.35482,41.52
3,50,4,44,0.76713,0.34576,60.71
3,50,4,45,0.76804,0.3331,60.2
3,50,4,46,0.76886,0.31819,42.68
3,50,4,47,0.76911,0.30681,107.54
3,50,4,48,0.76977,0.29851,66.29
3,50,4,49,0.7707,0.29429,108.6
3,50,4,50,0.771,0.29368,102.14
3,50,4,51,0.77129,0.28778,73.08
3,50,4,52,0.77202,0.2877,65.1
3,50,4,53,0.77219,0.2895,50.5
3,50,4,54,0.772,0.29232,95.95
3,50,4,55,0.77157,0.29589,61.41
3,50,4,56,0.77084,0.29979,50.41
3,50,4,57,0.77,0.30656,37.0
3,50,4,58,0.77023,0.30808,52.11
3,50,4,59,0.76997,0.30734,46.17
3,50,4,60,0.77041,0.30692,104.47
3,50,4,61,0.77125,0.30732,85.1
3,50,4,62,0.77108,0.30834,47.03
3,50,4,63,0.77053,0.30601,55.89
3,50,4,64,0.77,0.30292,46.08
3,50,4,65,0.77055,0.299,43.56
3,50,4,66,0.771,0.29144,50.93
3,50,4,67,0.77088,0.28551,89.88
3,50,4,68,0.77078,0.27831,68.05
3,50,4,69,0.77091,0.27317,54.6
3,50,4,70,0.77096,0.27376,39.52
3,50,4,71,0.77096,0.27263,73.31
3,50,4,72,0.77085,0.27032,75.88
3,50,4,73,0.77038,0.26956,54.9
3,50,4,74,0.77048,0.27265,44.58
3,50,4,75,0.77063,0.27801,40.93
3,50,4,76,0.77053,0.28061,81.55
3,50,4,77,0.77026,0.28511,58.72
3,50,4,78,0.77059,0.2948,57.0
3,50,4,79,0.77126,0.30259,45.26
3,50,4,80,0.77159,0.30981,49.44
3,50,4,81,0.77141,0.31607,37.39
3,50,4,82,0.77111,0.31633,59.45
3,50,4,83,0.77045,0.31303,49.12
3,50,4,84,0.77003,0.30534,55.25
3,50,4,85,0.76974,0.29424,48.0
3,50,4,86,0.76955,0.28592,36.53
3,50,4,87,0.76956,0.28266,53.35
3,50,4,88,0.76952,0.28282,65.01
3,50,4,89,0.7705,0.28268,61.52
3,50,4,90,0.77166,0.28164,54.8
3,50,4,91,0.77229,0.28008,66.33
3,50,4,92,0.77233,0.28074,42.22
3,50,4,93,0.77157,0.28069,41.04
3,50,4,94,0.77058,0.28071,60.98
3,50,4,95,0.7701,0.28272,66.89
3,50,4,96,0.77064,0.27603,39.56
3,50,4,97,0.77093,0.2674,48.6
3,50,4,98,0.7714,0.26148,82.95
3,50,4,99,0.77132,0.25266,57.49
3,50,4,100,0.77116,0.24771,91.82
3,50,4,101,0.77088,0.24763,56.46
3,50,4,102,0.77094,0.24723,45.89
3,50,4,103,0.77111,0.24475,45.92
3,50,4,104,0.77125,0.24158,36.53
3,50,4,105,0.77122,0.24172,45.95
3,50,4,106,0.77159,0.2395,44.84
3,50,4,107,0.77186,0.23937,69.58
3,50,4,108,0.77325,0.24061,79.08
3,50,4,109,0.77421,0.24492,102.21
3,50,4,110,0.77654,0.2495,73.11
3,50,4,111,0.77891,0.25166,52.37
3,50,4,112,0.78116,0.24823,53.91
3,50,4,113,0.78396,0.23792,41.32
3,50,4,114,0.78625,0.22983,43.29
3,50,4,115,0.78768,0.22434,44.12
3,50,4,116,0.78797,0.22306,51.0
3,50,4,117,0.78788,0.21668,49.13
3,50,4,118,0.78748,0.21364,49.31
3,50,4,119,0.78691,0.21337,49.18
3,50,5,0,0.76828,0.24248,46.18
3,50,5,1,0.76738,0.25762,53.44
3,50,5,2,0.7667,0.27378,46.15
3,50,5,3,0.76604,0.27779,43.0
3,50,5,4,0.76534,0.27893,40.23
3,50,5,5,0.76552,0.2738,46.62
3,50,5,6,0.76528,0.27364,47.65
3,50,5,7,0.76478,0.27267,95.12
3,50,5,8,0.76423,0.27142,80.54
3,50,5,9,0.76363,0.26846,54.58
3,50,5,10,0.76394,0.26528,49.17
3,50,5,11,0.7647,0.26048,46.96
3,50,5,12,0.76602,0.25566,59.22
3,50,5,13,0.768,0.25109,44.31
3,50,5,14,0.77038,0.24991,90.38
3,50,5,15,0.77179,0.25416,80.4
3,50,5,16,0.77185,0.26375,46.85
3,50,5,17,0.77233,0.26887,50.08
3,50,5,18,0.77251,0.27379,81.71
3,50,5,19,0.77232,0.27953,55.47
3,50,5,20,0.77168,0.28281,49.57
3,50,5,21,0.77097,0.28485,87.04
3,50,5,22,0.77084,0.28187,52.89
3,50,5,23,0.7711,0.27421,49.07
3,50,5,24,0.77155,0.26155,41.34
3,50,5,25,0.77189,0.25046,49.67
3,50,5,26,0.77268,0.24356,48.62
3,50,5,27,0.77272,0.24183,70.4
3,50,5,28,0.77256,0.2462,52.8
3,50,5,29,0.77208,0.25657,79.61
3,50,5,30,0.7715,0.26345,71.2
3,50,5,31,0.77165,0.27006,89.95
3,50,5,32,0.77095,0.27542,53.0
3,50,5,33,0.76959,0.28963,56.91
3,50,5,34,0.76886,0.30191,48.23
3,50,5,35,0.76787,0.32256,58.1
3,50,5,36,0.76755,0.32981,62.79
3,50,5,37,0.76794,0.33487,62.08
3,50,5,38,0.76799,0.33601,72.53
3,50,5,39,0.76717,0.33542,77.32
3,50,5,40,0.76659,0.33262,53.03
3,50,5,41,0.76613,0.32905,64.2
3,50,5,42,0.76611,0.33234,44.58
3,50,5,43,0.76565,0.3401,55.31
3,50,5,44,0.76542,0.35459,43.13
3,50,5,45,0.7656,0.36788,46.91
3,50,5,46,0.76492,0.38118,48.0
3,50,5,47,0.76503,0.38867,54.84
3,50,5,48,0.76496,0.3936,72.6
3,50,5,49,0.76539,0.38871,71.15
3,50,5,50,0.76626,0.38029,52.28
3,50,5,51,0.76736,0.37089,53.36
3,50,5,52,0.76792,0.36204,45.61
3,50,5,53,0.76805,0.35705,65.54
3,50,5,54,0.76835,0.35056,65.98
3,50,5,55,0.76848,0.34315,67.64
3,50,5,56,0.76825,0.33384,44.94
3,50,5,57,0.76817,0.32978,54.3
3,50,5,58,0.76801,0.32625,56.68
3,50,5,59,0.76793,0.32873,47.75
3,50,5,60,0.7681,0.33206,62.63
3,50,5,61,0.76855,0.33439,82.23
3,50,5,62,0.76908,0.3351,81.29
3,50,5,63,0.76916,0.33596,98.0
3,50,5,64,0.76924,0.33754,77.19
3,50,5,65,0.7689,0.34081,40.35
3,50,5,66,0.76899,0.34344,58.49
3,50,5,67,0.76917,0.34786,70.26
3,50,5,68,0.76937,0.35232,111.93
3,50,5,69,0.76966,0.35438,96.72
3,50,5,70,0.76961,0.35063,87.22
3,50,5,71,0.76959,0.34609,52.11
3,50,5,72,0.77028,0.34176,44.85
3,50,5,73,0.77024,0.33883,50.91
3,50,5,74,0.76935,0.33699,46.51
3,50,5,75,0.76846,0.33901,63.26
3,50,5,76,0.76776,0.34175,67.87
3,50,5,77,0.76718,0.34471,47.82
3,50,5,78,0.7658,0.35252,57.67
3,50,5,79,0.7641,0.35345,49.74
3,50,5,80,0.76246,0.35231,54.48
3,50,5,81,0.76089,0.35035,63.68
3,50,5,82,0.7595,0.35305,68.23
3,50,5,83,0.7593,0.35928,49.61
3,50,5,84,0.75938,0.36135,58.39
3,50,5,85,0.76001,0.3588,43.63
3,50,5,86,0.76121,0.35617,69.64
3,50,5,87,0.76247,0.35567,51.39
3,50,5,88,0.76374,0.35484,45.32
3,50,5,89,0.76481,0.35339,58.23
3,50,5,90,0.76536,0.35092,65.32
3,50,5,91,0.76578,0.3486,43.66
3,50,5,92,0.76604,0.34322,59.99
3,50,5,93,0.76706,0.33443,66.85
3,50,5,94,0.76798,0.32869,67.72
3,50,5,95,0.76832,0.3249,87.01
3,50,5,96,0.7691,0.32485,82.7
3,50,5,97,0.7703,0.32421,46.5
3,50,5,98,0.77097,0.32627,44.15
3,50,5,99,0.77147,0.32907,46.67
3,50,5,100,0.77196,0.32944,60.09
3,50,5,101,0.7723,0.3292,51.42
3,50,5,102,0.77198,0.33079,84.08
3,50,5,103,0.77086,0.33419,53.55
3,50,5,104,0.76967,0.33611,51.97
3,50,5,105,0.76836,0.34041,87.57
3,50,5,106,0.76747,0.34482,65.92
3,50,5,107,0.76702,0.34835,88.37
3,50,5,108,0.76629,0.34774,54.14
3,50,5,109,0.76595,0.34158,46.6
3,50,5,110,0.76543,0.33628,38.79
3,50,5,111,0.76568,0.33636,46.67
3,50,5,112,0.76523,0.34077,37.13
3,50,5,113,0.76479,0.34916,58.57
3,50,5,114,0.76464,0.35434,49.24
3,50,5,115,0.76474,0.35561,45.57
3,50,5,116,0.76509,0.35293,48.21
3,50,5,117,0.76528,0.34472,44.96
3,50,5,118,0.76555,0.34088,43.17
3,50,5,119,0.76533,0.3378,47.65
3,50,5,120,0.76539,0.33613,43.8
3,50,5,121,0.76558,0.3376,46.48
3,50,5,122,0.76569,0.34633,41.57
3,50,5,123,0.76604,0.35397,59.76
3,50,5,124,0.76678,0.35902,45.88
3,50,5,125,0.76728,0.36633,51.2
3,50,5,126,0.76769,0.36732,62.56
3,50,5,127,0.76745,0.36668,42.19
3,50,5,128,0.7672,0.3617,47.69
3,50,5,129,0.76699,0.35776,43.16
3,50,5,130,0.76683,0.3553,46.32
3,50,5,131,0.76627,0.35114,48.18
3,50,5,132,0.76592,0.34809,42.05
3,50,5,133,0.76575,0.34686,42.16
3,50,5,134,0.76494,0.34708,67.56
3,50,5,135,0.76414,0.34898,47.48
3,50,5,136,0.76401,0.35095,46.34
3,50,5,137,0.7642,0.35232,55.79
3,50,5,138,0.76401,0.35089,63.61
3,50,5,139,0.76326,0.35057,83.55
3,50,5,140,0.76274,0.35028,83.83
3,50,5,141,0.76254,0.34765,50.51
3,50,5,142,0.76331,0.34607,41.5
3,50,5,143,0.76329,0.34562,47.09
3,50,5,144,0.76362,0.34437,49.41
3,50,5,145,0.76408,0.343,89.58
3,50,5,146,0.76392,0.34283,84.29
3,50,5,147,0.76311,0.34382,53.71
3,50,5,148,0.76221,0.34774,40.67
3,50,5,149,0.76139,0.35088,85.77
3,50,5,150,0.76074,0.35392,74.69
3,50,5,151,0.76087,0.35806,75.84
3,50,5,152,0.76152,0.35835,51.35
3,50,5,153,0.76252,0.35536,32.53
3,50,5,154,0.76268,0.35623,55.4
3,50,5,155,0.76222,0.3591,32.65
3,50,5,156,0.7618,0.36183,54.71
3,50,5,157,0.76187,0.36329,47.49
3,50,5,158,0.7618,0.3646,42.59
3,50,5,159,0.76075,0.3674,62.41
3,50,5,160,0.7598,0.37237,49.91
3,50,5,161,0.75866,0.37511,43.92
3,50,5,162,0.75781,0.37373,47.37
3,50,5,163,0.75745,0.37318,40.25
3,50,5,164,0.75706,0.3804,49.55
3,50,5,165,0.75626,0.38776,48.79
3,50,5,166,0.75487,0.39213,44.24
3,50,5,167,0.75385,0.39855,44.0
3,50,5,168,0.75302,0.40454,51.81
3,50,5,169,0.75341,0.40998,37.84
3,50,5,170,0.75376,0.41473,40.18
3,50,5,171,0.75423,0.4174,40.61
3,50,5,172,0.75513,0.41421,51.66
3,50,5,173,0.75619,0.40715,36.26
3,50,5,174,0.75717,0.39762,67.02
3,50,5,175,0.75857,0.39237,43.47
3,50,5,176,0.75939,0.3887,48.18
3,50,5,177,0.75964,0.38528,54.36
3,50,5,178,0.75999,0.38015,77.42
3,50,5,179,0.76025,0.37451,60.66
3,50,5,180,0.76045,0.37256,46.03
3,50,5,181,0.7605,0.3725,93.28
3,50,5,182,0.76058,0.37381,105.42
3,50,5,183,0.76079,0.37732,45.56
3,50,5,184,0.76117,0.37686,64.53
3,50,5,185,0.76129,0.3746,47.39
3,50,5,186,0.76034,0.36735,69.6
3,50,5,187,0.75957,0.36581,42.18
3,50,5,188,0.7589,0.3632,51.1
3,50,5,189,0.75953,0.35686,50.2
3,50,5,190,0.76048,0.3474,46.27
3,50,5,191,0.76154,0.33487,45.91
3,50,5,192,0.76268,0.32689,60.44
3,50,5,193,0.76362,0.32381,49.23
3,50,5,194,0.76431,0.31562,46.73
3,50,5,195,0.76546,0.30328,62.3
3,50,5,196,0.76658,0.29653,67.28
3,50,5,197,0.76742,0.29731,98.34
3,50,5,198,0.76774,0.30223,77.1
3,50,5,199,0.76802,0.3036,58.43
3,50,5,200,0.76821,0.29996,74.51
3,50,5,201,0.76752,0.29422,47.31
3,50,5,202,0.76656,0.29014,39.61
3,50,5,203,0.76518,0.28688,38.18
3,50,5,204,0.76425,0.28491,50.4
3,50,5,205,0.76367,0.28076,49.39
3,50,5,206,0.76331,0.27285,46.6
3,50,5,207,0.76302,0.26251,45.53
3,50,5,208,0.76309,0.25753,49.02
3,50,5,209,0.76254,0.25954,49.55
3,50,5,210,0.76201,0.26256,110.1
3,50,5,211,0.76125,0.26388,88.36
3,50,5,212,0.76108,0.26982,47.22
3,50,5,213,0.76104,0.27956,41.47
3,50,5,214,0.76094,0.28254,51.72
3,50,5,215,0.76106,0.2848,49.87
3,50,5,216,0.76214,0.28574,46.36
3,50,5,217,0.76333,0.29297,46.32
3,50,5,218,0.76363,0.30333,52.38
3,50,5,219,0.76369,0.31489,46.82
3,50,5,220,0.76384,0.32193,43.08
3,50,5,221,0.7636,0.32625,52.99
3,50,5,222,0.76427,0.33042,52.4
3,50,5,223,0.76454,0.33237,46.61
3,50,5,224,0.76382,0.33199,40.64
3,50,5,225,0.76331,0.32987,54.29
3,50,5,226,0.76294,0.3263,56.78
3,50,5,227,0.7621,0.32446,80.04
3,50,5,228,0.76175,0.32169,88.79
3,50,5,229,0.76158,0.32217,50.42
3,50,5,230,0.7625,0.32505,44.22
3,50,5,231,0.76378,0.32728,40.48
3,50,5,232,0.76406,0.32846,153.27
3,50,5,233,0.76352,0.33234,96.18
3,50,5,234,0.76306,0.33611,127.96
3,50,5,235,0.76305,0.33378,107.58
3,50,5,236,0.76276,0.32811,97.46
3,50,5,237,0.76301,0.32098,86.06
3,50,5,238,0.7639,0.31539,53.38
3,50,5,239,0.7652,0.31009,93.65
3,50,5,240,0.76637,0.30622,95.16
3,50,5,241,0.76703,0.30149,70.82
3,50,5,242,0.76722,0.2962,48.43
3,50,5,243,0.76704,0.29238,121.1
3,50,5,244,0.76651,0.29181,109.96
3,50,5,245,0.76596,0.28714,88.93
3,50,5,246,0.76514,0.28764,61.34
3,50,5,247,0.76417,0.29249,43.76
3,50,5,248,0.76346,0.29826,64.88
3,50,5,249,0.76235,0.30963,82.62
3,50,5,250,0.76097,0.32557,58.46
3,50,5,251,0.75892,0.3495,49.72
3,50,5,252,0.75763,0.36676,46.85
3,50,5,253,0.7572,0.36955,48.62
3,50,5,254,0.75719,0.36401,57.73
3,50,5,255,0.7577,0.35366,88.85
3,50,5,256,0.75797,0.34167,105.55
3,50,5,257,0.75835,0.32216,76.51
3,50,5,258,0.75921,0.29981,47.42
3,50,5,259,0.76019,0.27874,72.56
3,50,5,260,0.76053,0.27008,69.32
3,50,5,261,0.76148,0.22929,100.73
3,50,5,262,0.76195,0.20878,61.21
3,50,5,263,0.76248,0.19691,42.1
3,50,5,264,0.76296,0.19754,90.98
3,50,5,265,0.76337,0.20547,63.34
3,50,5,266,0.76365,0.21739,43.12
3,50,5,267,0.76417,0.22693,35.68
3,50,5,268,0.76498,0.2359,52.83
3,50,5,269,0.76568,0.24688,52.2
3,50,5,270,0.7663,0.24972,65.99
3,50,5,271,0.7667,0.24984,90.7
3,50,5,272,0.76745,0.25127,52.95
3,50,5,273,0.76839,0.25673,47.6
3,50,5,274,0.76987,0.26244,57.33
3,50,5,275,0.77128,0.27116,46.78
3,50,5,276,0.7717,0.27438,69.71
3,50,5,277,0.77185,0.27443,42.66
3,50,5,278,0.7718,0.27671,43.45
4,50,1,0,0.15276,0.31308,91.33
4,50,1,1,0.15077,0.30517,73.85
4,50,1,2,0.1492,0.29414,70.83
4,50,1,3,0.14764,0.28337,66.13
4,50,1,4,0.14688,0.27803,44.1
4,50,1,5,0.14687,0.28072,71.32
4,50,1,6,0.14757,0.28381,55.17
4,50,1,7,0.14863,0.28796,58.27
4,50,1,8,0.14994,0.29323,55.3
4,50,1,9,0.15105,0.29831,62.28
4,50,1,10,0.15221,0.30428,50.71
4,50,1,11,0.15322,0.30876,58.82
4,50,1,12,0.15332,0.31336,45.21
4,50,1,13,0.15366,0.31679,55.18
4,50,1,14,0.15391,0.31727,61.96
4,50,1,15,0.15495,0.32215,46.6
4,50,1,16,0.15658,0.32646,64.15
4,50,1,17,0.15788,0.33171,42.49
4,50,1,18,0.15867,0.33507,86.55
4,50,1,19,0.15891,0.33645,60.92
4,50,1,20,0.15877,0.33477,51.58
4,50,1,21,0.15843,0.33106,88.73
4,50,1,22,0.15778,0.32397,61.19
4,50,1,23,0.1566,0.31362,97.8
4,50,1,24,0.15539,0.30554,57.77
4,50,1,25,0.15437,0.30096,57.66
4,50,1,26,0.15379,0.30055,65.91
4,50,1,27,0.15396,0.30208,70.74
4,50,1,28,0.15465,0.30581,60.5
4,50,1,29,0.156,0.3133,64.53
4,50,1,30,0.15789,0.32541,57.68
4,50,1,31,0.16025,0.33929,58.75
4,50,1,32,0.16188,0.35351,46.18
4,50,1,33,0.16268,0.35897,34.0
4,50,1,34,0.16298,0.36097,51.47
4,50,1,35,0.16276,0.35836,56.61
4,50,1,36,0.16227,0.35629,57.5
4,50,1,37,0.16127,0.35444,85.13
4,50,1,38,0.16,0.34912,52.18
4,50,1,39,0.15745,0.33828,39.54
4,50,1,40,0.15552,0.3326,82.19
4,50,1,41,0.15361,0.33102,59.5
4,50,1,42,0.15136,0.32772,89.42
4,50,1,43,0.14994,0.33125,79.13
4,50,1,44,0.14918,0.33829,83.59
4,50,1,45,0.14905,0.34728,53.65
4,50,1,46,0.14944,0.35436,36.29
4,50,1,47,0.14998,0.36216,54.74
4,50,1,48,0.14921,0.36219,40.34
4,50,1,49,0.1478,0.3574,49.47
4,50,1,50,0.14681,0.35102,50.44
4,50,1,51,0.14572,0.34122,65.76
4,50,1,52,0.14509,0.33528,49.26
4,50,1,53,0.14328,0.32257,50.87
4,50,1,54,0.14259,0.32145,40.59
4,50,1,55,0.14273,0.32683,66.92
4,50,1,56,0.1425,0.32806,49.5
4,50,1,57,0.1415,0.32605,78.85
4,50,1,58,0.141,0.32709,52.85
4,50,1,59,0.1411,0.33324,59.45
4,50,1,60,0.14042,0.33829,54.48
4,50,1,61,0.13883,0.33968,60.16
4,50,1,62,0.13766,0.33744,63.67
4,50,1,63,0.13579,0.33172,44.8
4,50,1,64,0.13388,0.3213,36.78
4,50,1,65,0.13224,0.30482,44.52
4,50,1,66,0.13234,0.30351,93.04
4,50,1,67,0.13293,0.30872,67.29
4,50,1,68,0.13375,0.31258,69.81
4,50,1,69,0.13503,0.31942,76.48
4,50,1,70,0.13625,0.32534,67.74
4,50,1,71,0.13743,0.33025,49.02
4,50,1,72,0.13818,0.33054,45.03
4,50,1,73,0.13792,0.32313,86.46
4,50,1,74,0.13643,0.31006,57.24
4,50,1,75,0.13544,0.29963,60.5
4,50,1,76,0.13471,0.29445,52.83
4,50,1,77,0.13521,0.29413,54.66
4,50,1,78,0.13655,0.29447,62.39
4,50,1,79,0.13831,0.29751,63.81
4,50,1,80,0.14125,0.30678,39.93
4,50,1,81,0.14311,0.31344,53.39
4,50,1,82,0.14525,0.31977,53.09
4,50,1,83,0.1468,0.31889,45.35
4,50,1,84,0.14687,0.31509,87.33
4,50,1,85,0.14669,0.31214,64.26
4,50,1,86,0.14646,0.30552,51.28
4,50,1,87,0.14633,0.30545,61.48
4,50,1,88,0.14542,0.30041,52.68
4,50,1,89,0.14353,0.29445,88.67
4,50,1,90,0.1424,0.29094,82.48
4,50,1,91,0.14154,0.29319,54.3
4,50,1,92,0.1408,0.29537,49.32
4,50,1,93,0.14039,0.29702,54.24
4,50,1,94,0.14008,0.29912,49.0
4,50,2,0,0.148,0.30612,39.94
4,50,2,1,0.1476,0.30169,42.12
4,50,2,2,0.14715,0.29726,46.24
4,50,2,3,0.14703,0.2999,59.02
4,50,2,4,0.14657,0.29942,41.09
4,50,2,5,0.14563,0.29549,58.5
4,50,2,6,0.144,0.28766,51.64
4,50,2,7,0.14212,0.27774,52.77
4,50,2,8,0.14048,0.26919,52.95
4,50,2,9,0.14035,0.2682,42.44
4,50,2,10,0.14029,0.26697,49.99
4,50,2,11,0.14059,0.26922,47.41
4,50,2,12,0.14136,0.27185,46.01
4,50,2,13,0.14215,0.2696,47.67
4,50,2,14,0.14341,0.26932,42.41
4,50,2,15,0.14379,0.27055,35.36
4,50,2,16,0.1434,0.27065,48.66
4,50,2,17,0.14187,0.26919,59.76
4,50,2,18,0.13956,0.26507,49.02
4,50,2,19,0.13763,0.25854,51.96
4,50,2,20,0.13608,0.25155,47.17
4,50,2,21,0.13568,0.24725,58.19
4,50,2,22,0.13584,0.2449,43.92
4,50,2,23,0.13685,0.24994,30.02
4,50,2,24,0.13808,0.2592,53.79
4,50,2,25,0.13931,0.265,42.29
4,50,2,26,0.14064,0.27104,96.29
4,50,2,27,0.14198,0.27597,55.7
4,50,2,28,0.14286,0.2817,44.36
4,50,2,29,0.14315,0.28534,87.08
4,50,2,30,0.14322,0.28614,58.29
4,50,2,31,0.14257,0.28397,54.24
4,50,2,32,0.14127,0.27783,46.47
4,50,2,33,0.13998,0.27014,68.54
4,50,2,34,0.13887,0.26693,72.67
4,50,2,35,0.13831,0.26727,51.66
4,50,2,36,0.1375,0.26804,56.47
4,50,2,37,0.13672,0.26722,46.86
4,50,2,38,0.13602,0.265,49.69
4,50,2,39,0.13525,0.26043,39.22
4,50,2,40,0.1347,0.25483,49.52
4,50,2,41,0.13491,0.25214,56.01
4,50,2,42,0.13575,0.25063,44.65
4,50,2,43,0.13721,0.25499,51.53
4,50,2,44,0.1376,0.25504,61.38
4,50,2,45,0.13692,0.24979,46.46
4,50,2,46,0.13638,0.24638,63.2
4,50,2,47,0.13566,0.24659,44.87
4,50,2,48,0.13458,0.2478,47.93
4,50,2,49,0.1332,0.24423,47.02
4,50,2,50,0.13273,0.24665,78.97
4,50,2,51,0.13267,0.24569,80.09
4,50,2,52,0.13345,0.24985,46.5
4,50,2,53,0.1349,0.25568,52.32
4,50,2,54,0.13742,0.26755,49.97
4,50,2,55,0.13913,0.27541,57.25
4,50,2,56,0.14078,0.28464,47.43
4,50,2,57,0.14069,0.28255,101.12
4,50,2,58,0.13988,0.27551,89.55
4,50,2,59,0.13942,0.27029,56.6
4,50,2,60,0.13844,0.26286,87.35
4,50,2,61,0.13753,0.25693,91.6
4,50,2,62,0.13633,0.25026,56.58
4,50,2,63,0.13564,0.24551,42.04
4,50,2,64,0.13584,0.24438,51.62
4,50,2,65,0.13665,0.24602,39.57
4,50,2,66,0.13768,0.24682,70.35
4,50,2,67,0.13933,0.24905,64.6
4,50,2,68,0.14078,0.25259,38.76
4,50,2,69,0.14165,0.25184,51.89
4,50,2,70,0.14244,0.24976,46.4
4,50,2,71,0.1429,0.24752,96.46
4,50,2,72,0.14321,0.24826,103.62
4,50,2,73,0.14439,0.24959,87.77
4,50,2,74,0.1454,0.25352,54.51
4,50,2,75,0.14652,0.2568,47.3
4,50,3,0,0.15587,0.40971,76.94
4,50,3,1,0.156,0.4177,75.99
4,50,3,2,0.15553,0.43513,64.31
4,50,3,3,0.15553,0.46394,43.21
4,50,3,4,0.15582,0.48489,90.42
4,50,3,5,0.15634,0.50155,48.39
4,50,3,6,0.15644,0.50659,88.98
4,50,3,7,0.15679,0.50858,66.59
4,50,3,8,0.15699,0.50427,76.98
4,50,3,9,0.15708,0.49068,75.11
4,50,3,10,0.15707,0.47808,58.95
4,50,3,11,0.15682,0.46687,57.93
4,50,3,12,0.15723,0.46023,61.92
4,50,3,13,0.15778,0.4582,52.97
4,50,3,14,0.15849,0.46039,45.58
4,50,3,15,0.15897,0.46397,58.85
4,50,3,16,0.15853,0.46747,79.17
4,50,3,17,0.15878,0.46985,72.91
4,50,3,18,0.15874,0.47182,51.16
4,50,3,19,0.15894,0.47847,98.89
4,50,3,20,0.1592,0.48789,82.47
4,50,3,21,0.15957,0.50094,77.42
4,50,3,22,0.15993,0.50766,96.96
4,50,3,23,0.16025,0.51371,59.98
4,50,3,24,0.15977,0.51805,86.7
4,50,3,25,0.15913,0.52187,56.31
4,50,3,26,0.15909,0.52091,43.83
4,50,3,27,0.15977,0.51341,46.14
4,50,3,28,0.16042,0.50917,63.73
4,50,3,29,0.16074,0.50775,54.17
4,50,3,30,0.16155,0.50176,43.42
4,50,3,31,0.16195,0.49953,52.15
4,50,3,32,0.16255,0.49684,89.34
4,50,3,33,0.16266,0.49049,56.79
4,50,3,34,0.16282,0.48048,48.25
4,50,3,35,0.16303,0.4728,43.38
4,50,3,36,0.16264,0.46703,37.38
4,50,3,37,0.16237,0.46419,85.19
4,50,3,38,0.16196,0.46746,46.89
4,50,3,39,0.16204,0.47624,62.93
4,50,3,40,0.16163,0.48451,47.39
4,50,3,41,0.16098,0.49306,35.38
4,50,3,42,0.15996,0.49979,61.01
4,50,3,43,0.1589,0.49478,84.48
4,50,3,44,0.15789,0.49046,53.64
4,50,3,45,0.15746,0.48311,41.29
4,50,3,46,0.15705,0.47861,66.96
4,50,3,47,0.1566,0.47716,58.65
4,50,3,48,0.15667,0.47006,44.4
4,50,3,49,0.15725,0.46578,64.25
4,50,3,50,0.15855,0.46535,60.98
4,50,3,51,0.16008,0.46945,48.45
4,50,3,52,0.16146,0.47854,61.78
4,50,3,53,0.1626,0.48168,68.99
4,50,3,54,0.16354,0.48204,124.93
4,50,3,55,0.16399,0.48007,78.82
4,50,3,56,0.16387,0.48164,100.11
4,50,3,57,0.16341,0.48672,125.49
4,50,3,58,0.16215,0.48429,85.24
4,50,3,59,0.16203,0.47741,71.64
4,50,3,60,0.16243,0.46134,54.12
4,50,3,61,0.16323,0.44073,53.49
4,50,3,62,0.16359,0.42313,36.86
4,50,3,63,0.16319,0.41106,41.94
4,50,3,64,0.16199,0.40257,39.56
4,50,3,65,0.16081,0.39633,56.38
4,50,3,66,0.1597,0.3902,64.09
4,50,3,67,0.15847,0.38214,115.2
4,50,3,68,0.15793,0.37535,85.54
4,50,3,69,0.15759,0.36587,51.96
4,50,3,70,0.15733,0.35537,53.71
4,50,3,71,0.15702,0.34399,43.84
4,50,3,72,0.15729,0.32986,50.34
4,50,3,73,0.15736,0.31725,56.13
4,50,3,74,0.15753,0.30928,52.83
4,50,3,75,0.15728,0.30298,59.02
4,50,3,76,0.15664,0.29875,49.83
4,50,3,77,0.15653,0.29803,59.82
4,50,3,78,0.1565,0.29781,45.93
4,50,3,79,0.15638,0.29815,45.25
4,50,3,80,0.15685,0.29978,41.51
4,50,3,81,0.15684,0.30236,71.83
4,50,3,82,0.15633,0.30305,53.0
4,50,3,83,0.15539,0.30475,43.16
4,50,3,84,0.15486,0.30345,53.78
4,50,3,85,0.15404,0.30042,86.74
4,50,3,86,0.15314,0.30046,91.39
4,50,3,87,0.15275,0.30473,53.81
4,50,3,88,0.153,0.30958,51.85
4,50,3,89,0.15348,0.31304,38.83
4,50,3,90,0.15335,0.31226,49.6
4,50,3,91,0.15276,0.30879,56.4
4,50,3,92,0.15237,0.30525,43.79
4,50,3,93,0.15267,0.30192,76.75
4,50,3,94,0.1533,0.29944,40.38
4,50,3,95,0.15376,0.29917,63.13
4,50,3,96,0.15395,0.29801,61.99
4,50,3,97,0.15435,0.29577,57.65
4,50,3,98,0.15471,0.29447,69.67
4,50,3,99,0.15516,0.29472,58.74
4,50,3,100,0.15572,0.29468,54.85
4,50,4,0,0.15013,0.28255,48.9
4,50,4,1,0.15046,0.28245,71.58
4,50,4,2,0.15093,0.28285,53.56
4,50,4,3,0.15156,0.28333,43.68
4,50,4,4,0.15287,0.28428,39.89
4,50,4,5,0.15361,0.28322,54.07
4,50,4,6,0.15403,0.28234,45.19
4,50,4,7,0.15414,0.28212,50.74
4,50,4,8,0.15485,0.28479,36.75
4,50,4,9,0.1562,0.29046,65.96
4,50,4,10,0.15656,0.29214,51.73
4,50,4,11,0.15662,0.29144,50.21
4,50,4,12,0.15642,0.29164,67.39
4,50,4,13,0.15686,0.299,91.95
4,50,4,14,0.15757,0.30717,98.14
4,50,4,15,0.15793,0.31407,72.44
4,50,4,16,0.15891,0.32359,64.58
4,50,4,17,0.16017,0.33566,63.25
4,50,4,18,0.16121,0.34517,54.25
4,50,4,19,0.16134,0.35999,52.65
4,50,4,20,0.16103,0.37439,60.45
4,50,4,21,0.1605,0.39865,70.72
4,50,4,22,0.15986,0.42006,47.72
4,50,4,23,0.15925,0.4256,44.99
4,50,4,24,0.1591,0.42268,62.89
4,50,4,25,0.15947,0.41577,97.19
4,50,4,26,0.16011,0.40464,59.54
4,50,4,27,0.16093,0.39268,42.87
4,50,4,28,0.16135,0.38031,39.72
4,50,4,29,0.16197,0.37175,52.97
4,50,4,30,0.16268,0.36041,84.25
4,50,4,31,0.16351,0.35038,47.94
4,50,4,32,0.16403,0.34318,54.24
4,50,4,33,0.16358,0.33783,42.12
4,50,4,34,0.16283,0.33375,41.25
4,50,4,35,0.16134,0.33,39.41
4,50,4,36,0.16002,0.32888,61.06
4,50,4,37,0.15872,0.3248,80.26
4,50,4,38,0.15762,0.32268,72.43
4,50,4,39,0.15708,0.31825,71.15
4,50,4,40,0.15668,0.31315,57.32
4,50,4,41,0.15658,0.30553,92.52
4,50,4,42,0.15679,0.30043,92.36
4,50,4,43,0.15713,0.2958,70.8
4,50,4,44,0.15668,0.29036,63.89
4,50,4,45,0.15612,0.28813,109.12
4,50,4,46,0.15611,0.2885,77.52
4,50,4,47,0.15661,0.29128,74.99
4,50,4,48,0.15704,0.29527,46.76
4,50,4,49,0.15788,0.30386,80.98
4,50,4,50,0.15883,0.31871,57.63
4,50,4,51,0.16094,0.34629,47.98
4,50,4,52,0.16293,0.36021,54.09
4,50,4,53,0.165,0.36645,45.28
4,50,4,54,0.16712,0.37369,78.61
4,50,4,55,0.16826,0.38197,38.37
4,50,4,56,0.1689,0.3913,64.97
4,50,4,57,0.16925,0.40169,57.85
4,50,4,58,0.16954,0.41175,63.0
4,50,4,59,0.16979,0.42249,48.32
4,50,4,60,0.16968,0.43004,66.77
4,50,4,61,0.16943,0.42779,51.08
4,50,4,62,0.16859,0.42099,44.29
4,50,4,63,0.16766,0.4096,84.65
4,50,4,64,0.16647,0.3964,77.45
4,50,4,65,0.16524,0.38082,39.54
4,50,4,66,0.16415,0.3652,38.98
4,50,4,67,0.1633,0.36507,90.42
4,50,4,68,0.16288,0.37434,53.26
4,50,4,69,0.16192,0.40165,47.92
4,50,4,70,0.16125,0.41739,52.7
4,50,4,71,0.16148,0.43227,61.28
4,50,4,72,0.16189,0.44692,50.66
4,50,4,73,0.1621,0.464,62.29
4,50,4,74,0.16233,0.47516,63.31
4,50,4,75,0.16257,0.48195,54.16
4,50,4,76,0.1622,0.49212,97.84
4,50,4,77,0.16237,0.49665,64.04
4,50,4,78,0.16317,0.49762,43.75
4,50,4,79,0.16428,0.4918,60.49
4,50,4,80,0.1652,0.47675,51.7
4,50,4,81,0.16587,0.46022,47.43
4,50,4,82,0.1659,0.44793,42.97
4,50,4,83,0.16516,0.43949,53.31
4,50,4,84,0.16435,0.4323,80.71
4,50,4,85,0.16313,0.43188,54.35
4,50,4,86,0.1618,0.4333,77.71
4,50,4,87,0.1606,0.42906,84.87
4,50,4,88,0.15928,0.42569,72.24
4,50,4,89,0.15859,0.42374,82.97
4,50,4,90,0.15861,0.42813,53.37
4,50,4,91,0.15946,0.42825,47.5
4,50,4,92,0.16083,0.42305,50.22
4,50,4,93,0.16252,0.42025,54.43
4,50,4,94,0.16366,0.42271,73.69
4,50,4,95,0.16402,0.42434,39.57
4,50,4,96,0.16366,0.41975,40.38
4,50,4,97,0.16229,0.40826,49.01
4,50,4,98,0.16042,0.39737,44.23
4,50,4,99,0.15824,0.39399,42.52
4,50,4,100,0.15763,0.39054,50.17
4,50,4,101,0.15803,0.38691,59.45
4,50,4,102,0.15925,0.38593,40.75
4,50,4,103,0.16077,0.38276,42.83
4,50,4,104,0.16275,0.37757,59.82
4,50,4,105,0.16457,0.37511,53.22
4,50,4,106,0.16514,0.37328,95.62
4,50,4,107,0.16541,0.37207,78.4
4,50,4,108,0.16529,0.37347,46.41
4,50,4,109,0.16478,0.37496,44.35
4,50,4,110,0.165,0.37702,41.75
4,50,4,111,0.16516,0.38205,96.46
4,50,4,112,0.16522,0.38445,53.92
4,50,4,113,0.16521,0.38474,43.46
4,50,4,114,0.16501,0.38425,43.87
4,50,4,115,0.16379,0.38186,35.43
4,50,4,116,0.16261,0.37983,43.25
4,50,5,0,0.16103,0.48812,50.7
4,50,5,1,0.16322,0.46757,57.19
4,50,5,2,0.16493,0.44783,47.47
4,50,5,3,0.16569,0.43445,44.82
4,50,5,4,0.16668,0.42298,42.57
4,50,5,5,0.16808,0.41436,40.72
4,50,5,6,0.16922,0.40835,59.78
4,50,5,7,0.17033,0.4059,123.38
4,50,5,8,0.17146,0.40343,44.74
4,50,5,9,0.17159,0.40251,48.81
4,50,5,10,0.17066,0.4115,46.31
4,50,5,11,0.16954,0.42478,46.87
4,50,5,12,0.16803,0.44462,50.82
4,50,5,13,0.16723,0.46245,84.09
4,50,5,14,0.1663,0.47636,73.41
4,50,5,15,0.16553,0.49012,65.2
4,50,5,16,0.16542,0.49747,55.96
4,50,5,17,0.16532,0.49567,47.13
4,50,5,18,0.16563,0.48705,91.88
4,50,5,19,0.16523,0.47861,62.99
4,50,5,20,0.16486,0.46889,71.66
4,50,5,21,0.16477,0.45784,46.93
4,50,5,22,0.16474,0.44881,80.9
4,50,5,23,0.16424,0.43959,60.14
4,50,5,24,0.16396,0.42448,50.07
4,50,5,25,0.16384,0.4134,56.94
4,50,5,26,0.1638,0.40533,47.48
4,50,5,27,0.16352,0.40146,39.11
4,50,5,28,0.16261,0.40132,45.95
4,50,5,29,0.1614,0.39706,42.68
4,50,5,30,0.1601,0.38775,48.87
4,50,5,31,0.15928,0.38069,39.91
4,50,5,32,0.1589,0.37288,72.91
4,50,5,33,0.15834,0.36399,63.48
4,50,5,34,0.15756,0.35991,49.15
4,50,5,35,0.15728,0.35876,46.77
4,50,5,36,0.15675,0.35976,85.71
4,50,5,37,0.15598,0.35869,64.89
4,50,5,38,0.15503,0.35845,45.2
4,50,5,39,0.15414,0.3583,74.84
4,50,5,40,0.15344,0.36382,84.13
4,50,5,41,0.15371,0.37086,52.26
4,50,5,42,0.1544,0.38177,49.48
4,50,5,43,0.15537,0.39673,100.93
4,50,5,44,0.15619,0.40834,86.08
4,50,5,45,0.15733,0.41786,48.04
4,50,5,46,0.15876,0.43171,37.39
4,50,5,47,0.15964,0.4407,53.94
4,50,5,48,0.16038,0.44783,47.87
4,50,5,49,0.1614,0.45613,48.96
4,50,5,50,0.16137,0.4594,41.78
4,50,5,51,0.16107,0.46102,41.68
4,50,5,52,0.16028,0.46922,45.6
4,50,5,53,0.16015,0.48196,55.01
4,50,5,54,0.16028,0.48182,124.92
4,50,5,55,0.16008,0.48062,91.5
4,50,5,56,0.15932,0.47965,56.32
4,50,5,57,0.15813,0.47837,46.6
4,50,5,58,0.15797,0.47828,66.51
4,50,5,59,0.15858,0.47479,45.36
4,50,5,60,0.16023,0.47137,56.98
4,50,5,61,0.16116,0.46703,47.31
4,50,5,62,0.16196,0.46122,41.76
4,50,5,63,0.16234,0.45528,48.98
4,50,5,64,0.16187,0.44878,50.64
4,50,5,65,0.16101,0.43773,87.59
4,50,5,66,0.15999,0.42683,58.59
4,50,5,67,0.15797,0.41104,36.77
4,50,5,68,0.1568,0.39964,54.36
4,50,5,69,0.15499,0.39379,42.68
4,50,5,70,0.15369,0.3872,46.41
4,50,5,71,0.15195,0.37635,47.66
4,50,5,72,0.1507,0.36998,48.55
4,50,5,73,0.14966,0.36809,50.29
4,50,5,74,0.14987,0.36819,38.52
4,50,5,75,0.14975,0.36844,45.19
4,50,5,76,0.14974,0.37491,60.91
4,50,5,77,0.14959,0.38527,65.78
4,50,5,78,0.1487,0.39239,49.53
4,50,5,79,0.14799,0.3931,52.88
4,50,5,80,0.14695,0.38814,51.39
4,50,5,81,0.14599,0.38188,61.9
4,50,5,82,0.14477,0.37956,46.54
4,50,5,83,0.14386,0.38127,56.52
4,50,5,84,0.14334,0.38527,85.8
4,50,5,85,0.14406,0.3932,46.09
4,50,5,86,0.14556,0.40962,39.26
4,50,5,87,0.14665,0.42529,42.71
4,50,5,88,0.14849,0.44384,50.26
4,50,5,89,0.14948,0.46031,41.4
4,50,5,90,0.15068,0.4743,90.26
4,50,5,91,0.15178,0.47633,78.07
4,50,5,92,0.15355,0.47596,104.85
4,50,5,93,0.15466,0.47235,90.28
4,50,5,94,0.15613,0.46188,104.95
4,50,5,95,0.15717,0.45839,89.88
4,50,5,96,0.15774,0.4562,73.59
4,50,5,97,0.15798,0.45196,110.58
4,50,5,98,0.15838,0.44696,80.02
4,50,5,99,0.15888,0.44662,50.78
4,50,5,100,0.15859,0.44322,58.52
4,50,5,101,0.15792,0.43577,50.05
4,50,5,102,0.15757,0.42471,47.99
4,50,5,103,0.15745,0.4226,54.97
4,50,5,104,0.1567,0.42587,42.46
4,50,5,105,0.15642,0.42415,47.97
4,50,5,106,0.15646,0.41859,58.67
4,50,5,107,0.15671,0.40823,48.04
4,50,5,108,0.15705,0.39746,52.83
4,50,5,109,0.15706,0.39476,62.82
4,50,5,110,0.15712,0.38552,85.38
4,50,5,111,0.15694,0.38487,63.94
4,50,5,112,0.1568,0.37742,59.15
4,50,5,113,0.15683,0.37118,43.83
4,50,5,114,0.15639,0.36527,50.61
4,50,5,115,0.15594,0.36747,47.75
4,50,5,116,0.15604,0.3753,46.16
4,50,5,117,0.15651,0.38769,37.27
4,50,5,118,0.15698,0.40171,72.93
4,50,5,119,0.15746,0.40987,38.01
4,50,5,120,0.15814,0.41306,52.77
4,50,5,121,0.15835,0.41052,44.54
4,50,5,122,0.15882,0.40332,70.16
4,50,5,123,0.1591,0.38813,44.98
4,50,5,124,0.15933,0.36831,46.36
4,50,5,125,0.15958,0.35939,40.58
4,50,5,126,0.16038,0.35697,40.9
4,50,5,127,0.16136,0.35595,48.26
4,50,5,128,0.16256,0.36152,48.68
4,50,5,129,0.16399,0.37113,47.32
4,50,5,130,0.16572,0.3776,47.79
4,50,5,131,0.16624,0.38321,39.32
4,50,5,132,0.16649,0.3862,48.6
4,50,5,133,0.16613,0.38641,51.06
4,50,5,134,0.16554,0.38375,48.22
4,50,5,135,0.1648,0.38398,72.68
4,50,5,136,0.16414,0.39079,51.13
4,50,5,137,0.16374,0.40176,58.07
4,50,5,138,0.1632,0.41585,87.14
5,50,1,0,0.44977,0.30251,41.94
5,50,1,1,0.44736,0.22082,67.74
5,50,1,2,0.44548,0.16441,67.34
5,50,1,3,0.44422,0.14471,65.46
5,50,1,4,0.4436,0.15881,75.2
5,50,1,5,0.4439,0.19209,60.01
5,50,1,6,0.44494,0.23572,41.42
5,50,1,7,0.44609,0.28898,47.04
5,50,1,8,0.44695,0.35086,53.97
5,50,1,9,0.44741,0.4002,58.6
5,50,1,10,0.44823,0.4329,54.26
5,50,1,11,0.4489,0.46157,49.93
5,50,1,12,0.44924,0.48276,51.69
5,50,1,13,0.44861,0.4946,49.88
5,50,1,14,0.44808,0.50628,79.35
5,50,1,15,0.44646,0.51792,61.08
5,50,1,16,0.44514,0.52282,45.12
5,50,1,17,0.44346,0.5224,41.77
5,50,1,18,0.44249,0.52101,45.8
5,50,1,19,0.44131,0.51977,53.85
5,50,1,20,0.43979,0.51754,49.46
5,50,1,21,0.4389,0.51826,44.85
5,50,1,22,0.43826,0.5179,56.35
5,50,1,23,0.43725,0.51611,45.17
5,50,1,24,0.43667,0.51312,51.67
5,50,1,25,0.43559,0.50588,52.84
5,50,1,26,0.4351,0.49825,36.34
5,50,1,27,0.43571,0.49075,61.71
5,50,1,28,0.43712,0.48333,103.17
5,50,1,29,0.43892,0.47869,58.65
5,50,1,30,0.44118,0.47887,76.14
5,50,1,31,0.44205,0.47743,57.6
5,50,1,32,0.44266,0.47645,63.97
5,50,1,33,0.44403,0.47497,63.92
5,50,1,34,0.44481,0.46797,88.04
5,50,1,35,0.44544,0.46215,52.48
5,50,1,36,0.44509,0.45371,76.77
5,50,1,37,0.44476,0.45031,69.04
5,50,1,38,0.44424,0.45044,48.45
5,50,1,39,0.44368,0.4546,49.59
5,50,1,40,0.44289,0.46247,37.59
5,50,1,41,0.44214,0.47359,43.87
5,50,1,42,0.44134,0.48476,35.84
5,50,1,43,0.44114,0.49242,55.09
5,50,1,44,0.44139,0.50753,93.32
5,50,1,45,0.44183,0.5198,51.53
5,50,1,46,0.44209,0.52812,45.35
5,50,1,47,0.44216,0.53048,56.94
5,50,1,48,0.44183,0.52795,98.28
5,50,1,49,0.4414,0.52468,69.48
5,50,1,50,0.44021,0.52198,46.75
5,50,1,51,0.43927,0.51742,39.62
5,50,1,52,0.43894,0.5148,47.3
5,50,1,53,0.43876,0.51131,40.64
5,50,1,54,0.43836,0.51045,42.55
5,50,1,55,0.43796,0.51154,49.33
5,50,1,56,0.4371,0.51097,63.25
5,50,1,57,0.43645,0.51001,50.12
5,50,1,58,0.43665,0.51291,47.99
5,50,1,59,0.43752,0.51282,62.51
5,50,1,60,0.43895,0.51469,57.76
5,50,1,61,0.43979,0.5182,47.34
5,50,1,62,0.44017,0.51989,53.29
5,50,1,63,0.43992,0.51709,75.92
5,50,1,64,0.43991,0.51723,74.86
5,50,1,65,0.44088,0.52076,54.62
5,50,1,66,0.44142,0.52666,48.67
5,50,1,67,0.44199,0.53211,48.87
5,50,1,68,0.44233,0.53817,44.35
5,50,1,69,0.44274,0.5431,49.22
5,50,1,70,0.44338,0.54963,55.75
5,50,1,71,0.44318,0.55463,49.72
5,50,1,72,0.44299,0.55623,62.89
5,50,1,73,0.44311,0.55629,44.88
5,50,1,74,0.44328,0.55676,83.46
5,50,1,75,0.44282,0.55392,48.49
5,50,1,76,0.44191,0.5487,53.14
5,50,1,77,0.44087,0.54177,45.91
5,50,1,78,0.44037,0.53645,46.91
5,50,1,79,0.43993,0.54078,49.13
5,50,1,80,0.43935,0.55479,50.49
5,50,1,81,0.43934,0.56848,68.24
5,50,1,82,0.43996,0.58328,46.31
5,50,1,83,0.44016,0.59858,40.66
5,50,1,84,0.44062,0.61575,47.62
5,50,1,85,0.44075,0.62706,63.95
5,50,1,86,0.44031,0.63043,46.96
5,50,1,87,0.4404,0.62959,38.97
5,50,1,88,0.44067,0.62612,40.11
5,50,1,89,0.44056,0.62373,38.92
5,50,1,90,0.43971,0.62677,43.87
5,50,1,91,0.43841,0.62384,54.15
5,50,1,92,0.43705,0.62234,56.17
5,50,1,93,0.43567,0.62333,46.59
5,50,1,94,0.43517,0.62206,51.47
5,50,1,95,0.43458,0.61889,50.95
5,50,1,96,0.43463,0.61765,62.63
5,50,1,97,0.43568,0.61769,41.18
5,50,1,98,0.43747,0.6178,44.0
5,50,1,99,0.43863,0.61646,58.47
5,50,1,100,0.43957,0.61504,119.56
5,50,1,101,0.44049,0.61601,116.4
5,50,1,102,0.44014,0.61689,92.58
5,50,1,103,0.43934,0.6181,62.15
5,50,1,104,0.43886,0.62182,47.75
5,50,1,105,0.43855,0.62448,44.88
5,50,1,106,0.43745,0.62743,48.92
5,50,1,107,0.43541,0.63042,60.73
5,50,1,108,0.43381,0.63887,43.11
5,50,1,109,0.43223,0.63727,50.02
5,50,1,110,0.43063,0.63131,54.74
5,50,1,111,0.42829,0.61893,47.94
5,50,1,112,0.42509,0.60373,73.45
5,50,1,113,0.42255,0.5845,63.69
5,50,1,114,0.42105,0.56166,77.95
5,50,1,115,0.42078,0.53985,46.25
5,50,1,116,0.42089,0.51922,93.04
5,50,1,117,0.42046,0.49992,75.2
5,50,1,118,0.41967,0.48077,41.11
5,50,1,119,0.41931,0.4693,48.44
5,50,1,120,0.419,0.46058,59.07
5,50,1,121,0.41831,0.4422,82.41
5,50,1,122,0.41701,0.42883,95.13
5,50,1,123,0.41481,0.41443,47.66
5,50,1,124,0.41318,0.40313,52.56
5,50,1,125,0.41185,0.39393,34.62
5,50,1,126,0.41071,0.38651,79.66
5,50,1,127,0.40943,0.38026,54.05
5,50,1,128,0.40872,0.37689,71.77
5,50,1,129,0.4086,0.37594,46.25
5,50,1,130,0.4095,0.38374,79.5
5,50,1,131,0.41086,0.39164,70.34
5,50,1,132,0.41204,0.39861,48.33
5,50,1,133,0.41316,0.40541,54.53
5,50,1,134,0.41429,0.40904,61.14
5,50,1,135,0.41666,0.41152,47.32
5,50,1,136,0.41942,0.41359,51.0
5,50,1,137,0.423,0.41653,50.26
5,50,1,138,0.42697,0.41132,46.6
5,50,1,139,0.42966,0.40122,41.96
5,50,1,140,0.43184,0.37646,62.24
5,50,1,141,0.43213,0.34893,48.62
5,50,1,142,0.43074,0.32092,54.94
5,50,1,143,0.4288,0.29447,77.65
5,50,1,144,0.4272,0.2728,74.56
5,50,1,145,0.42585,0.25547,67.95
5,50,1,146,0.4257,0.25175,55.17
5,50,1,147,0.42635,0.25197,56.75
5,50,1,148,0.42784,0.2546,44.56
5,50,1,149,0.42978,0.25712,85.27
5,50,1,150,0.43203,0.259,60.57
5,50,1,151,0.43509,0.25926,44.24
5,50,1,152,0.43707,0.25941,54.6
5,50,1,153,0.4394,0.25823,78.31
5,50,1,154,0.44111,0.25632,87.41
5,50,1,155,0.4425,0.2526,59.14
5,50,1,156,0.44372,0.24833,60.44
5,50,1,157,0.44506,0.24401,54.99
5,50,1,158,0.44681,0.24051,56.89
5,50,1,159,0.44789,0.23932,42.53
5,50,1,160,0.44827,0.23828,67.93
5,50,1,161,0.44803,0.23811,105.05
5,50,1,162,0.44757,0.23843,65.63
5,50,1,163,0.44667,0.23995,88.0
5,50,1,164,0.44542,0.24261,63.62
5,50,1,165,0.44449,0.24566,97.84
5,50,1,166,0.44375,0.24826,85.77
5,50,1,167,0.44329,0.25119,54.82
5,50,1,168,0.44339,0.25242,52.27
5,50,1,169,0.44316,0.25252,46.72
5,50,1,170,0.44321,0.25227,44.77
5,50,1,171,0.44374,0.25204,55.57
5,50,1,172,0.44416,0.25345,46.52
5,50,1,173,0.4449,0.25626,42.7
5,50,1,174,0.44551,0.25794,70.1
5,50,1,175,0.44587,0.25801,47.74
5,50,2,0,0.42888,0.39534,46.38
5,50,2,1,0.42865,0.39023,48.24
5,50,2,2,0.42943,0.39343,47.24
5,50,2,3,0.43007,0.3972,46.38
5,50,2,4,0.43046,0.38733,79.26
5,50,2,5,0.43157,0.36496,84.82
5,50,2,6,0.4318,0.35408,52.36
5,50,2,7,0.43155,0.34748,64.36
5,50,2,8,0.43049,0.34117,85.28
5,50,2,9,0.42945,0.33979,60.04
5,50,2,10,0.42723,0.33887,50.27
5,50,2,11,0.42579,0.33625,45.42
5,50,2,12,0.42468,0.33304,55.66
5,50,2,13,0.42311,0.33402,48.38
5,50,2,14,0.4211,0.33134,46.37
5,50,2,15,0.42065,0.33681,43.91
5,50,2,16,0.421,0.34948,71.8
5,50,2,17,0.4213,0.36699,76.77
5,50,2,18,0.42185,0.39189,48.4
5,50,2,19,0.42198,0.40701,51.12
5,50,2,20,0.42253,0.41543,52.23
5,50,2,21,0.42256,0.42922,43.89
5,50,2,22,0.42279,0.44489,51.53
5,50,2,23,0.4231,0.45848,46.19
5,50,2,24,0.42306,0.47607,60.31
5,50,2,25,0.4235,0.49135,50.85
5,50,2,26,0.42273,0.49008,49.08
5,50,2,27,0.42181,0.47914,86.45
5,50,2,28,0.42129,0.47955,67.16
5,50,2,29,0.42088,0.48889,54.11
5,50,2,30,0.42146,0.50751,60.99
5,50,2,31,0.42268,0.52726,50.63
5,50,2,32,0.42352,0.54455,43.6
5,50,2,33,0.42367,0.55502,49.72
5,50,2,34,0.42344,0.56502,46.57
5,50,2,35,0.42328,0.5731,64.09
5,50,2,36,0.42303,0.57441,43.12
5,50,2,37,0.42304,0.57419,58.71
5,50,2,38,0.42284,0.57468,46.83
5,50,2,39,0.42328,0.57671,48.37
5,50,2,40,0.42309,0.57917,44.32
5,50,2,41,0.42293,0.56869,46.82
5,50,2,42,0.42287,0.54693,55.85
5,50,2,43,0.4227,0.539,53.72
5,50,2,44,0.42326,0.54358,45.44
5,50,2,45,0.42322,0.54856,64.61
5,50,2,46,0.42381,0.55397,46.49
5,50,2,47,0.42469,0.54383,50.08
5,50,2,48,0.42459,0.52548,54.34
5,50,2,49,0.424,0.51089,43.94
5,50,2,50,0.42325,0.51064,94.73
5,50,2,51,0.42258,0.50609,73.59
5,50,2,52,0.42262,0.49567,59.98
5,50,2,53,0.42249,0.48912,55.11
5,50,2,54,0.42222,0.47864,50.69
5,50,2,55,0.42165,0.47372,47.11
5,50,2,56,0.42096,0.4747,58.14
5,50,2,57,0.41997,0.47232,43.27
5,50,2,58,0.41908,0.46737,53.95
5,50,2,59,0.41933,0.46093,42.26
5,50,2,60,0.41922,0.44871,74.56
5,50,2,61,0.41906,0.42737,54.05
5,50,2,62,0.41828,0.40841,44.97
5,50,2,63,0.41823,0.39631,51.46
5,50,2,64,0.41901,0.3914,55.22
5,50,2,65,0.42006,0.38966,46.19
5,50,2,66,0.42094,0.3889,56.07
5,50,2,67,0.42191,0.38788,51.83
5,50,2,68,0.4224,0.38255,44.13
5,50,2,69,0.42275,0.38401,54.05
5,50,2,70,0.42281,0.38446,90.46
5,50,2,71,0.42259,0.38613,52.16
5,50,2,72,0.4219,0.38695,74.92
5,50,2,73,0.42179,0.3926,64.42
5,50,2,74,0.4222,0.40575,50.0
5,50,2,75,0.42277,0.4226,45.22
5,50,2,76,0.42334,0.42877,45.69
5,50,2,77,0.42404,0.42731,45.04
5,50,2,78,0.42476,0.43057,80.63
5,50,2,79,0.42594,0.43979,53.85
5,50,2,80,0.42709,0.4506,44.76
5,50,2,81,0.42717,0.45946,44.97
5,50,2,82,0.42705,0.47414,74.86
5,50,2,83,0.42668,0.48136,94.76
5,50,2,84,0.42583,0.47941,54.17
5,50,2,85,0.42506,0.47818,80.36
5,50,2,86,0.42445,0.47819,55.87
5,50,2,87,0.42391,0.47938,45.08
5,50,2,88,0.42363,0.48051,49.57
5,50,2,89,0.42399,0.48705,49.12
5,50,2,90,0.4243,0.49171,56.13
5,50,2,91,0.4242,0.49534,95.54
5,50,2,92,0.42419,0.49566,71.93
5,50,2,93,0.42434,0.49901,97.22
5,50,2,94,0.42501,0.50642,89.9
5,50,2,95,0.42615,0.52087,74.3
5,50,2,96,0.42735,0.53684,47.53
5,50,2,97,0.43087,0.55276,49.22
5,50,2,98,0.43299,0.55574,44.8
5,50,2,99,0.43588,0.55548,45.58
5,50,2,100,0.43796,0.55381,56.32
5,50,2,101,0.43901,0.55707,63.07
5,50,2,102,0.43936,0.56846,91.49
5,50,2,103,0.43994,0.58115,89.35
5,50,2,104,0.44195,0.59615,66.93
5,50,3,0,0.45194,0.39244,58.76
5,50,3,1,0.45313,0.39769,58.31
5,50,3,2,0.45403,0.40171,51.91
5,50,3,3,0.45493,0.40766,47.62
5,50,3,4,0.45471,0.41398,48.17
5,50,3,5,0.45389,0.42398,40.85
5,50,3,6,0.45321,0.42955,46.61
5,50,3,7,0.45182,0.43392,50.23
5,50,3,8,0.45171,0.43845,46.53
5,50,3,9,0.4516,0.4419,45.78
5,50,3,10,0.45152,0.45214,48.91
5,50,3,11,0.45176,0.46693,55.69
5,50,3,12,0.45237,0.47193,60.92
5,50,3,13,0.45355,0.47584,50.45
5,50,3,14,0.45467,0.46793,57.16
5,50,3,15,0.45711,0.44455,62.53
5,50,3,16,0.46077,0.42657,47.94
5,50,3,17,0.46413,0.41094,58.33
5,50,3,18,0.4682,0.38371,46.53
5,50,3,19,0.47028,0.34929,51.89
5,50,3,20,0.46944,0.31576,40.57
5,50,3,21,0.46559,0.27459,36.87
5,50,3,22,0.45844,0.22295,57.25
5,50,4,0,0.44231,0.4453,49.34
5,50,4,1,0.43982,0.46313,48.43
5,50,4,2,0.43689,0.48069,50.55
5,50,4,3,0.43469,0.48942,91.71
5,50,4,4,0.43361,0.49291,49.77
5,50,4,5,0.43163,0.50388,58.04
5,50,4,6,0.4296,0.51358,87.45
5,50,4,7,0.42755,0.52231,84.49
5,50,4,8,0.42454,0.53906,61.48
5,50,4,9,0.42203,0.55444,44.14
5,50,4,10,0.41991,0.56497,37.92
5,50,4,11,0.41834,0.5751,61.73
5,50,4,12,0.4177,0.57724,37.56
5,50,4,13,0.41722,0.58111,44.62
5,50,4,14,0.41809,0.58023,64.44
5,50,4,15,0.41971,0.573,44.76
5,50,4,16,0.42239,0.56516,47.94
5,50,4,17,0.42607,0.55427,43.61
5,50,4,18,0.4293,0.5415,71.18
5,50,4,19,0.43268,0.52249,84.08
5,50,4,20,0.43398,0.51405,91.4
5,50,4,21,0.43448,0.51122,47.62
5,50,4,22,0.43432,0.51749,54.81
5,50,4,23,0.43308,0.52349,58.97
5,50,4,24,0.43117,0.52759,57.01
5,50,4,25,0.4296,0.52852,58.94
5,50,4,26,0.43,0.52075,65.04
5,50,4,27,0.43152,0.50761,55.43
5,50,4,28,0.43323,0.49426,44.13
5,50,4,29,0.43377,0.48649,36.64
5,50,4,30,0.43325,0.48398,53.35
5,50,4,31,0.43283,0.48738,48.56
5,50,4,32,0.4324,0.49351,74.3
5,50,4,33,0.4327,0.49384,43.16
5,50,4,34,0.43336,0.4909,85.07
5,50,4,35,0.43357,0.49238,50.34
5,50,4,36,0.43342,0.4932,59.48
5,50,4,37,0.43413,0.48977,54.42
5,50,4,38,0.43426,0.48727,45.12
5,50,4,39,0.43373,0.48786,42.8
5,50,4,40,0.43222,0.4964,44.92
5,50,4,41,0.43014,0.51113,54.22
5,50,4,42,0.42802,0.51527,53.54
5,50,4,43,0.42663,0.5218,70.51
5,50,4,44,0.42485,0.53554,61.15
5,50,4,45,0.42491,0.53813,70.82
5,50,4,46,0.42578,0.53312,51.13
5,50,4,47,0.42744,0.52714,50.01
5,50,4,48,0.42912,0.51606,53.21
5,50,4,49,0.43088,0.50301,46.07
5,50,4,50,0.43259,0.48815,46.7
5,50,4,51,0.43286,0.47774,54.73
5,50,4,52,0.43306,0.46779,45.07
5,50,4,53,0.43362,0.46075,51.29
5,50,4,54,0.43332,0.45452,49.21
5,50,4,55,0.43136,0.46091,48.01
5,50,4,56,0.42943,0.47265,49.49
5,50,4,57,0.42911,0.47446,96.02
5,50,4,58,0.42961,0.47119,84.41
5,50,4,59,0.43058,0.46318,63.93
5,50,4,60,0.43164,0.45837,50.55
5,50,4,61,0.43254,0.45841,54.19
5,50,4,62,0.43289,0.46111,48.63
5,50,4,63,0.43257,0.46737,39.11
5,50,4,64,0.43268,0.467,49.84
5,50,4,65,0.43163,0.46911,38.56
5,50,4,66,0.43027,0.47333,45.55
5,50,4,67,0.42873,0.48339,42.38
5,50,4,68,0.42568,0.49842,46.61
5,50,4,69,0.42286,0.51751,98.83
5,50,4,70,0.42095,0.528,77.01
5,50,4,71,0.41916,0.53349,61.89
5,50,4,72,0.41864,0.53155,48.54
5,50,4,73,0.41872,0.52773,43.08
5,50,4,74,0.4188,0.52335,53.37
5,50,4,75,0.41909,0.51943,45.48
5,50,4,76,0.4187,0.51803,65.81
5,50,5,0,0.42269,0.48129,44.64
5,50,5,1,0.4214,0.4911,54.59
5,50,5,2,0.41893,0.5059,54.98
5,50,5,3,0.41673,0.51813,46.02
5,50,5,4,0.41469,0.53193,73.45
5,50,5,5,0.41307,0.54177,44.19
5,50,5,6,0.41323,0.53855,48.25
5,50,5,7,0.41408,0.53336,50.15
5,50,5,8,0.4159,0.52714,40.78
5,50,5,9,0.41741,0.52425,41.04
5,50,5,10,0.41775,0.52326,48.52
5,50,5,11,0.41881,0.51833,46.31
5,50,5,12,0.41978,0.51571,46.89
5,50,5,13,0.42004,0.51143,47.26
5,50,5,14,0.41971,0.50767,50.21
5,50,5,15,0.41847,0.50301,60.08
5,50,5,16,0.41721,0.50347,72.92
5,50,5,17,0.41612,0.50626,47.46
5,50,5,18,0.41549,0.50584,41.31
5,50,5,19,0.41519,0.50337,37.19
5,50,5,20,0.41531,0.50734,50.23
5,50,5,21,0.41488,0.52235,45.89
5,50,5,22,0.41449,0.54006,52.91
5,50,5,23,0.41411,0.55285,53.03
5,50,5,24,0.41379,0.56178,51.33
5,50,5,25,0.4131,0.56929,50.68
5,50,5,26,0.41313,0.57435,57.69
5,50,5,27,0.41299,0.57975,66.59
5,50,5,28,0.41114,0.59755,58.16
5,50,5,29,0.40914,0.62338,46.35
5,50,5,30,0.4085,0.63764,48.9
5,50,5,31,0.40871,0.64175,33.23
5,50,5,32,0.40872,0.64668,50.29
5,50,5,33,0.40721,0.65685,73.28
5,50,5,34,0.40589,0.66893,114.7
5,50,5,35,0.40402,0.67783,66.18
5,50,5,36,0.40178,0.68684,51.17
5,50,5,37,0.39932,0.69946,42.58
5,50,5,38,0.39839,0.70514,51.88
5,50,5,39,0.39887,0.70509,41.59
5,50,5,40,0.40027,0.69939,53.33
5,50,5,41,0.40265,0.68893,40.71
5,50,5,42,0.40434,0.6811,47.7
5,50,5,43,0.40501,0.67584,39.04
5,50,5,44,0.40525,0.67343,62.06
5,50,5,45,0.40541,0.67008,57.2
5,50,5,46,0.40582,0.66083,75.56
5,50,5,47,0.40567,0.65966,72.46
5,50,5,48,0.40529,0.65743,58.17
5,50,5,49,0.40503,0.65479,51.22
5,50,5,50,0.40539,0.65025,42.51
5,50,5,51,0.40478,0.65078,48.16
5,50,5,52,0.40344,0.65535,88.4
5,50,5,53,0.40145,0.66958,54.68
5,50,5,54,0.39906,0.67938,81.81
5,50,5,55,0.39781,0.67676,48.5
5,50,5,56,0.39814,0.66798,43.75
5,50,5,57,0.39863,0.65834,50.56
5,50,5,58,0.39947,0.6502,52.99
5,50,5,59,0.40058,0.64428,43.93
5,50,5,60,0.40054,0.64693,47.21
5,50,5,61,0.39985,0.6565,44.12
5,50,5,62,0.39815,0.681,49.78
5,50,5,63,0.39724,0.70148,64.73
5,50,5,64,0.39722,0.71396,76.79
5,50,5,65,0.39853,0.71478,78.31
5,50,5,66,0.3994,0.70938,71.84
5,50,5,67,0.40031,0.70272,122.21
5,50,5,68,0.40092,0.69804,129.76
5,50,5,69,0.40178,0.69122,98.21
5,50,5,70,0.40228,0.6883,50.77
5,50,5,71,0.40324,0.68842,47.47
5,50,5,72,0.40432,0.68168,40.06
5,50,5,73,0.40509,0.66918,43.62
5,50,5,74,0.40517,0.66347,66.73
5,50,5,75,0.40455,0.66561,88.53
5,50,5,76,0.40379,0.66751,58.77
5,50,5,77,0.40324,0.66902,44.37
5,50,5,78,0.4028,0.67177,79.8
5,50,5,79,0.40211,0.67393,47.99
5,50,5,80,0.40153,0.6768,85.13
5,50,5,81,0.40062,0.68206,58.5
5,50,5,82,0.39976,0.68011,42.69
5,50,5,83,0.39937,0.67297,41.03
5,50,5,84,0.39942,0.66107,52.52
5,50,5,85,0.39998,0.65147,40.16
5,50,5,86,0.40077,0.64395,47.46
5,50,5,87,0.40178,0.63633,65.59
5,50,5,88,0.40266,0.63314,45.5
5,50,5,89,0.40328,0.63339,92.24
5,50,5,90,0.40347,0.63355,53.4
5,50,5,91,0.40373,0.63451,49.48
5,50,5,92,0.40533,0.63276,51.68
5,50,5,93,0.40673,0.62993,43.84
5,50,5,94,0.40774,0.62684,55.37
5,50,5,95,0.40945,0.61982,72.86
5,50,5,96,0.41133,0.60829,52.21
5,50,5,97,0.41309,0.60144,47.61
5,50,5,98,0.41493,0.5974,56.88
5,50,5,99,0.41594,0.58862,49.5
5,50,5,100,0.41721,0.58589,72.25
5,50,5,101,0.41797,0.58919,49.2
5,50,5,102,0.41846,0.58691,50.4
5,50,5,103,0.41861,0.58703,52.62
5,50,5,104,0.41802,0.58603,63.54
5,50,5,105,0.41632,0.59038,43.83
5,50,5,106,0.41588,0.59192,92.85
5,50,5,107,0.41605,0.58714,62.53
5,50,5,108,0.41694,0.57779,74.33
5,50,5,109,0.41845,0.56886,43.86
5,50,5,110,0.41909,0.56224,92.5
5,50,5,111,0.41936,0.55511,52.07
5,50,5,112,0.42009,0.54668,45.03
5,50,5,113,0.42042,0.54552,62.21
5,50,5,114,0.42033,0.54887,55.39
5,50,5,115,0.41983,0.55478,47.37
5,50,5,116,0.41919,0.5653,38.87
5,50,5,117,0.41903,0.56879,49.56
5,50,5,118,0.41933,0.56762,59.47
5,50,5,119,0.41961,0.56639,54.57
5,50,5,120,0.41824,0.57241,63.87
5,50,5,121,0.41644,0.5755,51.91
5,50,5,122,0.41562,0.57479,46.73
5,50,5,123,0.41443,0.57306,50.61
5,50,5,124,0.41382,0.57104,48.31
5,50,5,125,0.41427,0.56899,37.35
5,50,5,126,0.41439,0.56938,37.02
5,50,5,127,0.41406,0.57221,43.25
5,50,5,128,0.41346,0.57457,96.55
5,50,5,129,0.41279,0.57405,57.79
5,50,5,130,0.41096,0.57829,67.59
5,50,5,131,0.40852,0.58674,55.81
5,50,5,132,0.40621,0.59987,48.98
5,50,5,133,0.40478,0.6105,56.16
5,50,5,134,0.40397,0.62037,47.53
5,50,5,135,0.40376,0.62609,51.48
5,50,5,136,0.40267,0.62955,46.84
5,50,5,137,0.40034,0.63747,45.22
5,50,5,138,0.39821,0.6458,60.48
5,50,5,139,0.39701,0.65367,77.46
5,50,5,140,0.39636,0.6604,55.22
5,50,5,141,0.39538,0.66114,36.66
5,50,5,142,0.39405,0.66099,101.52
5,50,5,143,0.39286,0.66149,69.82
5,50,5,144,0.39244,0.65719,50.07
5,50,5,145,0.39201,0.64972,107.34
6,50,1,0,0.80331,0.52322,78.69
6,50,1,1,0.80282,0.52392,45.26
6,50,1,2,0.80139,0.52233,59.66
6,50,1,3,0.80114,0.52272,50.44
6,50,1,4,0.80137,0.52299,61.12
6,50,1,5,0.80187,0.52515,40.79
6,50,1,6,0.80245,0.52968,53.6
6,50,1,7,0.80257,0.53524,67.46
6,50,1,8,0.80203,0.53742,67.1
6,50,1,9,0.80092,0.53651,43.3
6,50,1,10,0.79936,0.5317,52.34
6,50,1,11,0.79784,0.52429,59.68
6,50,1,12,0.79649,0.51613,51.57
6,50,1,13,0.79497,0.50897,61.72
6,50,1,14,0.79414,0.50415,79.49
6,50,1,15,0.7937,0.50233,44.93
6,50,1,16,0.7933,0.50351,62.43
6,50,1,17,0.79305,0.50632,62.46
6,50,1,18,0.79312,0.50862,44.17
6,50,1,19,0.79263,0.5095,52.14
6,50,1,20,0.79202,0.51006,88.83
6,50,1,21,0.79184,0.51172,80.98
6,50,1,22,0.79214,0.51458,80.53
6,50,1,23,0.79243,0.51426,49.43
6,50,1,24,0.79306,0.51138,41.41
6,50,1,25,0.79406,0.51148,48.48
6,50,1,26,0.79562,0.5116,72.49
6,50,1,27,0.79696,0.51263,44.25
6,50,1,28,0.79876,0.51213,40.53
6,50,1,29,0.79986,0.51113,44.32
6,50,1,30,0.80131,0.51208,42.37
6,50,1,31,0.80234,0.51661,47.59
6,50,1,32,0.80286,0.52133,47.69
6,50,1,33,0.80282,0.52413,53.12
6,50,1,34,0.80223,0.52715,83.43
6,50,1,35,0.80103,0.52575,63.09
6,50,1,36,0.80068,0.52702,47.41
6,50,1,37,0.80116,0.52979,39.43
6,50,1,38,0.80246,0.53098,46.69
6,50,1,39,0.80399,0.53126,64.56
6,50,1,40,0.80457,0.529,54.63
6,50,1,41,0.80413,0.52835,96.53
6,50,1,42,0.80357,0.5266,43.78
6,50,1,43,0.8026,0.52486,52.59
6,50,1,44,0.80141,0.52514,51.97
6,50,1,45,0.79941,0.52776,60.32
6,50,1,46,0.79716,0.53265,46.82
6,50,1,47,0.79488,0.53416,62.82
6,50,1,48,0.79258,0.53593,52.62
6,50,1,49,0.79066,0.53831,57.57
6,50,1,50,0.78942,0.54155,46.74
6,50,1,51,0.78906,0.54692,45.42
6,50,1,52,0.78799,0.54918,42.61
6,50,1,53,0.78706,0.54764,46.77
6,50,1,54,0.78505,0.54573,59.02
6,50,1,55,0.78396,0.54397,45.63
6,50,1,56,0.78346,0.54229,68.49
6,50,1,57,0.78346,0.5401,53.99
6,50,1,58,0.78323,0.5405,47.85
6,50,1,59,0.78321,0.53812,43.61
6,50,1,60,0.78325,0.53662,54.63
6,50,1,61,0.78323,0.53315,91.46
6,50,1,62,0.78318,0.53062,85.04
6,50,1,63,0.78321,0.53081,64.15
6,50,1,64,0.7827,0.53227,85.75
6,50,1,65,0.78224,0.53404,60.77
6,50,1,66,0.78118,0.53658,44.8
6,50,1,67,0.7807,0.53836,44.45
6,50,1,68,0.78044,0.53966,62.09
6,50,1,69,0.78061,0.53715,42.92
6,50,1,70,0.78058,0.5314,35.2
6,50,1,71,0.78045,0.52626,44.33
6,50,1,72,0.78051,0.52528,41.31
6,50,1,73,0.78065,0.52855,46.54
6,50,1,74,0.78099,0.53458,43.46
6,50,1,75,0.78134,0.54051,96.01
6,50,1,76,0.78257,0.54658,67.58
6,50,1,77,0.7841,0.55178,87.64
6,50,1,78,0.78513,0.554,46.5
6,50,1,79,0.78555,0.55294,72.97
6,50,1,80,0.78566,0.55039,40.66
6,50,1,81,0.78588,0.54774,63.15
6,50,1,82,0.7854,0.54561,46.45
6,50,1,83,0.78474,0.54569,56.74
6,50,1,84,0.78354,0.54536,128.92
6,50,1,85,0.78233,0.54241,114.54
6,50,1,86,0.78037,0.54135,116.71
6,50,1,87,0.77818,0.53993,69.77
6,50,1,88,0.77659,0.53546,48.97
6,50,1,89,0.77531,0.5304,93.37
6,50,1,90,0.77353,0.52447,51.4
6,50,1,91,0.77139,0.5185,41.23
6,50,1,92,0.77047,0.51609,47.43
6,50,2,0,0.77135,0.53725,65.27
6,50,2,1,0.77297,0.54323,53.92
6,50,2,2,0.77392,0.546,50.31
6,50,2,3,0.77409,0.54499,45.04
6,50,2,4,0.77392,0.54094,80.0
6,50,2,5,0.77338,0.53555,92.27
6,50,2,6,0.77245,0.52903,54.63
6,50,2,7,0.77174,0.52271,73.96
6,50,2,8,0.77137,0.52078,45.49
6,50,2,9,0.77007,0.51727,41.08
6,50,2,10,0.76806,0.5127,80.39
6,50,2,11,0.7657,0.50922,48.65
6,50,2,12,0.76376,0.51046,40.45
6,50,2,13,0.76277,0.51132,50.06
6,50,2,14,0.76303,0.51467,64.68
6,50,2,15,0.76374,0.51541,69.28
6,50,2,16,0.76478,0.51827,45.19
6,50,2,17,0.76711,0.52202,89.25
6,50,2,18,0.76946,0.52516,77.01
6,50,2,19,0.77211,0.52963,52.56
6,50,2,20,0.77452,0.53167,92.5
6,50,2,21,0.77725,0.53346,55.87
6,50,2,22,0.77961,0.5351,78.07
6,50,2,23,0.78334,0.54117,63.29
6,50,2,24,0.78677,0.55027,43.93
6,50,2,25,0.78964,0.5597,51.46
6,50,2,26,0.7918,0.56663,40.04
6,50,2,27,0.79367,0.573,37.56
6,50,2,28,0.79474,0.57718,99.41
6,50,2,29,0.79491,0.57791,56.05
6,50,2,30,0.79398,0.57301,47.25
6,50,2,31,0.79337,0.56866,56.67
6,50,2,32,0.79304,0.56977,47.24
6,50,2,33,0.79328,0.5702,70.64
6,50,2,34,0.79372,0.56945,53.06
6,50,2,35,0.79356,0.56647,79.03
6,50,2,36,0.79265,0.56619,73.82
6,50,2,37,0.79173,0.56701,89.07
6,50,2,38,0.7911,0.56522,90.49
6,50,2,39,0.79147,0.56181,62.9
6,50,2,40,0.7913,0.55504,51.79
6,50,2,41,0.79094,0.55141,54.45
6,50,2,42,0.79011,0.54865,47.35
6,50,2,43,0.79017,0.54873,47.49
6,50,2,44,0.79056,0.54884,48.88
6,50,2,45,0.79186,0.55356,64.76
6,50,2,46,0.79313,0.55462,62.36
6,50,2,47,0.79384,0.55665,54.34
6,50,2,48,0.79426,0.56088,44.78
6,50,2,49,0.79443,0.56697,47.98
6,50,2,50,0.79392,0.57172,74.62
6,50,2,51,0.7931,0.57386,53.31
6,50,2,52,0.79207,0.57398,35.05
6,50,2,53,0.79127,0.57147,51.66
6,50,2,54,0.78962,0.56664,44.0
6,50,2,55,0.78826,0.56354,63.53
6,50,2,56,0.78728,0.56259,45.62
6,50,2,57,0.78727,0.56694,74.16
6,50,2,58,0.78765,0.56996,51.1
6,50,2,59,0.78836,0.57234,45.39
6,50,2,60,0.79006,0.57824,50.36
6,50,2,61,0.79223,0.58893,80.01
6,50,2,62,0.79312,0.59259,57.81
6,50,2,63,0.79335,0.5937,49.63
6,50,2,64,0.79387,0.59157,41.07
6,50,2,65,0.79453,0.58817,45.99
6,50,2,66,0.79459,0.58473,71.67
6,50,2,67,0.79465,0.58189,43.04
6,50,2,68,0.79476,0.58362,123.5
6,50,2,69,0.79544,0.58468,103.2
6,50,2,70,0.7962,0.58232,84.17
6,50,2,71,0.79695,0.57642,45.51
6,50,2,72,0.79704,0.56953,54.73
6,50,3,0,0.79113,0.56362,99.3
6,50,3,1,0.79044,0.56242,58.74
6,50,3,2,0.79032,0.56213,69.48
6,50,3,3,0.78984,0.56211,110.81
6,50,3,4,0.78919,0.55976,90.73
6,50,3,5,0.7891,0.55916,63.69
6,50,3,6,0.78913,0.55678,100.86
6,50,3,7,0.78856,0.55383,63.82
6,50,3,8,0.78747,0.55213,43.08
6,50,3,9,0.78677,0.55462,40.7
6,50,3,10,0.78571,0.55388,62.92
6,50,3,11,0.78459,0.55351,70.11
6,50,3,12,0.78368,0.55417,69.26
6,50,3,13,0.7828,0.55253,72.04
6,50,3,14,0.78182,0.54654,57.04
6,50,3,15,0.78133,0.53881,44.69
6,50,3,16,0.7817,0.53694,66.41
6,50,3,17,0.78263,0.53876,73.77
6,50,3,18,0.78392,0.54548,75.93
6,50,3,19,0.78428,0.55012,85.55
6,50,3,20,0.78544,0.5591,52.25
6,50,3,21,0.78656,0.57,44.19
6,50,3,22,0.78775,0.57342,57.49
6,50,3,23,0.78845,0.57079,52.51
6,50,3,24,0.78802,0.56587,82.53
6,50,3,25,0.78654,0.56215,48.65
6,50,3,26,0.78569,0.56024,43.08
6,50,3,27,0.78539,0.56264,52.07
6,50,3,28,0.78504,0.56508,66.92
6,50,3,29,0.78431,0.56904,81.28
6,50,3,30,0.78318,0.5688,55.71
6,50,3,31,0.78203,0.56541,47.51
6,50,3,32,0.78206,0.56327,82.49
6,50,3,33,0.7821,0.56227,49.55
6,50,3,34,0.78203,0.56376,90.48
6,50,3,35,0.78149,0.5626,76.09
6,50,3,36,0.78032,0.56013,65.29
6,50,3,37,0.77912,0.55832,71.3
6,50,3,38,0.77821,0.55618,55.6
6,50,3,39,0.77788,0.5577,50.03
6,50,3,40,0.77803,0.56023,48.95
6,50,3,41,0.7781,0.56214,52.24
6,50,3,42,0.77804,0.56121,46.3
6,50,3,43,0.77904,0.56358,94.57
6,50,3,44,0.77984,0.56815,87.87
6,50,3,45,0.78148,0.57475,61.82
6,50,3,46,0.78315,0.57761,56.9
6,50,3,47,0.78489,0.57964,52.07
6,50,3,48,0.78629,0.58118,51.23
6,50,3,49,0.78701,0.58181,55.61
6,50,3,50,0.78743,0.58097,54.53
6,50,3,51,0.78709,0.58045,53.93
6,50,3,52,0.78654,0.58134,42.87
6,50,3,53,0.78544,0.58099,55.0
6,50,3,54,0.78467,0.58477,52.93
6,50,3,55,0.78407,0.58549,42.45
6,50,3,56,0.7831,0.58335,57.38
6,50,3,57,0.78226,0.58193,48.31
6,50,3,58,0.78121,0.58191,53.95
6,50,3,59,0.78051,0.58425,40.87
6,50,3,60,0.78006,0.59068,50.14
6,50,3,61,0.77999,0.59989,53.33
6,50,3,62,0.77947,0.60075,64.15
6,50,3,63,0.77848,0.59956,70.46
6,50,3,64,0.77752,0.59644,76.21
6,50,3,65,0.77741,0.59275,72.8
6,50,3,66,0.77704,0.58635,95.6
6,50,3,67,0.77722,0.58469,62.53
6,50,3,68,0.77764,0.58881,48.29
6,50,3,69,0.77751,0.59022,55.57
6,50,3,70,0.77711,0.58962,51.29
6,50,3,71,0.77663,0.58967,53.05
6,50,3,72,0.77611,0.58943,48.46
6,50,3,73,0.7758,0.59435,47.19
6,50,3,74,0.77627,0.60106,38.49
6,50,3,75,0.77607,0.60424,42.41
6,50,3,76,0.77579,0.60481,70.52
6,50,3,77,0.77528,0.60179,36.11
6,50,3,78,0.7751,0.59684,49.89
6,50,3,79,0.77515,0.59399,49.44
6,50,4,0,0.77243,0.58181,66.56
6,50,4,1,0.77195,0.57888,69.47
6,50,4,2,0.77158,0.57861,58.61
6,50,4,3,0.7712,0.58037,116.71
6,50,4,4,0.77086,0.58004,103.89
6,50,4,5,0.77073,0.57826,78.39
6,50,4,6,0.77107,0.5753,59.31
6,50,4,7,0.77134,0.57223,50.3
6,50,4,8,0.7719,0.56778,95.23
6,50,4,9,0.77219,0.56176,59.61
6,50,4,10,0.77159,0.55459,72.67
6,50,4,11,0.77111,0.55273,61.78
6,50,4,12,0.77057,0.55273,61.11
6,50,4,13,0.77088,0.55367,38.61
6,50,4,14,0.7714,0.55411,43.53
6,50,4,15,0.77136,0.55325,63.48
6,50,4,16,0.77087,0.5512,42.89
6,50,4,17,0.77131,0.5505,44.71
6,50,4,18,0.77182,0.55176,49.68
6,50,4,19,0.77256,0.55379,40.59
6,50,4,20,0.77322,0.5559,56.44
6,50,4,21,0.77357,0.55643,47.56
6,50,4,22,0.7739,0.55787,70.29
6,50,4,23,0.77493,0.55961,59.78
6,50,4,24,0.77592,0.55967,38.97
6,50,4,25,0.7765,0.55894,44.64
6,50,4,26,0.77654,0.55495,44.75
6,50,4,27,0.77596,0.55408,64.09
6,50,4,28,0.77565,0.55256,98.82
6,50,4,29,0.77477,0.55033,52.53
6,50,4,30,0.77382,0.55003,49.69
6,50,4,31,0.77221,0.55058,52.56
6,50,4,32,0.77067,0.55218,48.99
6,50,4,33,0.76928,0.55304,37.17
6,50,4,34,0.76834,0.55477,72.28
6,50,4,35,0.76852,0.55672,52.91
6,50,4,36,0.76944,0.55711,63.58
6,50,4,37,0.77066,0.55584,41.77
6,50,4,38,0.77171,0.55687,43.83
6,50,4,39,0.77252,0.56062,51.17
6,50,4,40,0.77323,0.56861,89.08
6,50,4,41,0.77379,0.57754,68.78
6,50,4,42,0.77412,0.58621,55.87
6,50,4,43,0.77405,0.58911,78.24
6,50,4,44,0.77398,0.59245,55.93
6,50,4,45,0.77492,0.59774,41.7
6,50,4,46,0.77523,0.60022,49.06
6,50,4,47,0.77543,0.60359,54.41
6,50,4,48,0.7762,0.60962,42.52
6,50,4,49,0.77717,0.61672,47.59
6,50,4,50,0.77864,0.62547,72.02
6,50,4,51,0.77913,0.63053,49.35
6,50,4,52,0.77945,0.63231,73.82
6,50,4,53,0.78014,0.63416,54.2
6,50,4,54,0.78135,0.63572,53.66
6,50,4,55,0.78282,0.63884,79.63
6,50,4,56,0.78391,0.64198,53.68
6,50,4,57,0.78464,0.6403,88.67
6,50,4,58,0.78392,0.63594,49.74
6,50,4,59,0.78321,0.63067,61.55
6,50,4,60,0.78265,0.62381,68.59
6,50,4,61,0.78202,0.61126,57.74
6,50,4,62,0.78121,0.59379,53.19
6,50,4,63,0.78016,0.5781,66.14
6,50,4,64,0.7798,0.56942,66.51
6,50,4,65,0.77863,0.55901,67.18
6,50,4,66,0.77842,0.54788,46.92
6,50,4,67,0.77834,0.53976,51.89
6,50,4,68,0.77837,0.53618,48.38
6,50,4,69,0.7781,0.53435,60.01
6,50,4,70,0.77772,0.53416,47.14
6,50,4,71,0.77697,0.53414,46.28
6,50,4,72,0.7756,0.53212,55.43
6,50,4,73,0.77458,0.53078,82.5
6,50,4,74,0.77361,0.53119,59.33
6,50,4,75,0.77363,0.53189,60.95
6,50,4,76,0.77408,0.53063,58.19
6,50,4,77,0.7746,0.53285,64.46
6,50,4,78,0.77463,0.53296,44.58
6,50,4,79,0.77524,0.53495,62.39
6,50,4,80,0.77619,0.53916,53.81
6,50,4,81,0.77654,0.54209,60.66
6,50,4,82,0.77723,0.54451,37.37
6,50,4,83,0.77736,0.54704,48.5
6,50,4,84,0.77697,0.54777,43.29
6,50,4,85,0.77722,0.54989,110.76
6,50,4,86,0.77732,0.55302,77.41
6,50,4,87,0.77788,0.55721,41.82
6,50,4,88,0.77792,0.55606,40.96
6,50,4,89,0.77766,0.55297,75.33
6,50,4,90,0.77747,0.55228,48.52
6,50,4,91,0.77683,0.55182,52.52
6,50,4,92,0.77556,0.54946,45.72
6,50,4,93,0.77414,0.54255,49.61
6,50,4,94,0.77304,0.53622,67.46
6,50,4,95,0.77266,0.53246,51.8
6,50,4,96,0.77246,0.53001,50.08
6,50,4,97,0.77333,0.53109,79.87
6,50,4,98,0.7736,0.53115,61.96
6,50,4,99,0.77362,0.53266,85.83
6,50,4,100,0.77422,0.5354,123.1
6,50,4,101,0.77529,0.54249,105.82
6,50,4,102,0.77572,0.54508,99.73
6,50,4,103,0.77595,0.55007,75.21
6,50,4,104,0.77711,0.55719,70.68
6,50,4,105,0.77801,0.56098,111.81
6,50,4,106,0.77955,0.56543,67.13
6,50,4,107,0.77992,0.56532,40.05
6,50,4,108,0.7793,0.5627,53.75
6,50,4,109,0.77827,0.56252,51.49
6,50,4,110,0.77713,0.56272,45.31
6,50,4,111,0.77606,0.56069,57.85
6,50,4,112,0.77475,0.55671,53.8
6,50,4,113,0.77347,0.55229,44.81
6,50,4,114,0.77272,0.54938,49.28
6,50,4,115,0.77179,0.54781,78.26
6,50,4,116,0.7715,0.54807,52.15
6,50,4,117,0.77085,0.55,44.19
6,50,4,118,0.77012,0.55114,53.44
6,50,4,119,0.77033,0.55168,41.94
6,50,4,120,0.77001,0.54678,40.58
6,50,4,121,0.77009,0.54422,55.51
6,50,4,122,0.77014,0.5441,77.51
6,50,4,123,0.7699,0.54233,78.44
6,50,4,124,0.7698,0.53908,57.47
6,50,4,125,0.7697,0.53616,49.49
6,50,4,126,0.77065,0.53094,51.19
6,50,4,127,0.77161,0.52617,89.76
6,50,4,128,0.77272,0.52249,76.36
6,50,4,129,0.77376,0.52172,63.75
6,50,4,130,0.77413,0.52065,51.8
6,50,4,131,0.7737,0.5158,48.11
6,50,5,0,0.77302,0.51211,69.53
6,50,5,1,0.77344,0.51308,68.02
6,50,5,2,0.77371,0.51364,70.93
6,50,5,3,0.77403,0.51445,81.47
6,50,5,4,0.77437,0.51481,57.15
6,50,5,5,0.77483,0.51333,58.72
6,50,5,6,0.77504,0.51144,37.04
6,50,5,7,0.77547,0.51007,49.36
6,50,5,8,0.77602,0.50927,57.39
6,50,5,9,0.77627,0.50617,86.83
6,50,5,10,0.77603,0.50292,114.69
6,50,5,11,0.77523,0.49992,95.05
6,50,5,12,0.7748,0.49739,54.16
6,50,5,13,0.77379,0.49902,52.79
6,50,5,14,0.77298,0.5004,43.9
6,50,5,15,0.77255,0.49937,46.21
6,50,5,16,0.77191,0.49709,54.53
6,50,5,17,0.77127,0.4964,48.58
6,50,5,18,0.77074,0.49636,53.78
6,50,5,19,0.77039,0.49959,96.1
6,50,5,20,0.76999,0.50068,54.53
6,50,5,21,0.76998,0.50452,46.92
6,50,5,22,0.77014,0.50836,44.19
6,50,5,23,0.77027,0.51172,43.67
6,50,5,24,0.77102,0.51532,48.44
6,50,5,25,0.77167,0.51941,48.26
6,50,5,26,0.77198,0.52153,56.73
6,50,5,27,0.77193,0.52142,39.68
6,50,5,28,0.77171,0.51993,59.59
6,50,5,29,0.77189,0.51999,46.05
6,50,5,30,0.77211,0.52176,89.04
6,50,5,31,0.77227,0.52432,50.1
6,50,5,32,0.77233,0.52816,52.88
6,50,5,33,0.77253,0.53137,48.67
6,50,5,34,0.77284,0.5332,69.41
6,50,5,35,0.7729,0.5353,85.34
6,50,5,36,0.77273,0.5366,66.38
6,50,5,37,0.77276,0.5375,39.69
6,50,5,38,0.77233,0.53908,48.65
6,50,5,39,0.77181,0.53949,60.43
6,50,5,40,0.7715,0.53935,42.41
6,50,5,41,0.77192,0.53943,52.45
6,50,5,42,0.77229,0.53594,41.51
6,50,5,43,0.77276,0.53227,47.63
6,50,5,44,0.77343,0.52824,48.11
6,50,5,45,0.77308,0.5237,87.22
6,50,5,46,0.77269,0.52,62.64
6,50,5,47,0.7721,0.51491,50.16
6,50,5,48,0.77242,0.51213,37.33
6,50,5,49,0.77361,0.51031,42.17
6,50,5,50,0.77402,0.50911,61.55
6,50,5,51,0.77447,0.51025,42.19
6,50,5,52,0.77469,0.5105,95.8
6,50,5,53,0.77394,0.51117,74.84
6,50,5,54,0.77277,0.51102,65.14
6,50,5,55,0.77157,0.51068,44.56
6,50,5,56,0.77078,0.51103,75.02
6,50,5,57,0.77045,0.51209,76.26
6,50,5,58,0.77021,0.51337,66.83
6,50,5,59,0.76979,0.51406,46.72
6,50,5,60,0.76979,0.51328,57.9
6,50,5,61,0.76975,0.50979,41.33
6,50,5,62,0.76986,0.50639,55.39
6,50,5,63,0.76979,0.50615,67.15
6,50,5,64,0.7695,0.50698,52.07
6,50,5,65,0.76892,0.50569,45.52
6,50,5,66,0.76812,0.50523,61.77
6,50,5,67,0.76743,0.50799,46.07
6,50,5,68,0.76738,0.51177,63.82
6,50,5,69,0.76719,0.51591,75.01
6,50,5,70,0.76719,0.52256,50.74
6,50,5,71,0.76742,0.53339,42.59
6,50,5,72,0.76739,0.53793,44.03
6,50,5,73,0.76715,0.53751,42.96
6,50,5,74,0.76693,0.53364,50.76
6,50,5,75,0.76665,0.5283,75.89
6,50,5,76,0.76643,0.52276,49.96
6,50,5,77,0.76637,0.51577,57.59
6,50,5,78,0.7664,0.51203,56.77
6,50,5,79,0.76601,0.50583,70.06
6,50,5,80,0.76557,0.49956,50.67
6,50,5,81,0.7652,0.49586,64.68
6,50,5,82,0.76507,0.49358,46.15
6,50,5,83,0.7652,0.4922,50.71
6,50,5,84,0.76564,0.49256,50.4
6,50,5,85,0.76685,0.49542,52.66
6,50,5,86,0.76808,0.49749,87.73
6,50,5,87,0.76925,0.4982,53.29
6,50,5,88,0.76978,0.4974,36.44
6,50,5,89,0.76979,0.49778,42.63
6,50,5,90,0.76943,0.49937,47.02
6,50,5,91,0.76878,0.50098,82.21
6,50,5,92,0.76851,0.50448,55.36
6,50,5,93,0.76836,0.50912,46.74
6,50,5,94,0.76919,0.51292,49.0
6,50,5,95,0.76979,0.5179,46.55
6,50,5,96,0.77073,0.52398,63.33
6,50,5,97,0.7717,0.52781,50.2
6,50,5,98,0.77214,0.53201,55.05
6,50,5,99,0.77249,0.53634,50.31
6,50,5,100,0.77288,0.53954,88.38
6,50,5,101,0.7733,0.54241,42.56
6,50,5,102,0.77372,0.54719,48.23
6,50,5,103,0.77412,0.55158,54.37
6,50,5,104,0.7744,0.55459,54.29
6,50,5,105,0.77488,0.55602,41.29
6,50,5,106,0.77526,0.55425,61.76
6,50,5,107,0.77518,0.54877,51.21
6,50,5,108,0.77464,0.54521,53.79
6,50,5,109,0.77324,0.54652,53.37
6,50,5,110,0.7719,0.55061,85.88
6,50,5,111,0.77158,0.55594,62.37
6,50,5,112,0.77155,0.55969,84.53
6,50,5,113,0.77167,0.55919,47.28
6,50,5,114,0.77148,0.55691,63.54
6,50,5,115,0.77112,0.55142,57.6
6,50,5,116,0.77059,0.54636,37.45
6,50,5,117,0.77068,0.54043,55.53
6,50,5,118,0.77053,0.5358,45.9
6,50,5,119,0.77082,0.53499,49.51
6,50,5,120,0.77104,0.53625,40.39
6,50,5,121,0.7715,0.53609,66.6
6,50,5,122,0.77212,0.53403,49.11
6,50,5,123,0.77281,0.53061,48.84
6,50,5,124,0.77277,0.52541,41.63
6,50,5,125,0.77226,0.51992,73.17
6,50,5,126,0.77257,0.52019,44.59
6,50,5,127,0.77309,0.5248,45.66
6,50,5,128,0.77375,0.52925,48.09
6,50,5,129,0.7746,0.53416,48.8
6,50,5,130,0.77485,0.5377,46.38
6,50,5,131,0.7751,0.53736,67.06
6,50,5,132,0.77537,0.53714,46.32
6,50,5,133,0.77589,0.53721,46.06
7,50,1,0,0.16469,0.69159,65.26
7,50,1,1,0.16401,0.69021,63.88
7,50,1,2,0.16348,0.68722,89.22
7,50,1,3,0.16303,0.68152,70.89
7,50,1,4,0.16289,0.67794,42.72
7,50,1,5,0.16267,0.67588,45.26
7,50,1,6,0.16275,0.67362,48.47
7,50,1,7,0.16256,0.67205,45.72
7,50,1,8,0.16228,0.67233,44.3
7,50,1,9,0.16151,0.67127,44.19
7,50,1,10,0.1611,0.67092,53.65
7,50,1,11,0.16081,0.67112,46.09
7,50,1,12,0.16059,0.66865,63.97
7,50,1,13,0.16087,0.66575,108.73
7,50,1,14,0.16086,0.66268,84.28
7,50,1,15,0.16017,0.66111,64.37
7,50,1,16,0.15894,0.66219,81.3
7,50,1,17,0.15855,0.65966,66.54
7,50,1,18,0.15891,0.65811,112.77
7,50,1,19,0.15957,0.65618,96.57
7,50,1,20,0.16048,0.65589,64.96
7,50,1,21,0.16152,0.65583,85.86
7,50,1,22,0.16274,0.65511,68.99
7,50,1,23,0.16451,0.65719,54.33
7,50,1,24,0.16614,0.6611,42.31
7,50,1,25,0.16669,0.66427,56.6
7,50,1,26,0.16707,0.6616,57.53
7,50,1,27,0.16659,0.65795,50.5
7,50,1,28,0.16601,0.65794,67.52
7,50,1,29,0.16506,0.65573,96.91
7,50,1,30,0.16435,0.65135,56.42
7,50,1,31,0.16398,0.64773,63.68
7,50,1,32,0.16428,0.64867,46.76
7,50,1,33,0.16459,0.64754,52.85
7,50,1,34,0.1646,0.64539,44.64
7,50,1,35,0.16456,0.64653,87.28
7,50,1,36,0.16474,0.648,81.42
7,50,1,37,0.16563,0.65221,49.94
7,50,1,38,0.1667,0.6534,69.76
7,50,1,39,0.16768,0.65587,45.07
7,50,1,40,0.16897,0.65697,51.69
7,50,1,41,0.16967,0.65898,49.31
7,50,1,42,0.16984,0.65842,43.9
7,50,1,43,0.16977,0.65492,46.84
7,50,1,44,0.16971,0.65325,45.76
7,50,1,45,0.17003,0.65254,52.47
7,50,1,46,0.17026,0.65607,61.92
7,50,1,47,0.17058,0.66037,92.95
7,50,1,48,0.17102,0.66289,87.56
7,50,1,49,0.1716,0.66708,51.14
7,50,1,50,0.17222,0.67556,73.55
7,50,1,51,0.1738,0.68299,49.51
7,50,1,52,0.17528,0.68777,59.32
7,50,1,53,0.17708,0.69227,63.18
7,50,1,54,0.17908,0.69666,50.52
7,50,1,55,0.18151,0.70027,46.62
7,50,1,56,0.18319,0.70314,55.64
7,50,1,57,0.18441,0.70462,60.51
7,50,1,58,0.18566,0.71016,49.88
7,50,1,59,0.18643,0.71629,42.49
7,50,1,60,0.18667,0.71794,45.68
7,50,1,61,0.18688,0.71641,50.73
7,50,1,62,0.18706,0.7146,34.03
7,50,1,63,0.18771,0.71377,58.31
7,50,1,64,0.18827,0.71386,91.23
7,50,1,65,0.18859,0.71133,84.41
7,50,1,66,0.18874,0.70587,42.96
7,50,1,67,0.18817,0.69561,58.45
7,50,1,68,0.18781,0.69056,44.3
7,50,1,69,0.18784,0.68412,47.8
7,50,1,70,0.18771,0.67732,50.8
7,50,1,71,0.18778,0.67611,108.01
7,50,1,72,0.1871,0.67954,94.08
7,50,1,73,0.1863,0.68094,77.41
7,50,1,74,0.1851,0.68144,51.95
7,50,1,75,0.18292,0.67962,51.54
7,50,1,76,0.18103,0.67992,70.06
7,50,1,77,0.17964,0.68327,43.19
7,50,1,78,0.17826,0.68981,69.08
7,50,1,79,0.17806,0.69786,47.6
7,50,1,80,0.17867,0.70535,81.98
7,50,1,81,0.17828,0.71178,78.62
7,50,1,82,0.17795,0.71538,70.49
7,50,1,83,0.17843,0.71698,97.82
7,50,1,84,0.18009,0.72151,85.58
7,50,1,85,0.18208,0.72362,54.36
7,50,1,86,0.18332,0.72323,49.6
7,50,1,87,0.18384,0.7275,46.51
7,50,1,88,0.18237,0.73605,45.66
7,50,1,89,0.18043,0.73864,49.58
7,50,1,90,0.17972,0.73449,65.03
7,50,1,91,0.17952,0.72868,79.88
7,50,1,92,0.17936,0.72311,72.03
7,50,1,93,0.1802,0.71231,59.07
7,50,1,94,0.18084,0.71046,38.72
7,50,1,95,0.18129,0.71545,47.44
7,50,1,96,0.18084,0.72895,45.55
7,50,1,97,0.18065,0.73927,53.85
7,50,1,98,0.17986,0.74588,68.72
7,50,1,99,0.17772,0.74954,86.69
7,50,1,100,0.17642,0.74788,79.8
7,50,1,101,0.17504,0.74865,64.96
7,50,1,102,0.17338,0.74803,68.53
7,50,1,103,0.17163,0.74705,48.31
7,50,1,104,0.16918,0.74471,63.65
7,50,1,105,0.16683,0.74375,94.87
7,50,1,106,0.16409,0.74448,82.12
7,50,1,107,0.16122,0.75678,44.89
7,50,1,108,0.1586,0.76455,59.59
7,50,1,109,0.1575,0.76545,94.33
7,50,1,110,0.15699,0.76618,82.01
7,50,1,111,0.15554,0.76391,48.38
7,50,1,112,0.15489,0.76015,53.54
7,50,1,113,0.15464,0.75308,40.7
7,50,1,114,0.15431,0.74576,56.55
7,50,1,115,0.15495,0.73949,81.51
7,50,1,116,0.15572,0.73843,102.52
7,50,1,117,0.15704,0.7397,90.84
7,50,1,118,0.15806,0.74452,51.59
7,50,1,119,0.15927,0.74696,60.47
7,50,1,120,0.16042,0.74878,50.56
7,50,1,121,0.16127,0.746,82.77
7,50,1,122,0.1615,0.74569,52.4
7,50,1,123,0.16213,0.7497,103.77
7,50,1,124,0.16168,0.75626,61.8
7,50,1,125,0.16246,0.76689,48.87
7,50,1,126,0.16275,0.76878,46.06
7,50,2,0,0.16384,0.76651,55.64
7,50,2,1,0.16407,0.76337,78.23
7,50,2,2,0.16437,0.75909,101.1
7,50,2,3,0.16439,0.75202,65.26
7,50,2,4,0.16514,0.74571,53.66
7,50,2,5,0.16598,0.7444,57.23
7,50,2,6,0.16687,0.74487,76.24
7,50,2,7,0.168,0.74286,52.72
7,50,2,8,0.16944,0.73868,37.26
7,50,2,9,0.17088,0.73916,62.53
7,50,2,10,0.17272,0.74223,45.7
7,50,2,11,0.17444,0.74204,48.89
7,50,2,12,0.17572,0.74209,58.88
7,50,2,13,0.17636,0.74011,53.48
7,50,2,14,0.17695,0.73771,65.34
7,50,2,15,0.177,0.73696,48.69
7,50,2,16,0.17732,0.73359,104.38
7,50,2,17,0.17705,0.72915,73.11
7,50,2,18,0.17547,0.72614,60.57
7,50,2,19,0.17363,0.72327,49.46
7,50,2,20,0.17255,0.72213,48.49
7,50,2,21,0.17236,0.71702,79.71
7,50,2,22,0.17245,0.70911,59.76
7,50,2,23,0.17218,0.69933,69.85
7,50,2,24,0.17169,0.69351,41.47
7,50,2,25,0.17078,0.68906,47.88
7,50,2,26,0.17017,0.68423,45.14
7,50,2,27,0.17033,0.68079,52.9
7,50,2,28,0.17097,0.67947,45.19
7,50,2,29,0.17243,0.67772,43.99
7,50,2,30,0.1738,0.67717,38.49
7,50,2,31,0.17569,0.67826,47.94
7,50,2,32,0.17626,0.68017,56.71
7,50,2,33,0.17629,0.68476,68.96
7,50,2,34,0.17525,0.6957,49.51
7,50,2,35,0.17352,0.70433,64.49
7,50,2,36,0.17178,0.70945,51.68
7,50,2,37,0.17013,0.70988,108.28
7,50,2,38,0.16931,0.71212,89.37
7,50,2,39,0.16868,0.70858,67.32
7,50,2,40,0.16785,0.70326,58.82
7,50,2,41,0.16806,0.69789,79.52
7,50,2,42,0.16762,0.69457,52.91
7,50,2,43,0.16721,0.69018,48.26
7,50,2,44,0.16703,0.69206,45.97
7,50,2,45,0.16763,0.69478,45.65
7,50,2,46,0.16824,0.69564,50.08
7,50,2,47,0.16828,0.69718,53.13
7,50,2,48,0.1687,0.69788,54.1
7,50,2,49,0.16867,0.69677,51.08
7,50,2,50,0.16856,0.69584,65.36
7,50,2,51,0.16831,0.69292,48.6
7,50,2,52,0.16771,0.68634,54.67
7,50,2,53,0.16702,0.68362,42.64
7,50,2,54,0.1659,0.68001,52.43
7,50,2,55,0.16436,0.67627,69.18
7,50,2,56,0.16294,0.67225,61.67
7,50,2,57,0.16202,0.66829,97.21
7,50,2,58,0.16114,0.66696,106.15
7,50,2,59,0.16113,0.6672,77.88
7,50,2,60,0.16172,0.67257,53.62
7,50,2,61,0.16248,0.67498,41.85
7,50,2,62,0.16298,0.6767,39.12
7,50,2,63,0.16352,0.67742,49.14
7,50,2,64,0.16439,0.6764,44.73
7,50,2,65,0.16486,0.67505,49.14
7,50,2,66,0.16478,0.67379,55.75
7,50,2,67,0.16497,0.67381,65.77
7,50,2,68,0.16548,0.67073,86.48
7,50,2,69,0.16558,0.66623,53.12
7,50,2,70,0.16578,0.65838,45.65
7,50,2,71,0.16581,0.65111,64.07
7,50,2,72,0.16577,0.64862,70.82
7,50,2,73,0.16689,0.65029,48.03
7,50,2,74,0.1675,0.65021,55.55
7,50,2,75,0.16813,0.65245,52.14
7,50,2,76,0.16798,0.65579,45.25
7,50,2,77,0.16757,0.65969,50.13
7,50,2,78,0.16698,0.66319,46.35
7,50,2,79,0.16641,0.66641,45.4
7,50,2,80,0.16597,0.67063,83.85
7,50,2,81,0.16572,0.67421,46.07
7,50,2,82,0.16556,0.67829,57.63
7,50,2,83,0.16504,0.67932,51.42
7,50,3,0,0.16287,0.67596,99.85
7,50,3,1,0.16324,0.67273,78.67
7,50,3,2,0.16356,0.67043,69.08
7,50,3,3,0.16457,0.66396,67.16
7,50,3,4,0.16499,0.6547,91.33
7,50,3,5,0.16518,0.6499,83.28
7,50,3,6,0.16526,0.64773,55.4
7,50,3,7,0.16525,0.64742,52.5
7,50,3,8,0.1644,0.64826,78.7
7,50,3,9,0.1636,0.65084,68.58
7,50,3,10,0.16322,0.65489,56.33
7,50,3,11,0.16249,0.65975,43.56
7,50,3,12,0.16251,0.66285,63.13
7,50,3,13,0.16258,0.66264,54.17
7,50,3,14,0.16283,0.66202,55.32
7,50,3,15,0.16377,0.6605,55.9
7,50,3,16,0.1645,0.66389,65.72
7,50,3,17,0.165,0.66991,67.02
7,50,3,18,0.16539,0.67454,55.87
7,50,3,19,0.16594,0.68029,81.91
7,50,3,20,0.16636,0.67894,55.65
7,50,3,21,0.1667,0.67753,86.26
7,50,3,22,0.1669,0.67556,53.4
7,50,3,23,0.16723,0.67096,36.27
7,50,3,24,0.16856,0.66694,57.58
7,50,3,25,0.16963,0.66642,51.7
7,50,3,26,0.17076,0.66977,43.9
7,50,3,27,0.17259,0.67873,46.43
7,50,3,28,0.17368,0.68561,35.46
7,50,3,29,0.17373,0.69577,51.24
7,50,3,30,0.17359,0.70574,52.05
7,50,3,31,0.17342,0.71122,68.69
7,50,3,32,0.17423,0.71342,63.47
7,50,3,33,0.17434,0.71391,73.71
7,50,3,34,0.17448,0.71309,61.64
7,50,3,35,0.17481,0.71171,45.82
7,50,3,36,0.17551,0.71016,50.62
7,50,3,37,0.1761,0.7117,53.39
7,50,3,38,0.176,0.714,38.56
7,50,3,39,0.17501,0.71683,39.76
7,50,3,40,0.17407,0.71993,49.65
7,50,3,41,0.1731,0.72284,44.65
7,50,3,42,0.17237,0.72867,45.21
7,50,3,43,0.17221,0.73502,50.58
7,50,3,44,0.17218,0.74553,42.54
7,50,3,45,0.1718,0.75897,53.08
7,50,3,46,0.17074,0.77451,42.62
7,50,3,47,0.17027,0.78485,55.01
7,50,3,48,0.16929,0.79809,36.61
7,50,3,49,0.16896,0.8047,44.66
7,50,3,50,0.16797,0.80512,45.04
7,50,3,51,0.16683,0.80201,94.68
7,50,3,52,0.16563,0.80055,57.33
7,50,3,53,0.1653,0.79948,75.58
7,50,3,54,0.16575,0.79458,63.48
7,50,3,55,0.166,0.78962,48.46
7,50,3,56,0.16678,0.78423,65.4
7,50,3,57,0.16717,0.77652,54.43
7,50,3,58,0.1672,0.77153,83.18
7,50,3,59,0.168,0.76898,47.08
7,50,3,60,0.16848,0.76817,61.38
7,50,3,61,0.16872,0.76886,56.52
7,50,3,62,0.16779,0.77115,62.36
7,50,3,63,0.16679,0.77212,35.48
7,50,3,64,0.16483,0.77266,105.24
7,50,3,65,0.16355,0.77171,109.68
7,50,3,66,0.16229,0.77154,76.93
7,50,3,67,0.16144,0.77075,41.34
7,50,3,68,0.16161,0.77227,54.18
7,50,3,69,0.16147,0.7732,44.21
7,50,3,70,0.162,0.77228,45.55
7,50,3,71,0.16235,0.77199,53.93
7,50,3,72,0.16379,0.76777,65.45
7,50,3,73,0.16539,0.75975,47.26
7,50,3,74,0.16694,0.75721,46.84
7,50,3,75,0.16777,0.75762,51.3
7,50,3,76,0.1684,0.75519,69.0
7,50,3,77,0.16903,0.74737,50.88
7,50,3,78,0.16905,0.7418,52.91
7,50,3,79,0.16928,0.74017,78.87
7,50,3,80,0.16899,0.74077,92.5
7,50,3,81,0.16933,0.73931,59.03
7,50,3,82,0.17026,0.73538,38.56
7,50,3,83,0.17098,0.73374,47.86
7,50,3,84,0.17183,0.73322,63.97
7,50,3,85,0.1726,0.73081,49.84
7,50,4,0,0.17326,0.72714,83.14
7,50,4,1,0.1727,0.72213,96.22
7,50,4,2,0.17219,0.71307,57.23
7,50,4,3,0.17134,0.70804,82.36
7,50,4,4,0.17087,0.70115,55.69
7,50,4,5,0.16941,0.69107,49.52
7,50,4,6,0.16777,0.68271,49.7
7,50,4,7,0.16616,0.66984,41.68
7,50,4,8,0.16463,0.66188,52.35
7,50,4,9,0.16335,0.65974,44.89
7,50,4,10,0.16197,0.6612,43.47
7,50,4,11,0.1616,0.66348,44.44
7,50,4,12,0.16163,0.66523,58.01
7,50,4,13,0.1622,0.66843,61.58
7,50,4,14,0.16246,0.67275,37.19
7,50,4,15,0.16313,0.68477,59.88
7,50,4,16,0.16258,0.69999,56.0
7,50,4,17,0.1619,0.71622,54.63
7,50,4,18,0.16111,0.72258,57.01
7,50,4,19,0.16183,0.72247,38.54
7,50,4,20,0.16259,0.71739,43.36
7,50,4,21,0.16392,0.71277,42.78
7,50,4,22,0.16445,0.70869,44.54
7,50,4,23,0.16438,0.70554,42.02
7,50,4,24,0.16401,0.70178,50.5
7,50,4,25,0.16324,0.69845,79.15
7,50,4,26,0.16274,0.69029,57.33
7,50,4,27,0.16225,0.68296,55.92
7,50,4,28,0.16152,0.68089,45.62
7,50,4,29,0.16112,0.6795,49.53
7,50,4,30,0.16114,0.68256,44.57
7,50,4,31,0.16083,0.6815,54.79
7,50,4,32,0.15992,0.68636,80.76
7,50,4,33,0.15885,0.69857,64.39
7,50,4,34,0.15856,0.70988,58.21
7,50,4,35,0.1583,0.71835,49.11
7,50,4,36,0.15871,0.72845,38.77
7,50,4,37,0.15961,0.73246,44.31
7,50,4,38,0.16041,0.74021,41.52
7,50,4,39,0.16121,0.74756,54.54
7,50,4,40,0.16178,0.75287,44.49
7,50,4,41,0.16199,0.75556,55.87
7,50,4,42,0.16386,0.76124,44.06
7,50,4,43,0.16581,0.75717,95.57
7,50,4,44,0.16775,0.75617,57.31
7,50,4,45,0.16921,0.75712,55.89
7,50,4,46,0.17117,0.75404,50.63
7,50,4,47,0.17286,0.75318,71.41
7,50,4,48,0.17421,0.75439,59.07
7,50,4,49,0.1762,0.75745,55.63
7,50,4,50,0.17727,0.75866,57.52
7,50,4,51,0.17775,0.75543,43.73
7,50,4,52,0.17815,0.74915,88.41
7,50,4,53,0.17803,0.74369,85.26
7,50,4,54,0.17631,0.73188,85.88
7,50,4,55,0.17468,0.7245,89.15
7,50,4,56,0.17285,0.72177,70.16
7,50,4,57,0.17111,0.71896,74.64
7,50,4,58,0.16948,0.71688,86.22
7,50,4,59,0.16837,0.71058,73.01
7,50,4,60,0.16721,0.7011,54.93
7,50,4,61,0.16641,0.69528,61.37
7,50,4,62,0.16582,0.69655,60.58
7,50,4,63,0.1651,0.69694,100.83
7,50,4,64,0.16481,0.70036,83.73
7,50,4,65,0.16427,0.70735,47.75
7,50,4,66,0.16293,0.7192,58.73
7,50,4,67,0.16204,0.73116,81.48
7,50,4,68,0.1615,0.74017,72.58
7,50,4,69,0.16136,0.74569,59.0
7,50,4,70,0.16169,0.74892,61.27
7,50,4,71,0.16195,0.7472,65.77
7,50,4,72,0.16232,0.74254,52.92
7,50,4,73,0.16194,0.74176,79.84
7,50,4,74,0.16082,0.74218,49.15
7,50,4,75,0.15963,0.74314,44.46
7,50,4,76,0.15826,0.74841,68.06
7,50,4,77,0.15768,0.75556,50.5
7,50,4,78,0.15756,0.77295,85.56
7,50,4,79,0.15754,0.79794,63.29
7,50,4,80,0.15817,0.82095,43.47
7,50,4,81,0.15901,0.83088,51.6
7,50,4,82,0.16069,0.83638,44.48
7,50,4,83,0.1621,0.83654,51.53
7,50,4,84,0.16331,0.83261,40.24
7,50,4,85,0.16401,0.82819,68.78
7,50,4,86,0.16427,0.82426,47.74
7,50,4,87,0.16402,0.81979,59.97
7,50,4,88,0.16406,0.81243,53.02
7,50,4,89,0.16424,0.80346,61.78
7,50,4,90,0.16445,0.79489,40.96
7,50,4,91,0.16444,0.78801,52.38
7,50,4,92,0.16552,0.77294,45.64
7,50,4,93,0.16667,0.765,46.42
7,50,4,94,0.16779,0.75942,57.8
7,50,4,95,0.16856,0.75101,50.23
7,50,4,96,0.17027,0.74924,72.32
7,50,4,97,0.17081,0.7491,62.07
7,50,4,98,0.17124,0.74816,74.24
7,50,4,99,0.17127,0.7442,100.74
7,50,4,100,0.17125,0.73999,64.75
7,50,4,101,0.17114,0.73479,48.36
7,50,4,102,0.17112,0.72862,50.79
7,50,4,103,0.17146,0.7265,44.11
7,50,4,104,0.17195,0.72541,60.53
7,50,4,105,0.17203,0.72973,52.72
7,50,4,106,0.17199,0.73303,54.3
7,50,4,107,0.17164,0.73466,93.71
7,50,4,108,0.17104,0.73837,66.15
7,50,4,109,0.16964,0.74248,47.0
7,50,4,110,0.16884,0.75015,54.9
7,50,4,111,0.16767,0.76266,40.75
7,50,4,112,0.16812,0.76468,44.1
7,50,4,113,0.16867,0.76556,48.99
7,50,4,114,0.16925,0.76477,102.74
7,50,4,115,0.16989,0.7635,90.65
7,50,4,116,0.17064,0.76408,50.18
7,50,4,117,0.17099,0.7641,44.58
7,50,4,118,0.17202,0.76449,40.31
7,50,4,119,0.17341,0.7629,52.7
7,50,4,120,0.17488,0.75652,43.56
7,50,4,121,0.17609,0.74785,74.72
7,50,4,122,0.17695,0.74068,48.32
7,50,4,123,0.17771,0.73403,54.29
7,50,4,124,0.1778,0.73404,42.51
7,50,4,125,0.17723,0.73611,52.79
7,50,4,126,0.1754,0.73887,56.71
7,50,4,127,0.17165,0.74188,58.18
7,50,4,128,0.16724,0.74528,46.9
7,50,4,129,0.16432,0.74638,48.82
7,50,4,130,0.16145,0.74649,49.93
7,50,4,131,0.15888,0.74784,44.51
7,50,4,132,0.15712,0.7486,59.26
7,50,4,133,0.15596,0.74956,39.54
7,50,4,134,0.15579,0.74839,40.97
7,50,4,135,0.15542,0.74569,62.4
7,50,4,136,0.15596,0.74365,70.77
7,50,4,137,0.15642,0.74569,71.47
7,50,4,138,0.1565,0.75178,97.01
7,50,4,139,0.15701,0.75552,84.26
7,50,4,140,0.15717,0.75821,65.75
7,50,4,141,0.15684,0.76261,59.88
7,50,4,142,0.15646,0.76749,39.79
7,50,4,143,0.15656,0.7726,50.19
7,50,4,144,0.15658,0.77468,92.0
7,50,5,0,0.15587,0.78937,67.01
7,50,5,1,0.15708,0.7853,56.88
7,50,5,2,0.15944,0.7779,58.9
7,50,5,3,0.1618,0.77305,50.11
7,50,5,4,0.1642,0.76734,70.48
7,50,5,5,0.16559,0.76264,46.18
7,50,5,6,0.16623,0.75848,44.2
7,50,5,7,0.1668,0.75422,47.55
7,50,5,8,0.16717,0.75407,63.78
7,50,5,9,0.16711,0.75627,54.38
7,50,5,10,0.16712,0.75792,36.3
7,50,5,11,0.16675,0.75774,40.48
7,50,5,12,0.16525,0.75867,82.57
7,50,5,13,0.1641,0.76154,82.75
7,50,5,14,0.16347,0.76611,57.26
7,50,5,15,0.16309,0.76223,44.28
7,50,5,16,0.16258,0.75423,47.26
7,50,5,17,0.16184,0.74901,92.0
7,50,5,18,0.16075,0.74536,64.4
7,50,5,19,0.1597,0.74376,73.6
7,50,5,20,0.15887,0.74377,44.13
7,50,5,21,0.15855,0.73646,38.57
7,50,5,22,0.15909,0.73625,47.2
7,50,5,23,0.15992,0.73626,53.01
7,50,5,24,0.16052,0.73789,43.29
7,50,5,25,0.1615,0.73778,83.52
7,50,5,26,0.16235,0.73482,50.97
7,50,5,27,0.16308,0.73253,57.59
7,50,5,28,0.16354,0.72848,46.59
7,50,5,29,0.16438,0.72768,47.59
7,50,5,30,0.1651,0.72846,61.51
7,50,5,31,0.16573,0.73376,58.98
7,50,5,32,0.16583,0.73981,83.4
7,50,5,33,0.16506,0.74539,73.92
7,50,5,34,0.1643,0.7524,92.18
7,50,5,35,0.16356,0.76016,97.1
7,50,5,36,0.16332,0.76637,58.48
7,50,5,37,0.16196,0.77096,50.24
7,50,5,38,0.16127,0.77014,53.39
7,50,5,39,0.16085,0.76696,46.38
7,50,5,40,0.16063,0.76384,53.77
7,50,5,41,0.16146,0.75994,54.02
7,50,5,42,0.16243,0.75711,88.91
7,50,5,43,0.16281,0.75498,69.25
7,50,5,44,0.16336,0.75164,44.46
7,50,5,45,0.16403,0.7491,44.76
7,50,5,46,0.1642,0.74826,54.49
7,50,5,47,0.16448,0.74574,41.25
7,50,5,48,0.16454,0.74358,45.24
7,50,5,49,0.16397,0.74541,38.05
7,50,5,50,0.16248,0.74213,55.92
7,50,5,51,0.16006,0.73334,42.3
7,50,5,52,0.15781,0.71768,41.48
7,50,5,53,0.15726,0.70776,63.81
7,50,5,54,0.15771,0.69459,59.84
7,50,5,55,0.15812,0.68488,66.56
7,50,5,56,0.15904,0.67709,59.88
7,50,5,57,0.15945,0.67546,68.7
7,50,5,58,0.15935,0.67371,45.9
7,50,5,59,0.15939,0.67336,48.76
7,50,5,60,0.15915,0.6759,53.8
7,50,5,61,0.15875,0.68207,67.31
7,50,5,62,0.15795,0.69069,69.1
7,50,5,63,0.15726,0.70135,73.19
7,50,5,64,0.15654,0.71535,88.43
7,50,5,65,0.15654,0.72222,71.84
7,50,5,66,0.15679,0.72965,64.88
7,50,5,67,0.15741,0.72951,53.44
7,50,5,68,0.15824,0.72456,76.11
7,50,5,69,0.15963,0.71484,77.88
7,50,5,70,0.1613,0.69874,49.57
7,50,5,71,0.16282,0.68695,42.63
7,50,5,72,0.16369,0.67838,89.02
7,50,5,73,0.16397,0.67464,58.27
7,50,5,74,0.16403,0.66957,60.66
7,50,5,75,0.16423,0.66998,46.72
7,50,5,76,0.16395,0.67417,48.76
7,50,5,77,0.16239,0.68298,37.85
7,50,5,78,0.16086,0.6949,38.85
7,50,5,79,0.1595,0.70658,71.99
7,50,5,80,0.15836,0.72195,113.82
7,50,5,81,0.15698,0.73811,74.21
7,50,5,82,0.15544,0.75564,89.3
8,50,1,0,0.42772,0.9035,43.99
8,50,1,1,0.42721,0.90292,55.95
8,50,1,2,0.42807,0.89889,47.55
8,50,1,3,0.42887,0.89755,77.4
8,50,1,4,0.42925,0.89897,60.54
8,50,1,5,0.42847,0.90723,55.82
8,50,1,6,0.42742,0.90896,57.4
8,50,1,7,0.42661,0.90549,93.87
8,50,1,8,0.42642,0.89921,91.5
8,50,1,9,0.42709,0.89784,46.26
8,50,1,10,0.42769,0.89701,74.8
8,50,1,11,0.4276,0.90107,46.51
8,50,1,12,0.42691,0.90243,65.9
8,50,1,13,0.42631,0.89805,102.64
8,50,1,14,0.42593,0.89407,90.1
8,50,1,15,0.42519,0.89425,77.98
8,50,1,16,0.42398,0.89875,45.19
8,50,1,17,0.42382,0.89897,44.99
8,50,1,18,0.4244,0.89538,64.14
8,50,1,19,0.42461,0.89203,45.17
8,50,1,20,0.42463,0.89288,49.12
8,50,1,21,0.42517,0.90156,52.25
8,50,1,22,0.42617,0.9047,48.43
8,50,1,23,0.42663,0.90085,75.6
8,50,1,24,0.42614,0.8924,46.36
8,50,1,25,0.42495,0.87875,52.2
8,50,1,26,0.42364,0.86311,48.29
8,50,1,27,0.42209,0.84303,40.35
8,50,1,28,0.42061,0.82516,71.35
8,50,1,29,0.42043,0.81684,74.74
8,50,1,30,0.42044,0.81476,43.3
8,50,1,31,0.42032,0.81941,85.66
8,50,1,32,0.41979,0.82857,39.16
8,50,1,33,0.41952,0.83721,56.19
8,50,1,34,0.42001,0.84708,39.23
8,50,1,35,0.42002,0.84954,52.57
8,50,1,36,0.41966,0.84849,48.64
8,50,1,37,0.41903,0.84994,52.45
8,50,1,38,0.41855,0.85621,41.89
8,50,1,39,0.41766,0.86996,61.72
8,50,1,40,0.41695,0.88297,70.08
8,50,1,41,0.41627,0.89277,52.07
8,50,1,42,0.41614,0.89585,83.5
8,50,1,43,0.41606,0.89503,69.55
8,50,1,44,0.41584,0.89608,71.7
8,50,1,45,0.41585,0.89192,93.97
8,50,1,46,0.41581,0.88772,59.4
8,50,1,47,0.41559,0.88655,46.02
8,50,1,48,0.41537,0.88326,51.39
8,50,1,49,0.41414,0.88071,48.41
8,50,1,50,0.41294,0.87939,53.42
8,50,1,51,0.41192,0.87851,93.38
8,50,1,52,0.41094,0.88164,55.77
8,50,1,53,0.41066,0.88183,64.96
8,50,1,54,0.41088,0.88333,41.15
8,50,1,55,0.41066,0.88734,43.78
8,50,1,56,0.41012,0.89379,54.75
8,50,1,57,0.40835,0.90876,153.14
8,50,1,58,0.40734,0.91869,83.01
8,50,1,59,0.40696,0.92618,53.72
8,50,1,60,0.40679,0.92147,57.84
8,50,1,61,0.40777,0.91007,52.33
8,50,1,62,0.40923,0.89742,43.9
8,50,1,63,0.41077,0.89141,57.91
8,50,2,0,0.49764,0.83489,76.31
8,50,2,1,0.49767,0.85241,44.67
8,50,2,2,0.49671,0.8724,47.75
8,50,2,3,0.49548,0.89271,43.45
8,50,2,4,0.49425,0.91338,50.38
8,50,2,5,0.49366,0.92632,39.16
8,50,2,6,0.49355,0.93445,45.28
8,50,2,7,0.49378,0.93886,43.39
8,50,2,8,0.49289,0.95094,57.99
8,50,2,9,0.49237,0.96407,49.59
8,50,2,10,0.49232,0.96865,47.93
8,50,2,11,0.49152,0.96803,43.91
8,50,2,12,0.48987,0.96463,46.31
8,50,2,13,0.48836,0.9601,50.8
8,50,2,14,0.48669,0.95492,51.85
8,50,2,15,0.48574,0.93445,46.51
8,50,2,16,0.48454,0.89976,50.5
8,50,2,17,0.48297,0.88333,76.16
8,50,2,18,0.48161,0.87646,41.9
8,50,2,19,0.47979,0.8665,61.0
8,50,2,20,0.47755,0.86898,82.33
8,50,2,21,0.47524,0.87011,64.2
8,50,2,22,0.47098,0.88115,42.56
8,50,2,23,0.46677,0.89777,47.15
8,50,2,24,0.46161,0.91878,61.49
8,50,2,25,0.4539,0.9517,68.11
8,50,2,26,0.44968,0.96535,47.76
8,50,2,27,0.44443,0.96451,57.01
8,50,2,28,0.44342,0.96621,46.01
8,50,2,29,0.44249,0.9656,44.99
8,50,2,30,0.44114,0.963,44.71
8,50,2,31,0.43896,0.96131,46.47
8,50,2,32,0.43594,0.96516,47.32
8,50,2,33,0.43371,0.97036,78.2
8,50,2,34,0.41296,0.97022,74.67
8,50,2,35,0.41946,0.90847,48.05
8,50,2,36,0.42123,0.81866,58.48
8,50,2,37,0.42074,0.75631,40.84
8,50,2,38,0.41918,0.73236,78.4
8,50,2,39,0.41825,0.74439,54.25
8,50,2,40,0.41737,0.76859,44.96
8,50,2,41,0.41741,0.77869,60.12
8,50,2,42,0.41775,0.78521,51.72
8,50,2,43,0.41966,0.7747,37.55
8,50,2,44,0.42145,0.7714,48.96
8,50,2,45,0.42248,0.7651,40.91
8,50,2,46,0.42256,0.75614,54.41
8,50,2,47,0.42211,0.74197,41.75
8,50,2,48,0.42197,0.71297,69.23
8,50,2,49,0.42205,0.68269,92.9
8,50,2,50,0.42185,0.64811,82.74
8,50,2,51,0.42221,0.61711,87.57
8,50,2,52,0.42383,0.62451,48.97
8,50,2,53,0.42507,0.63959,48.66
8,50,2,54,0.42675,0.65823,58.74
8,50,2,55,0.42738,0.67081,42.15
8,50,2,56,0.42737,0.68725,45.74
8,50,2,57,0.42716,0.69902,48.94
8,50,2,58,0.42579,0.69924,51.19
8,50,2,59,0.424,0.69043,46.21
8,50,2,60,0.42282,0.68261,61.64
8,50,2,61,0.42185,0.67209,68.19
8,50,2,62,0.42172,0.66501,89.88
8,50,2,63,0.42162,0.65326,79.05
8,50,2,64,0.42247,0.63694,51.92
8,50,2,65,0.42356,0.63614,56.05
8,50,2,66,0.42404,0.6404,44.67
8,50,2,67,0.4236,0.65148,39.87
8,50,2,68,0.42293,0.66153,66.58
8,50,2,69,0.42218,0.6578,46.25
8,50,2,70,0.42093,0.6467,33.86
8,50,2,71,0.41877,0.62141,44.12
8,50,2,72,0.4166,0.59182,46.78
8,50,2,73,0.41451,0.5697,49.87
8,50,2,74,0.41324,0.54982,52.9
8,50,2,75,0.41412,0.54452,43.27
8,50,2,76,0.4157,0.55376,47.61
8,50,2,77,0.41704,0.56919,68.4
8,50,2,78,0.41788,0.58043,82.4
8,50,2,79,0.41833,0.58826,81.84
8,50,2,80,0.4183,0.58067,53.98
8,50,2,81,0.41752,0.56617,72.99
8,50,2,82,0.41691,0.5584,75.65
8,50,2,83,0.41668,0.55486,90.21
8,50,2,84,0.41712,0.56689,50.93
8,50,2,85,0.41801,0.59522,40.88
8,50,2,86,0.41876,0.62416,86.21
8,50,2,87,0.41975,0.65605,54.21
8,50,2,88,0.42119,0.69484,53.66
8,50,2,89,0.42242,0.72398,79.25
8,50,2,90,0.42344,0.74043,86.38
8,50,2,91,0.42388,0.76138,86.92
8,50,2,92,0.42432,0.79083,65.13
8,50,2,93,0.42296,0.83019,48.66
8,50,2,94,0.4208,0.87951,80.42
8,50,2,95,0.4119,0.95056,42.72
8,50,2,96,0.40873,0.95027,42.01
8,50,2,97,0.40617,0.94288,48.79
8,50,2,98,0.40427,0.91981,66.89
8,50,2,99,0.40351,0.88815,48.75
8,50,2,100,0.40425,0.86086,40.69
8,50,2,101,0.40614,0.85207,48.22
8,50,2,102,0.40863,0.85777,52.03
8,50,2,103,0.40926,0.85297,60.84
8,50,2,104,0.40867,0.85541,89.67
8,50,2,105,0.40759,0.84924,61.47
8,50,2,106,0.40586,0.83072,51.05
8,50,2,107,0.40438,0.8198,51.2
8,50,2,108,0.4032,0.81542,49.02
8,50,2,109,0.40168,0.81142,58.38
8,50,2,110,0.40177,0.80988,77.01
8,50,2,111,0.4022,0.80788,86.6
8,50,2,112,0.4036,0.80504,74.09
8,50,2,113,0.40543,0.81412,75.06
8,50,2,114,0.4086,0.81869,60.38
8,50,2,115,0.41158,0.81508,49.2
8,50,2,116,0.41488,0.81442,53.57
8,50,2,117,0.41631,0.80847,63.14
8,50,2,118,0.41849,0.80498,56.73
8,50,2,119,0.4204,0.79669,63.68
8,50,2,120,0.42389,0.78686,50.46
8,50,2,121,0.42753,0.77601,47.94
8,50,2,122,0.42975,0.77977,52.99
8,50,2,123,0.43185,0.78459,53.44
8,50,2,124,0.43378,0.78203,75.74
8,50,2,125,0.43435,0.7841,46.82
8,50,2,126,0.43482,0.79239,40.25
8,50,2,127,0.43526,0.79136,55.41
8,50,2,128,0.43564,0.7903,80.2
8,50,2,129,0.43519,0.78743,64.44
8,50,2,130,0.43395,0.78089,54.77
8,50,2,131,0.43285,0.76628,47.49
8,50,2,132,0.43239,0.75066,86.53
8,50,2,133,0.43187,0.73362,58.04
8,50,2,134,0.43168,0.72147,75.56
8,50,2,135,0.43181,0.71906,55.3
8,50,2,136,0.4315,0.7326,51.07
8,50,2,137,0.43081,0.76433,45.94
8,50,2,138,0.43053,0.79248,62.04
8,50,2,139,0.43061,0.81446,45.8
8,50,3,0,0.42823,0.79657,57.58
8,50,3,1,0.42775,0.79706,83.16
8,50,3,2,0.42737,0.79529,55.31
8,50,3,3,0.42635,0.7913,50.07
8,50,3,4,0.42504,0.78426,72.85
8,50,3,5,0.42368,0.77557,46.78
8,50,3,6,0.4227,0.76739,80.18
8,50,3,7,0.42307,0.76892,103.92
8,50,3,8,0.42418,0.7767,68.55
8,50,3,9,0.42395,0.79475,47.02
8,50,3,10,0.4238,0.81191,58.72
8,50,3,11,0.42304,0.81583,104.8
8,50,3,12,0.42212,0.80705,98.09
8,50,3,13,0.42077,0.81242,76.12
8,50,3,14,0.41776,0.83563,39.52
8,50,3,15,0.41415,0.84182,48.63
8,50,3,16,0.41072,0.83785,49.82
8,50,3,17,0.40734,0.84292,114.64
8,50,3,18,0.42556,0.87093,54.27
8,50,3,19,0.42507,0.86702,52.05
8,50,3,20,0.42475,0.85712,49.52
8,50,3,21,0.42334,0.84371,42.48
8,50,3,22,0.42257,0.83497,91.98
8,50,3,23,0.42245,0.83006,63.02
8,50,3,24,0.42276,0.81238,53.52
8,50,3,25,0.42324,0.8018,49.32
8,50,3,26,0.42413,0.79589,50.11
8,50,3,27,0.42531,0.80917,43.91
8,50,3,28,0.42654,0.83711,53.06
8,50,3,29,0.42834,0.85413,44.05
8,50,3,30,0.4288,0.85706,72.64
8,50,3,31,0.42896,0.85434,63.46
8,50,3,32,0.42905,0.84664,80.32
8,50,3,33,0.42835,0.84171,79.34
8,50,3,34,0.42781,0.8386,47.94
8,50,3,35,0.4276,0.84128,45.56
8,50,3,36,0.42723,0.84881,45.92
8,50,3,37,0.42708,0.84994,44.61
8,50,3,38,0.42662,0.84556,40.15
8,50,3,39,0.42646,0.84377,45.9
8,50,3,40,0.42535,0.83975,51.13
8,50,3,41,0.42414,0.84439,69.19
8,50,3,42,0.42375,0.84575,46.76
8,50,3,43,0.42342,0.84932,48.71
8,50,3,44,0.42357,0.84897,52.25
8,50,3,45,0.4235,0.84256,52.54
8,50,3,46,0.42387,0.83212,54.55
8,50,3,47,0.42379,0.82079,58.98
8,50,3,48,0.42424,0.81011,81.19
8,50,3,49,0.42496,0.8029,61.79
8,50,3,50,0.4262,0.7984,59.56
8,50,3,51,0.42662,0.79681,40.32
8,50,3,52,0.42636,0.79415,60.65
8,50,3,53,0.42614,0.79743,45.11
8,50,3,54,0.42622,0.79996,45.85
8,50,3,55,0.42588,0.7979,51.64
8,50,3,56,0.42596,0.79388,61.31
8,50,3,57,0.42646,0.78673,71.79
8,50,3,58,0.42716,0.77807,45.8
8,50,3,59,0.42897,0.78202,46.02
8,50,3,60,0.43101,0.79621,58.93
8,50,3,61,0.4329,0.81083,81.19
8,50,4,0,0.45795,0.70385,86.03
8,50,4,1,0.45871,0.72093,77.54
8,50,4,2,0.46006,0.75039,79.86
8,50,4,3,0.4606,0.77266,51.69
8,50,4,4,0.46065,0.78981,78.53
8,50,4,5,0.46119,0.79604,59.65
8,50,4,6,0.46211,0.80469,48.78
8,50,4,7,0.4626,0.81566,76.25
8,50,4,8,0.46266,0.82704,51.0
8,50,4,9,0.46303,0.83982,46.31
8,50,4,10,0.46311,0.85249,51.08
8,50,4,11,0.46292,0.87003,39.78
8,50,4,12,0.46327,0.88432,67.52
8,50,4,13,0.46326,0.89443,57.68
8,50,4,14,0.46291,0.89625,70.49
8,50,4,15,0.46254,0.89868,87.18
8,50,4,16,0.46215,0.90298,57.97
8,50,4,17,0.46282,0.89675,50.79
8,50,4,18,0.46302,0.87595,47.42
8,50,4,19,0.46341,0.85732,54.7
8,50,4,20,0.4642,0.84156,45.3
8,50,4,21,0.46518,0.83131,88.9
8,50,4,22,0.46615,0.8245,53.79
8,50,4,23,0.46638,0.82168,43.58
8,50,4,24,0.46618,0.82652,43.56
8,50,4,25,0.46569,0.83098,50.28
8,50,4,26,0.46587,0.83819,51.9
8,50,4,27,0.46652,0.84604,42.08
8,50,4,28,0.4675,0.8558,39.94
8,50,4,29,0.46777,0.86623,50.3
8,50,4,30,0.46793,0.876,41.08
8,50,4,31,0.46815,0.88144,41.36
8,50,4,32,0.46767,0.87275,54.26
8,50,4,33,0.46667,0.85249,47.25
8,50,4,34,0.46513,0.81747,48.71
8,50,4,35,0.46443,0.79525,83.52
8,50,4,36,0.46363,0.7871,65.26
8,50,4,37,0.46286,0.78458,63.68
8,50,4,38,0.46222,0.78441,49.92
8,50,4,39,0.46175,0.77954,60.46
8,50,4,40,0.46135,0.77012,57.63
8,50,4,41,0.4618,0.75995,56.32
8,50,4,42,0.46204,0.75401,48.14
8,50,4,43,0.46233,0.75095,43.0
8,50,4,44,0.46307,0.75153,38.59
8,50,4,45,0.46441,0.74706,41.39
8,50,4,46,0.4662,0.73852,51.49
8,50,4,47,0.46839,0.74108,46.97
8,50,4,48,0.47066,0.75223,56.91
8,50,4,49,0.47166,0.75368,47.71
8,50,4,50,0.47147,0.74643,48.15
8,50,4,51,0.4706,0.73577,57.87
8,50,4,52,0.47021,0.73547,44.31
8,50,4,53,0.46938,0.74156,48.09
8,50,4,54,0.4696,0.74926,57.27
8,50,4,55,0.46945,0.75652,75.01
8,50,4,56,0.46991,0.76006,78.48
8,50,4,57,0.46991,0.75511,63.27
8,50,4,58,0.46945,0.7483,88.01
8,50,4,59,0.46979,0.7492,83.41
8,50,4,60,0.46974,0.74707,53.61
8,50,4,61,0.46924,0.74624,84.09
8,50,4,62,0.4686,0.74685,69.99
8,50,4,63,0.46727,0.74863,59.97
8,50,4,64,0.46689,0.74838,68.69
8,50,4,65,0.46729,0.74692,39.34
8,50,4,66,0.46856,0.74421,42.0
8,50,4,67,0.47008,0.74159,47.9
8,50,4,68,0.47072,0.73493,45.36
8,50,4,69,0.4703,0.71765,75.21
8,50,4,70,0.47001,0.70083,40.01
8,50,4,71,0.46923,0.69779,57.96
8,50,4,72,0.46816,0.70841,49.78
8,50,4,73,0.46748,0.73069,49.12
8,50,4,74,0.46687,0.76374,50.51
8,50,4,75,0.46593,0.78789,49.16
8,50,4,76,0.46469,0.79779,50.56
8,50,4,77,0.46463,0.80514,85.6
8,50,4,78,0.46542,0.81037,56.78
8,50,4,79,0.46658,0.81618,38.08
8,50,4,80,0.46684,0.82412,65.98
8,50,4,81,0.46713,0.82821,91.43
8,50,4,82,0.4674,0.82627,73.28
8,50,4,83,0.46709,0.82404,77.48
8,50,4,84,0.46542,0.81797,51.0
8,50,4,85,0.46343,0.8022,64.54
8,50,4,86,0.46198,0.7855,55.46
8,50,4,87,0.4614,0.75792,47.25
8,50,4,88,0.46183,0.74365,51.86
8,50,4,89,0.46284,0.74381,49.95
8,50,4,90,0.46371,0.75713,44.23
8,50,4,91,0.46398,0.77038,65.37
8,50,4,92,0.46354,0.78489,59.98
8,50,4,93,0.46286,0.80327,44.71
8,50,4,94,0.46228,0.82062,45.82
8,50,4,95,0.46178,0.84574,46.69
8,50,4,96,0.46139,0.85466,48.57
8,50,4,97,0.46115,0.86284,46.63
8,50,4,98,0.46103,0.8729,48.49
8,50,4,99,0.46175,0.89153,39.34
8,50,4,100,0.4632,0.90289,75.64
8,50,4,101,0.46469,0.90731,66.34
8,50,4,102,0.4658,0.90694,65.71
8,50,4,103,0.46736,0.9036,55.02
8,50,4,104,0.46934,0.89277,54.39
8,50,4,105,0.471,0.87847,85.52
8,50,4,106,0.47184,0.86712,52.32
8,50,4,107,0.47258,0.85643,42.69
8,50,4,108,0.47225,0.85765,45.02
8,50,4,109,0.47161,0.86741,52.65
8,50,4,110,0.4706,0.86668,39.5
8,50,4,111,0.46962,0.86705,55.52
8,50,4,112,0.4685,0.87115,86.09
8,50,4,113,0.46795,0.8841,59.6
8,50,4,114,0.46596,0.90616,54.35
8,50,4,115,0.46471,0.92172,63.51
8,50,4,116,0.46379,0.93597,55.92
8,50,4,117,0.46338,0.94103,81.13
8,50,4,118,0.46433,0.93789,60.21
8,50,4,119,0.46485,0.92274,55.55
8,50,5,0,0.50485,0.73563,58.52
8,50,5,1,0.50377,0.72867,56.41
8,50,5,2,0.50276,0.72846,40.0
8,50,5,3,0.5025,0.72989,54.06
8,50,5,4,0.50173,0.7275,59.91
8,50,5,5,0.50091,0.7223,69.83
8,50,5,6,0.50072,0.72294,70.01
8,50,5,7,0.50034,0.72443,66.69
8,50,5,8,0.49975,0.7224,45.36
8,50,5,9,0.49878,0.71882,36.56
8,50,5,10,0.49666,0.7196,44.49
8,50,5,11,0.49558,0.72079,47.63
8,50,5,12,0.494,0.7283,42.4
8,50,5,13,0.4923,0.73878,84.21
8,50,5,14,0.49143,0.74852,49.15
8,50,5,15,0.4907,0.76908,121.8
8,50,5,16,0.48786,0.79288,46.42
8,50,5,17,0.48628,0.80304,71.1
8,50,5,18,0.48508,0.81058,43.02
8,50,5,19,0.48316,0.82608,87.22
8,50,5,20,0.4814,0.83699,55.41
8,50,5,21,0.47942,0.84395,71.26
8,50,5,22,0.47815,0.84749,62.24
8,50,5,23,0.47645,0.84871,49.0
8,50,5,24,0.47582,0.85221,40.22
8,50,5,25,0.476,0.85936,48.25
8,50,5,26,0.47663,0.86625,43.19
8,50,5,27,0.47749,0.86862,42.27
8,50,5,28,0.47834,0.86586,54.91
8,50,5,29,0.47863,0.86676,44.51
8,50,5,30,0.47783,0.86361,43.57
8,50,5,31,0.47687,0.86135,65.12
8,50,5,32,0.47538,0.86,71.16
8,50,5,33,0.47474,0.85951,54.01
8,50,5,34,0.47375,0.85958,64.4
8,50,5,35,0.47234,0.85257,58.7
8,50,5,36,0.47172,0.84256,45.69
8,50,5,37,0.47099,0.83664,53.57
8,50,5,38,0.47091,0.83637,57.01
8,50,5,39,0.47142,0.83773,76.63
8,50,5,40,0.47231,0.83928,53.42
8,50,5,41,0.47368,0.84261,52.54
8,50,5,42,0.47512,0.84602,88.08
8,50,5,43,0.47611,0.84556,67.27
8,50,5,44,0.47673,0.84692,55.35
8,50,5,45,0.47696,0.8475,49.12
8,50,5,46,0.47685,0.84978,58.86
8,50,5,47,0.47599,0.85272,43.99
8,50,5,48,0.47565,0.85424,45.76
8,50,5,49,0.47542,0.86278,60.44
8,50,5,50,0.47582,0.87095,62.55
8,50,5,51,0.47652,0.87513,61.24
8,50,5,52,0.4774,0.8808,51.7
8,50,5,53,0.47743,0.8889,49.85
8,50,5,54,0.4765,0.88675,56.27
8,50,5,55,0.47586,0.875,52.61
8,50,5,56,0.47556,0.86463,54.76
8,50,5,57,0.47589,0.85645,57.24
8,50,5,58,0.47541,0.85056,43.39
8,50,5,59,0.47557,0.84793,43.94
8,50,5,60,0.4759,0.85166,48.47
8,50,5,61,0.47618,0.84767,63.32
8,50,5,62,0.47583,0.84044,41.68
8,50,5,63,0.47585,0.83041,51.77
8,50,5,64,0.47618,0.82752,55.81
8,50,5,65,0.47708,0.83026,60.92
8,50,5,66,0.478,0.83287,73.19
8,50,5,67,0.47928,0.83407,42.76
8,50,5,68,0.48158,0.8314,50.0
8,50,5,69,0.48404,0.83275,54.18
8,50,5,70,0.48669,0.84205,41.45
8,50,5,71,0.4886,0.85067,50.01
8,50,5,72,0.48955,0.85883,49.61
8,50,5,73,0.48945,0.85789,75.63
8,50,5,74,0.48882,0.8555,58.79
8,50,5,75,0.48763,0.85235,54.44
8,50,5,76,0.48648,0.84491,51.86
8,50,5,77,0.48534,0.83993,80.29
8,50,5,78,0.48449,0.83882,44.55
8,50,5,79,0.48366,0.84162,99.5
8,50,5,80,0.48413,0.84617,85.33
8,50,5,81,0.48476,0.85059,42.99
8,50,5,82,0.48506,0.84323,53.24
8,50,5,83,0.48502,0.8291,46.6
8,50,5,84,0.48481,0.81383,49.78
8,50,5,85,0.48443,0.79538,60.02
8,50,5,86,0.484,0.786,49.86
8,50,5,87,0.48384,0.7732,47.23
8,50,5,88,0.48407,0.76224,57.8
8,50,5,89,0.48418,0.75669,62.37
8,50,5,90,0.48441,0.75147,89.83
8,50,5,91,0.48371,0.75254,60.55
8,50,5,92,0.482,0.75814,53.79
8,50,5,93,0.48026,0.7652,35.7
8,50,5,94,0.47818,0.7813,49.92
8,50,5,95,0.47666,0.7981,45.66
8,50,5,96,0.47499,0.8148,77.87
8,50,5,97,0.47349,0.8256,50.11
8,50,5,98,0.47163,0.83462,42.68
8,50,5,99,0.47019,0.84364,97.63
8,50,5,100,0.46967,0.85759,61.1
8,50,5,101,0.46936,0.87116,36.96
8,50,5,102,0.47002,0.88053,51.8
8,50,5,103,0.47017,0.88505,51.0
8,50,5,104,0.46992,0.88682,43.96
8,50,5,105,0.46991,0.88242,58.71
8,50,5,106,0.46881,0.88075,83.07
8,50,5,107,0.4681,0.88532,59.86
8,50,5,108,0.46864,0.89463,55.31
8,50,5,109,0.46874,0.89782,43.96
8,50,5,110,0.4691,0.89973,41.63
8,50,5,111,0.46889,0.899,65.97
8,50,5,112,0.46836,0.90563,86.6
8,50,5,113,0.46766,0.91277,54.8
8,50,5,114,0.46712,0.9193,43.3
8,50,5,115,0.46718,0.91842,42.52
8,50,5,116,0.46824,0.91669,42.27
8,50,5,117,0.46864,0.9043,41.78
8,50,5,118,0.46749,0.89168,46.47
8,50,5,119,0.46654,0.87794,42.51
8,50,5,120,0.46584,0.8698,79.14
8,50,5,121,0.46615,0.86503,55.64
8,50,5,122,0.46627,0.8606,42.8
8,50,5,123,0.46598,0.85642,52.39
8,50,5,124,0.46572,0.85357,46.01
8,50,5,125,0.46623,0.84872,51.44
8,50,5,126,0.46665,0.84387,55.23
8,50,5,127,0.46692,0.84025,36.9
8,50,5,128,0.46771,0.83724,48.94
8,50,5,129,0.46839,0.84015,61.79
8,50,5,130,0.46994,0.84951,60.69
8,50,5,131,0.47207,0.85887,54.61
8,50,5,132,0.47345,0.86748,45.72
8,50,5,133,0.4739,0.87649,32.52
8,50,5,134,0.47367,0.88718,82.0
8,50,5,135,0.47289,0.89559,78.84
8,50,5,136,0.47185,0.90167,55.76
8,50,5,137,0.47122,0.906,52.42
8,50,5,138,0.47039,0.90635,62.49
8,50,5,139,0.47068,0.90689,46.98
8,50,5,140,0.47021,0.91353,55.72
8,50,5,141,0.4702,0.92335,52.6
8,50,5,142,0.47011,0.93182,41.63
8,50,5,143,0.47049,0.93298,42.06
8,50,5,144,0.47057,0.92827,105.32
8,50,5,145,0.47039,0.92128,90.9
8,50,5,146,0.47021,0.91046,54.81
8,50,5,147,0.47059,0.89647,52.22
8,50,5,148,0.47034,0.88574,51.82
8,50,5,149,0.47069,0.87811,41.69
8,50,5,150,0.47154,0.87238,42.45
8,50,5,151,0.47306,0.86369,48.55
8,50,5,152,0.47475,0.8526,51.48
8,50,5,153,0.47542,0.84618,43.53
8,50,5,154,0.47596,0.83553,79.99
8,50,5,155,0.47601,0.82728,108.34
8,50,5,156,0.47625,0.82587,111.65
8,50,5,157,0.47701,0.82761,85.4
8,50,5,158,0.47788,0.82172,89.62
8,50,5,159,0.47825,0.80923,80.93
8,50,5,160,0.47915,0.78924,55.79
8,50,5,161,0.48037,0.77039,65.89
8,50,5,162,0.48137,0.75993,97.19
8,50,5,163,0.48232,0.75407,71.49
8,50,5,164,0.48323,0.75046,52.71
8,50,5,165,0.48376,0.73955,51.53
8,50,5,166,0.48557,0.71742,37.98
8,50,5,167,0.48623,0.71102,48.74
8,50,5,168,0.48652,0.71023,50.97
8,50,5,169,0.48654,0.71484,98.34
8,50,5,170,0.48631,0.72504,58.92
8,50,5,171,0.48697,0.74493,57.04
8,50,5,172,0.4872,0.76369,54.02
8,50,5,173,0.48701,0.77725,52.29
8,50,5,174,0.48653,0.7867,49.18
8,50,5,175,0.48635,0.79311,85.85
8,50,5,176,0.4854,0.79955,65.99
8,50,5,177,0.4853,0.81084,46.96
8,50,5,178,0.48527,0.82001,101.85
8,50,5,179,0.48514,0.82205,79.9
8,50,5,180,0.48516,0.82097,64.19
8,50,5,181,0.48496,0.81651,93.56
8,50,5,182,0.48501,0.81733,60.85
8,50,5,183,0.48477,0.82249,104.49
8,50,5,184,0.48484,0.82624,63.02
8,50,5,185,0.48474,0.82861,105.86
8,50,5,186,0.48443,0.82904,106.15
8,50,5,187,0.48402,0.82344,94.19
8,50,5,188,0.48366,0.81184,92.94
8,50,5,189,0.48387,0.80303,71.35
8,50,5,190,0.4842,0.78995,56.06
8,50,5,191,0.48445,0.76973,76.45
8,50,5,192,0.48454,0.75505,50.26
8,50,5,193,0.48457,0.74617,53.76
8,50,5,194,0.48453,0.74129,50.08
8,50,5,195,0.48446,0.73538,44.69
8,50,5,196,0.4844,0.73303,51.69
8,50,5,197,0.48501,0.73667,70.25
8,50,5,198,0.48554,0.74386,82.61
8,50,5,199,0.48537,0.74409,66.3
8,50,5,200,0.48561,0.73189,64.46
8,50,5,201,0.48629,0.71296,42.03
8,50,5,202,0.4869,0.69771,44.32
8,50,5,203,0.4874,0.67678,45.84
8,50,5,204,0.48717,0.66523,69.5
8,50,5,205,0.48809,0.66225,43.42
8,50,5,206,0.48993,0.66317,50.46
9,50,1,0,0.76734,0.87526,108.74
9,50,1,1,0.76709,0.87492,56.58
9,50,1,2,0.76619,0.87307,68.77
9,50,1,3,0.76642,0.87116,64.24
9,50,1,4,0.7661,0.86708,45.85
9,50,1,5,0.76516,0.85995,52.91
9,50,1,6,0.76421,0.84591,46.99
9,50,1,7,0.76385,0.84268,52.69
9,50,1,8,0.76378,0.83823,44.37
9,50,1,9,0.76371,0.82684,35.94
9,50,1,10,0.76344,0.80874,52.52
9,50,1,11,0.76359,0.7969,42.47
9,50,1,12,0.76353,0.79579,44.45
9,50,1,13,0.76405,0.79647,54.72
9,50,1,14,0.76396,0.79696,129.57
9,50,1,15,0.76298,0.79598,62.72
9,50,1,16,0.76257,0.7932,38.8
9,50,1,17,0.76202,0.78049,59.72
9,50,1,18,0.76124,0.77564,85.4
9,50,1,19,0.76094,0.77976,50.7
9,50,1,20,0.76171,0.78939,91.34
9,50,1,21,0.76287,0.79464,70.98
9,50,1,22,0.76409,0.79282,98.03
9,50,1,23,0.7652,0.79217,101.75
9,50,1,24,0.76649,0.79309,77.35
9,50,1,25,0.76757,0.79371,81.53
9,50,1,26,0.76785,0.78607,83.54
9,50,1,27,0.76758,0.78055,48.96
9,50,1,28,0.76694,0.77324,44.38
9,50,1,29,0.76608,0.76398,50.92
9,50,1,30,0.76476,0.75739,42.02
9,50,1,31,0.7639,0.74782,95.89
9,50,1,32,0.76267,0.74465,70.99
9,50,1,33,0.76085,0.7472,93.93
9,50,1,34,0.75904,0.74763,57.85
9,50,1,35,0.75651,0.74655,38.21
9,50,1,36,0.75503,0.7507,44.97
9,50,1,37,0.75434,0.75231,38.68
9,50,1,38,0.75471,0.756,100.16
9,50,1,39,0.75456,0.76066,68.62
9,50,1,40,0.75457,0.76869,87.29
9,50,1,41,0.75405,0.77992,58.13
9,50,1,42,0.75289,0.79141,48.07
9,50,1,43,0.75166,0.801,48.15
9,50,1,44,0.75053,0.81083,48.47
9,50,1,45,0.74922,0.81861,38.9
9,50,1,46,0.74866,0.81919,53.97
9,50,1,47,0.74779,0.81587,36.87
9,50,1,48,0.74683,0.81487,58.87
9,50,1,49,0.74689,0.81994,90.27
9,50,1,50,0.74719,0.82715,53.68
9,50,1,51,0.74745,0.83771,56.41
9,50,1,52,0.74661,0.84531,45.51
9,50,1,53,0.74571,0.84625,50.09
9,50,1,54,0.74498,0.84292,61.35
9,50,1,55,0.74409,0.8359,51.81
9,50,1,56,0.74386,0.83027,53.37
9,50,1,57,0.7452,0.81799,43.54
9,50,1,58,0.74649,0.80856,56.42
9,50,1,59,0.74726,0.80118,46.05
9,50,1,60,0.74818,0.79439,42.13
9,50,1,61,0.74927,0.79635,87.16
9,50,1,62,0.74986,0.80249,50.56
9,50,1,63,0.75032,0.80908,54.93
9,50,1,64,0.75084,0.81906,42.63
9,50,1,65,0.75135,0.83258,43.79
9,50,1,66,0.75228,0.84665,44.48
9,50,1,67,0.75271,0.85157,47.68
9,50,1,68,0.75325,0.8478,45.25
9,50,1,69,0.75397,0.84083,50.91
9,50,1,70,0.75431,0.83433,53.74
9,50,1,71,0.75457,0.83657,48.48
9,50,1,72,0.75486,0.84474,52.82
9,50,1,73,0.75474,0.84915,85.07
9,50,1,74,0.75422,0.84951,50.96
9,50,1,75,0.75346,0.84706,85.91
9,50,1,76,0.75279,0.84352,60.89
9,50,1,77,0.75187,0.83621,88.76
9,50,1,78,0.75133,0.83399,65.94
9,50,1,79,0.75067,0.83066,99.55
9,50,1,80,0.74973,0.83114,55.87
9,50,1,81,0.75021,0.82773,44.47
9,50,1,82,0.75017,0.81602,55.71
9,50,1,83,0.74964,0.79661,43.83
9,50,1,84,0.74917,0.78333,47.75
9,50,1,85,0.74881,0.7804,78.76
9,50,1,86,0.74825,0.77542,63.05
9,50,1,87,0.74747,0.77507,44.04
9,50,1,88,0.747,0.77541,41.68
9,50,1,89,0.74734,0.78118,50.67
9,50,1,90,0.74766,0.7883,54.32
9,50,2,0,0.73952,0.74877,78.16
9,50,2,1,0.73965,0.75621,49.61
9,50,2,2,0.74082,0.76868,48.66
9,50,2,3,0.74339,0.78228,46.69
9,50,2,4,0.7451,0.79263,50.34
9,50,2,5,0.74564,0.79354,54.7
9,50,2,6,0.74488,0.78934,42.46
9,50,2,7,0.74322,0.78207,53.71
9,50,2,8,0.74198,0.77431,93.58
9,50,2,9,0.74128,0.77048,72.14
9,50,2,10,0.73976,0.76228,81.08
9,50,2,11,0.73795,0.75552,43.91
9,50,2,12,0.73535,0.74852,46.36
9,50,2,13,0.73267,0.73377,67.32
9,50,2,14,0.73096,0.72584,89.89
9,50,2,15,0.7297,0.72521,55.17
9,50,2,16,0.72972,0.72963,60.41
9,50,2,17,0.73079,0.73818,58.3
9,50,2,18,0.73236,0.75032,69.66
9,50,2,19,0.73494,0.75721,42.03
9,50,2,20,0.73714,0.75753,56.16
9,50,2,21,0.73847,0.75276,41.7
9,50,2,22,0.73829,0.73931,38.78
9,50,2,23,0.73646,0.71962,49.02
9,50,2,24,0.73375,0.70302,50.42
9,50,2,25,0.73243,0.70135,80.54
9,50,2,26,0.7315,0.7035,59.58
9,50,2,27,0.73068,0.70795,57.93
9,50,2,28,0.72945,0.7137,51.69
9,50,2,29,0.72918,0.71944,53.39
9,50,2,30,0.72846,0.71719,41.51
9,50,2,31,0.72752,0.70866,51.2
9,50,2,32,0.72608,0.69603,62.1
9,50,2,33,0.72462,0.68751,77.63
9,50,2,34,0.72307,0.67786,67.23
9,50,2,35,0.72226,0.67551,68.97
9,50,2,36,0.7228,0.68056,43.54
9,50,2,37,0.72349,0.68512,40.41
9,50,2,38,0.7242,0.69024,55.91
9,50,2,39,0.72538,0.69749,45.16
9,50,2,40,0.72662,0.70951,52.69
9,50,2,41,0.72811,0.72085,57.27
9,50,2,42,0.72796,0.73621,56.54
9,50,2,43,0.72773,0.74505,82.01
9,50,2,44,0.72697,0.75235,123.17
9,50,2,45,0.72668,0.75157,99.99
9,50,2,46,0.72567,0.73855,59.3
9,50,2,47,0.72496,0.71841,44.1
9,50,2,48,0.72446,0.69786,51.75
9,50,2,49,0.72329,0.68914,53.85
9,50,2,50,0.72219,0.69214,85.62
9,50,2,51,0.72104,0.69611,74.84
9,50,2,52,0.72117,0.70059,54.45
9,50,2,53,0.72175,0.70636,40.45
9,50,2,54,0.72238,0.71261,54.69
9,50,2,55,0.72277,0.71574,40.36
9,50,2,56,0.7234,0.7181,46.17
9,50,2,57,0.72351,0.71428,45.19
9,50,2,58,0.72332,0.71295,88.79
9,50,2,59,0.72286,0.71354,57.76
9,50,2,60,0.72219,0.71363,86.1
9,50,2,61,0.72266,0.7166,51.97
9,50,2,62,0.72339,0.71724,58.6
9,50,2,63,0.72387,0.71866,61.42
9,50,2,64,0.72465,0.72075,39.15
9,50,2,65,0.72511,0.72173,87.02
9,50,2,66,0.72575,0.72244,50.85
9,50,2,67,0.72702,0.72342,42.22
9,50,2,68,0.72764,0.72716,54.33
9,50,2,69,0.72847,0.72998,60.99
9,50,2,70,0.72888,0.73113,57.22
9,50,2,71,0.72947,0.7303,42.64
9,50,2,72,0.73031,0.73142,64.13
9,50,2,73,0.73016,0.73463,79.26
9,50,2,74,0.73051,0.7345,71.59
9,50,2,75,0.72984,0.73357,54.55
9,50,2,76,0.72848,0.73306,55.71
9,50,2,77,0.72779,0.73148,46.22
9,50,2,78,0.72806,0.73535,79.86
9,50,2,79,0.72761,0.73751,57.53
9,50,2,80,0.72746,0.73694,87.37
9,50,2,81,0.72858,0.73992,59.96
9,50,2,82,0.73001,0.74167,68.0
9,50,2,83,0.7314,0.74467,45.73
9,50,2,84,0.73258,0.74811,44.2
9,50,2,85,0.73373,0.75226,43.02
9,50,2,86,0.73481,0.75813,47.26
9,50,2,87,0.73389,0.75321,58.24
9,50,2,88,0.73326,0.75496,60.89
9,50,2,89,0.73233,0.75561,83.04
9,50,2,90,0.73172,0.75215,60.13
9,50,2,91,0.73144,0.74902,41.67
9,50,2,92,0.73223,0.74911,47.27
9,50,2,93,0.73218,0.75373,45.58
9,50,2,94,0.731,0.75728,69.89
9,50,2,95,0.73037,0.7583,47.34
9,50,2,96,0.72917,0.75303,44.52
9,50,2,97,0.728,0.75324,45.16
9,50,2,98,0.7266,0.7475,102.84
9,50,2,99,0.72646,0.75034,68.37
9,50,2,100,0.72638,0.75111,74.15
9,50,2,101,0.7257,0.74853,57.17
9,50,2,102,0.72562,0.7468,44.5
9,50,2,103,0.72608,0.74324,71.56
9,50,2,104,0.72634,0.73211,62.59
9,50,2,105,0.72724,0.72441,84.0
9,50,2,106,0.72764,0.72631,79.07
9,50,2,107,0.7272,0.73237,55.17
9,50,2,108,0.72603,0.72874,62.65
9,50,2,109,0.7251,0.72107,57.53
9,50,2,110,0.72492,0.70868,63.53
9,50,2,111,0.72523,0.69598,43.18
9,50,2,112,0.7272,0.68356,41.62
9,50,2,113,0.72765,0.66838,55.2
9,50,2,114,0.72816,0.66177,100.14
9,50,2,115,0.72852,0.66226,87.14
9,50,2,116,0.73004,0.66772,53.13
9,50,2,117,0.73139,0.66648,82.63
9,50,2,118,0.7322,0.65559,56.81
9,50,2,119,0.73295,0.64962,48.96
9,50,2,120,0.73385,0.64993,53.54
9,50,2,121,0.73549,0.65359,49.17
9,50,2,122,0.73855,0.66731,46.02
9,50,2,123,0.74102,0.66613,52.37
9,50,2,124,0.74316,0.65266,51.28
9,50,2,125,0.74502,0.64618,70.62
9,50,2,126,0.75639,0.67781,50.19
9,50,2,127,0.75987,0.68841,68.26
9,50,2,128,0.76411,0.70053,80.89
9,50,2,129,0.76858,0.71323,95.82
9,50,2,130,0.77108,0.72608,76.9
9,50,2,131,0.77396,0.74166,45.29
9,50,2,132,0.77614,0.76488,44.95
9,50,2,133,0.77751,0.7924,64.04
9,50,2,134,0.77769,0.81382,98.22
9,50,2,135,0.77696,0.83123,94.46
9,50,2,136,0.77535,0.83844,82.23
9,50,2,137,0.7747,0.84018,75.67
9,50,2,138,0.77447,0.84191,53.45
9,50,2,139,0.77436,0.84902,41.77
9,50,2,140,0.77577,0.86247,55.8
9,50,3,0,0.78147,0.79597,107.31
9,50,3,1,0.78277,0.80543,54.95
9,50,3,2,0.78336,0.82041,44.44
9,50,3,3,0.78371,0.83661,52.82
9,50,3,4,0.78386,0.84712,101.92
9,50,3,5,0.78381,0.84717,76.56
9,50,3,6,0.78351,0.84017,54.88
9,50,3,7,0.78399,0.83705,42.79
9,50,3,8,0.78431,0.83235,52.88
9,50,3,9,0.78432,0.82833,37.9
9,50,3,10,0.78426,0.82562,39.86
9,50,3,11,0.78405,0.82393,48.39
9,50,3,12,0.78263,0.82432,40.11
9,50,3,13,0.78177,0.82263,89.56
9,50,3,14,0.78195,0.82398,83.15
9,50,3,15,0.783,0.82993,81.54
9,50,3,16,0.78404,0.84434,86.89
9,50,3,17,0.78438,0.87179,53.44
9,50,3,18,0.78452,0.90058,72.16
9,50,3,19,0.78614,0.92584,42.87
9,50,3,20,0.78729,0.93455,44.59
9,50,3,21,0.78791,0.93433,84.12
9,50,3,22,0.78807,0.93172,66.66
9,50,3,23,0.78789,0.92755,49.41
9,50,3,24,0.78655,0.92176,41.98
9,50,3,25,0.78519,0.91271,51.37
9,50,3,26,0.7841,0.89721,49.9
9,50,3,27,0.78319,0.87991,57.25
9,50,3,28,0.78276,0.87114,48.68
9,50,3,29,0.7826,0.8701,58.37
9,50,3,30,0.78251,0.86913,45.9
9,50,3,31,0.78245,0.8685,55.48
9,50,3,32,0.78285,0.87371,99.69
9,50,3,33,0.78207,0.87935,80.83
9,50,3,34,0.7818,0.88691,75.84
9,50,3,35,0.78181,0.89212,46.98
9,50,3,36,0.78167,0.89512,49.68
9,50,3,37,0.78149,0.89676,46.87
9,50,3,38,0.78146,0.89971,48.58
9,50,3,39,0.78147,0.90521,55.83
9,50,3,40,0.78263,0.91262,46.76
9,50,3,41,0.78397,0.92648,39.55
9,50,3,42,0.78612,0.94368,49.5
9,50,3,43,0.78726,0.94596,42.72
9,50,3,44,0.78555,0.93061,43.77
9,50,3,45,0.78254,0.91614,45.49
9,50,3,46,0.77874,0.90035,51.75
9,50,3,47,0.77616,0.8891,34.86
9,50,3,48,0.77344,0.88305,64.35
9,50,3,49,0.77143,0.86859,51.27
9,50,3,50,0.76913,0.85379,44.0
9,50,3,51,0.76969,0.84118,43.67
9,50,3,52,0.77093,0.83083,45.82
9,50,3,53,0.77211,0.82395,54.88
9,50,3,54,0.7737,0.81233,71.43
9,50,3,55,0.77642,0.80286,45.03
9,50,3,56,0.77893,0.79795,49.13
9,50,3,57,0.78048,0.78905,93.31
9,50,3,58,0.7833,0.78607,81.06
9,50,3,59,0.78712,0.79488,86.12
9,50,3,60,0.79202,0.80401,49.45
9,50,3,61,0.79765,0.81241,49.13
9,50,3,62,0.80248,0.81678,51.29
9,50,3,63,0.80684,0.82372,98.42
9,50,3,64,0.81076,0.83382,87.15
9,50,3,65,0.81593,0.85873,83.7
9,50,3,66,0.83347,0.95298,47.42
9,50,3,67,0.83552,0.96361,42.39
9,50,3,68,0.83673,0.95526,44.04
9,50,3,69,0.83751,0.95274,64.92
9,50,3,70,0.83771,0.94933,71.1
9,50,3,71,0.83794,0.94981,75.07
9,50,3,72,0.83823,0.95668,50.09
9,50,3,73,0.83711,0.96142,83.68
9,50,3,74,0.83598,0.96264,54.52
9,50,3,75,0.83029,0.98603,107.66
9,50,3,76,0.83036,0.98632,81.39
9,50,3,77,0.83094,0.98884,45.92
9,50,3,78,0.83342,0.98847,79.94
9,50,3,79,0.83205,0.97901,70.14
9,50,3,80,0.83106,0.95776,45.78
9,50,3,81,0.82881,0.93206,52.46
9,50,3,82,0.82755,0.91991,36.27
9,50,3,83,0.82703,0.92209,52.22
9,50,3,84,0.82605,0.90793,51.34
9,50,3,85,0.82475,0.88997,50.64
9,50,3,86,0.82369,0.87715,73.55
9,50,3,87,0.82222,0.86468,42.69
9,50,3,88,0.8202,0.84103,92.35
9,50,3,89,0.81706,0.80842,57.31
9,50,3,90,0.8132,0.76822,43.15
9,50,3,91,0.80975,0.74977,74.69
9,50,3,92,0.80527,0.73913,92.16
9,50,3,93,0.80077,0.73297,80.19
9,50,3,94,0.79591,0.73693,40.17
9,50,3,95,0.78996,0.74104,44.91
9,50,3,96,0.78718,0.74412,84.53
9,50,3,97,0.7851,0.74236,62.05
9,50,3,98,0.78351,0.74421,63.31
9,50,3,99,0.78273,0.7521,52.19
9,50,3,100,0.78227,0.75163,49.52
9,50,3,101,0.78281,0.74204,43.57
9,50,3,102,0.7834,0.72328,59.64
9,50,3,103,0.78381,0.70736,82.54
9,50,3,104,0.78423,0.69922,88.04
9,50,3,105,0.78342,0.6916,55.15
9,50,3,106,0.78297,0.68699,87.52
9,50,3,107,0.78296,0.67471,51.73
9,50,3,108,0.78392,0.66724,47.66
9,50,3,109,0.78413,0.66347,54.36
9,50,3,110,0.78403,0.66115,43.01
9,50,3,111,0.78267,0.66051,95.99
9,50,3,112,0.78046,0.6603,92.56
9,50,3,113,0.77878,0.6664,98.56
9,50,3,114,0.7769,0.67418,82.89
9,50,3,115,0.77582,0.68096,47.97
9,50,3,116,0.77474,0.68698,71.81
9,50,3,117,0.77439,0.68532,61.43
9,50,3,118,0.77427,0.67678,83.03
9,50,3,119,0.77453,0.67061,52.77
9,50,3,120,0.77387,0.66695,58.23
9,50,3,121,0.77366,0.66575,44.83
9,50,3,122,0.77395,0.66621,41.26
9,50,3,123,0.77517,0.66549,55.03
9,50,3,124,0.77496,0.65752,67.63
9,50,3,125,0.77512,0.64237,50.96
9,50,3,126,0.77535,0.63471,48.36
9,50,3,127,0.77485,0.63769,49.58
9,50,3,128,0.77429,0.64684,52.35
9,50,3,129,0.77476,0.6515,52.42
9,50,3,130,0.77637,0.6526,71.39
9,50,3,131,0.7771,0.6519,79.69
9,50,3,132,0.77773,0.65472,63.24
9,50,3,133,0.77677,0.66547,75.83
9,50,3,134,0.77511,0.68086,72.34
9,50,3,135,0.77203,0.69798,79.3
9,50,3,136,0.76993,0.709,73.0
9,50,3,137,0.76783,0.72002,94.29
9,50,3,138,0.76543,0.72718,61.04
9,50,3,139,0.7629,0.72617,46.1
9,50,3,140,0.76163,0.72149,40.63
9,50,3,141,0.76134,0.72075,38.05
9,50,3,142,0.76045,0.72308,54.76
9,50,3,143,0.75839,0.7352,55.99
9,50,3,144,0.75528,0.75155,40.21
9,50,3,145,0.75174,0.76066,67.93
9,50,3,146,0.74902,0.78131,45.07
9,50,3,147,0.74793,0.80708,42.65
9,50,3,148,0.74804,0.83397,45.32
9,50,3,149,0.7475,0.85894,44.81
9,50,3,150,0.74737,0.87433,53.31
9,50,3,151,0.76784,0.84044,72.35
9,50,3,152,0.76825,0.85028,48.41
9,50,3,153,0.76731,0.86478,59.85
9,50,3,154,0.76608,0.88728,107.94
9,50,3,155,0.7342,0.90126,46.02
9,50,3,156,0.73257,0.90513,79.62
9,50,3,157,0.7315,0.92392,70.3
9,50,3,158,0.73248,0.91107,41.25
9,50,3,159,0.73301,0.9019,55.09
9,50,3,160,0.73354,0.89795,62.06
9,50,3,161,0.73368,0.90893,48.11
9,50,3,162,0.73324,0.93265,57.34
9,50,3,163,0.67877,0.53798,56.12
9,50,3,164,0.68101,0.5475,56.12
9,50,3,165,0.68359,0.56179,89.93
9,50,3,166,0.68511,0.58426,76.42
9,50,3,167,0.68757,0.6129,50.18
9,50,3,168,0.69617,0.56354,32.89
9,50,3,169,0.70577,0.49742,50.69
9,50,3,170,0.71891,0.42559,44.89
9,50,3,171,0.79732,0.92564,71.55
9,50,3,172,0.79793,0.93138,101.93
9,50,3,173,0.79827,0.94174,84.87
9,50,3,174,0.80046,0.96238,39.89
9,50,3,175,0.7996,0.95607,64.87
9,50,3,176,0.79806,0.94203,100.22
9,50,3,177,0.79595,0.93072,55.03
9,50,3,178,0.79433,0.91209,39.98
9,50,3,179,0.79345,0.89928,69.05
9,50,3,180,0.79288,0.88711,69.26
9,50,3,181,0.79191,0.88608,47.05
9,50,3,182,0.79061,0.89335,43.59
9,50,3,183,0.79,0.897,50.42
9,50,3,184,0.78978,0.89206,39.02
9,50,3,185,0.78985,0.89024,97.12
9,50,3,186,0.7901,0.89292,51.38
9,50,3,187,0.79069,0.90448,63.19
9,50,3,188,0.79118,0.90509,57.33
9,50,3,189,0.79233,0.9008,42.44
9,50,3,190,0.79429,0.89099,37.96
9,50,3,191,0.79486,0.88851,85.47
9,50,3,192,0.79577,0.89036,53.37
9,50,3,193,0.79698,0.89671,59.78
9,50,3,194,0.79875,0.90333,61.33
9,50,3,195,0.80083,0.90935,112.7
9,50,3,196,0.8018,0.91116,70.86
9,50,3,197,0.80247,0.91233,65.29
9,50,3,198,0.80199,0.91485,46.41
9,50,3,199,0.80161,0.91377,48.3
9,50,3,200,0.80102,0.90876,47.67
9,50,3,201,0.80015,0.89586,39.92
9,50,3,202,0.80014,0.87308,52.99
9,50,3,203,0.80089,0.85816,40.42
9,50,3,204,0.80164,0.85134,63.7
9,50,3,205,0.8021,0.85533,94.73
9,50,3,206,0.80321,0.85816,66.04
9,50,3,207,0.8045,0.86311,126.99
9,50,3,208,0.80528,0.87106,92.15
9,50,3,209,0.80569,0.87753,86.75
9,50,3,210,0.80587,0.88079,81.57
9,50,3,211,0.80569,0.87991,54.62
9,50,3,212,0.80434,0.8749,65.22
9,50,3,213,0.8036,0.87132,59.24
9,50,3,214,0.80289,0.86579,94.96
9,50,3,215,0.8013,0.85991,61.59
9,50,3,216,0.79966,0.85082,46.71
9,50,3,217,0.79881,0.85082,68.55
9,50,3,218,0.7973,0.8579,86.55
9,50,3,219,0.79546,0.86758,49.12
9,50,3,220,0.79261,0.8798,66.59
9,50,3,221,0.7904,0.88722,44.59
9,50,3,222,0.78782,0.89463,82.94
9,50,3,223,0.78602,0.89882,83.62
9,50,3,224,0.7845,0.90428,61.6
9,50,3,225,0.7832,0.91106,39.24
9,50,3,226,0.78212,0.91701,71.53
9,50,3,227,0.7818,0.91862,37.41
9,50,3,228,0.7814,0.91665,44.45
9,50,3,229,0.78071,0.90912,52.4
9,50,3,230,0.77959,0.90621,62.44
9,50,3,231,0.77814,0.91378,49.04
9,50,3,232,0.77704,0.91931,59.21
9,50,3,233,0.77612,0.92261,65.92
9,50,3,234,0.7757,0.92293,56.46
9,50,3,235,0.77574,0.92347,65.85
9,50,3,236,0.7761,0.92596,50.05
9,50,3,237,0.7771,0.92941,51.97
9,50,3,238,0.77879,0.9275,71.73
9,50,3,239,0.78082,0.92616,80.46
9,50,3,240,0.78391,0.92263,55.1
9,50,3,241,0.78665,0.9232,49.45
9,50,3,242,0.79067,0.92589,121.72
9,50,3,243,0.79385,0.93169,131.07
9,50,3,244,0.8188,0.96654,67.38
9,50,3,245,0.82142,0.95951,90.82
9,50,3,246,0.82399,0.94654,61.26
9,50,3,247,0.82607,0.92793,54.84
9,50,3,248,0.82694,0.90964,51.58
9,50,3,249,0.82718,0.88772,41.92
9,50,3,250,0.82719,0.87147,51.35
9,50,3,251,0.82701,0.86015,36.33
9,50,3,252,0.82679,0.85544,51.01
9,50,3,253,0.82645,0.84834,46.18
9,50,3,254,0.8258,0.84542,42.15
9,50,3,255,0.82577,0.83688,89.35
9,50,3,256,0.82581,0.82842,80.46
9,50,3,257,0.8258,0.81963,63.98
9,50,3,258,0.82627,0.81227,51.8
9,50,3,259,0.82698,0.80796,66.25
9,50,3,260,0.8272,0.80775,54.77
9,50,3,261,0.82679,0.80873,73.54
9,50,3,262,0.82616,0.81185,57.24
9,50,3,263,0.82547,0.81702,43.75
9,50,3,264,0.82524,0.82347,48.53
9,50,3,265,0.82561,0.82466,53.87
9,50,3,266,0.82532,0.82319,43.6
9,50,3,267,0.82479,0.82022,49.59
9,50,3,268,0.8242,0.81887,51.21
9,50,3,269,0.82346,0.81921,42.16
9,50,4,0,0.81666,0.75705,48.52
9,50,4,1,0.81676,0.75322,64.95
9,50,4,2,0.81663,0.75499,53.06
9,50,4,3,0.81669,0.75715,66.98
9,50,4,4,0.81654,0.75803,38.28
9,50,4,5,0.81687,0.76124,48.55
9,50,4,6,0.81683,0.76708,44.26
9,50,4,7,0.81678,0.77131,48.48
9,50,4,8,0.81647,0.77474,53.08
9,50,4,9,0.81676,0.78007,52.26
9,50,4,10,0.8175,0.78594,53.22
9,50,4,11,0.81873,0.79013,49.5
9,50,4,12,0.81992,0.79222,49.88
9,50,4,13,0.8213,0.79386,59.17
9,50,4,14,0.8223,0.79279,44.29
9,50,4,15,0.82296,0.79163,53.15
9,50,4,16,0.82365,0.7905,51.73
9,50,4,17,0.82443,0.7867,42.53
9,50,4,18,0.82537,0.7809,47.04
9,50,4,19,0.82603,0.77759,79.71
9,50,4,20,0.82622,0.77504,109.21
9,50,4,21,0.82637,0.77265,91.09
9,50,4,22,0.82652,0.76973,49.42
9,50,4,23,0.82556,0.77191,51.27
9,50,4,24,0.82444,0.77597,44.35
9,50,4,25,0.82374,0.77949,47.45
9,50,4,26,0.82394,0.78034,48.57
9,50,4,27,0.82399,0.78378,48.27
9,50,4,28,0.82384,0.79308,40.54
9,50,4,29,0.82371,0.79872,50.79
9,50,4,30,0.82331,0.81239,66.7
9,50,4,31,0.82221,0.82772,56.5
9,50,4,32,0.82036,0.84803,38.42
9,50,4,33,0.81917,0.86067,47.52
9,50,4,34,0.81732,0.87188,72.75
9,50,4,35,0.81538,0.88032,60.5
9,50,4,36,0.81372,0.88622,51.82
9,50,4,37,0.81273,0.8859,51.4
9,50,4,38,0.81089,0.88715,88.76
9,50,4,39,0.80933,0.89797,41.53
9,50,4,40,0.80655,0.9139,49.65
9,50,4,41,0.80289,0.93577,46.37
9,50,4,42,0.79913,0.94575,45.93
9,50,4,43,0.79603,0.94701,40.43
9,50,4,44,0.79464,0.94466,46.41
9,50,4,45,0.79224,0.93706,38.76
9,50,4,46,0.78993,0.92926,44.66
9,50,4,47,0.78535,0.91477,43.34
9,50,4,48,0.78313,0.91446,93.66
9,50,4,49,0.78163,0.92054,49.98
9,50,4,50,0.77971,0.92643,53.67
9,50,4,51,0.77921,0.93269,48.88
9,50,4,52,0.77961,0.94011,76.54
9,50,4,53,0.77954,0.94382,66.18
9,50,4,54,0.78026,0.94488,54.57
9,50,4,55,0.78091,0.94421,43.59
9,50,4,56,0.78163,0.94151,51.52
9,50,4,57,0.78221,0.93403,75.11
9,50,4,58,0.78283,0.92306,62.94
9,50,4,59,0.7845,0.91183,42.02
9,50,4,60,0.78622,0.901,48.66
9,50,4,61,0.78856,0.89595,51.88
9,50,4,62,0.79066,0.88465,50.15
9,50,4,63,0.79266,0.86914,52.44
9,50,4,64,0.79408,0.85604,40.63
9,50,4,65,0.79481,0.84992,104.15
9,50,4,66,0.79687,0.84889,85.08
9,50,4,67,0.79834,0.84909,52.79
9,50,4,68,0.79909,0.84835,53.07
9,50,4,69,0.80066,0.84634,36.57
9,50,4,70,0.80153,0.84377,83.09
9,50,4,71,0.80175,0.83733,62.27
9,50,4,72,0.80253,0.82806,40.06
9,50,4,73,0.80248,0.82168,79.31
9,50,4,74,0.80168,0.81746,72.32
9,50,4,75,0.80127,0.8201,103.55
9,50,4,76,0.80221,0.82895,87.81
9,50,4,77,0.80316,0.83749,55.16
9,50,4,78,0.80302,0.84797,54.19
9,50,4,79,0.8026,0.85414,56.15
9,50,4,80,0.80143,0.85851,52.84
9,50,4,81,0.80002,0.85742,64.38
9,50,4,82,0.79817,0.84807,54.48
9,50,4,83,0.79727,0.84,62.93
9,50,4,84,0.79667,0.8372,49.71
9,50,4,85,0.79691,0.83712,39.72
9,50,4,86,0.79703,0.8359,40.57
9,50,4,87,0.79766,0.83599,69.2
9,50,4,88,0.79793,0.83517,64.55
9,50,4,89,0.7979,0.83448,48.54
9,50,4,90,0.79747,0.83314,65.26
9,50,4,91,0.79683,0.83096,44.84
9,50,4,92,0.79609,0.8277,88.49
9,50,4,93,0.79547,0.82673,83.36
9,50,4,94,0.79487,0.8241,56.44
9,50,4,95,0.79361,0.81906,46.42
9,50,4,96,0.79258,0.81573,51.96
9,50,4,97,0.79143,0.81087,60.47
9,50,4,98,0.7896,0.80633,52.88
9,50,4,99,0.78812,0.80695,47.03
9,50,4,100,0.78737,0.81058,48.56
9,50,4,101,0.78751,0.81409,42.37
9,50,4,102,0.78889,0.81701,52.44
9,50,4,103,0.79106,0.81976,69.06
9,50,4,104,0.79202,0.82323,48.91
9,50,4,105,0.79332,0.82768,53.17
9,50,4,106,0.7944,0.82728,59.05
9,50,4,107,0.79475,0.8274,52.06
9,50,4,108,0.79525,0.82784,37.81
9,50,4,109,0.79515,0.82583,90.15
9,50,5,0,0.80592,0.89667,58.12
9,50,5,1,0.80582,0.89735,62.27
9,50,5,2,0.80576,0.90073,49.99
9,50,5,3,0.80574,0.90559,51.58
9,50,5,4,0.80575,0.9073,50.92
9,50,5,5,0.80512,0.90679,55.5
9,50,5,6,0.8039,0.90655,49.72
9,50,5,7,0.80317,0.90693,51.78
9,50,5,8,0.80189,0.90715,57.83
9,50,5,9,0.80067,0.89744,57.52
9,50,5,10,0.79866,0.87976,46.66
9,50,5,11,0.79651,0.85686,56.68
9,50,5,12,0.79438,0.83101,56.84
9,50,5,13,0.79286,0.8175,99.89
9,50,5,14,0.79163,0.8102,56.04
9,50,5,15,0.79113,0.80928,42.98
9,50,5,16,0.7909,0.8179,69.4
9,50,5,17,0.79031,0.82019,57.84
9,50,5,18,0.79017,0.81959,59.88
9,50,5,19,0.79079,0.82379,116.42
9,50,5,20,0.7909,0.82245,85.59
9,50,5,21,0.79133,0.8243,42.39
9,50,5,22,0.79148,0.82328,66.68
9,50,5,23,0.79202,0.81995,46.24
9,50,5,24,0.7929,0.8142,50.37
9,50,5,25,0.7936,0.81594,55.98
9,50,5,26,0.79495,0.82163,42.49
9,50,5,27,0.79624,0.83094,58.39
9,50,5,28,0.79809,0.84514,63.69
9,50,5,29,0.80057,0.86546,49.77
9,50,5,30,0.8021,0.87294,42.15
9,50,5,31,0.8022,0.87592,47.62
9,50,5,32,0.80153,0.87824,73.21
9,50,5,33,0.80073,0.88132,41.92
9,50,5,34,0.80045,0.88836,56.29
9,50,5,35,0.801,0.89887,69.84
9,50,5,36,0.8014,0.89725,54.81
9,50,5,37,0.80179,0.89034,49.52
9,50,5,38,0.8022,0.88306,47.56
9,50,5,39,0.80255,0.87102,59.11
9,50,5,40,0.80251,0.85786,44.15
9,50,5,41,0.80258,0.83824,66.28
9,50,5,42,0.80281,0.82563,60.89
9,50,5,43,0.80307,0.81715,52.9
9,50,5,44,0.80312,0.8133,47.81
9,50,5,45,0.80253,0.81463,59.38
9,50,5,46,0.80223,0.82641,47.47
9,50,5,47,0.80169,0.84517,39.96
9,50,5,48,0.80157,0.86691,54.3
9,50,5,49,0.80049,0.87564,46.49
9,50,5,50,0.79928,0.87749,58.51
9,50,5,51,0.79769,0.87568,45.69
9,50,5,52,0.79666,0.87444,47.0
9,50,5,53,0.79609,0.87427,42.06
9,50,5,54,0.79612,0.87484,48.29
9,50,5,55,0.79657,0.8778,47.86
9,50,5,56,0.79693,0.88596,75.32
9,50,5,57,0.79713,0.9003,69.41
9,50,5,58,0.79751,0.91305,43.4
9,50,5,59,0.79777,0.92641,68.34
9,50,5,60,0.7989,0.9402,34.03
9,50,5,61,0.80047,0.94288,92.24
9,50,5,62,0.80172,0.94073,62.17
9,50,5,63,0.80309,0.94048,42.64
9,50,5,64,0.80429,0.94289,50.84
9,50,5,65,0.80557,0.94613,50.41
9,50,5,66,0.80729,0.95014,50.2
9,50,5,67,0.80827,0.96083,77.93
9,50,5,68,0.80922,0.96507,48.59
9,50,5,69,0.80891,0.96209,39.2
9,50,5,70,0.80822,0.95779,47.1
9,50,5,71,0.80809,0.9538,51.03
9,50,5,72,0.80699,0.94687,51.07
9,50,5,73,0.80561,0.9432,41.64
9,50,5,74,0.80579,0.94713,52.94
9,50,5,75,0.80583,0.95872,74.01
9,50,5,76,0.80377,0.97618,50.22
9,50,5,77,0.80386,0.98086,43.01
9,50,5,78,0.80471,0.98823,68.39
9,50,5,79,0.80446,0.99013,82.62
9,50,5,80,0.80929,0.98696,45.17
9,50,5,81,0.81034,0.98333,61.03
9,50,5,82,0.8113,0.97893,44.49
9,50,5,83,0.81243,0.9768,94.71
9,50,5,84,0.81286,0.97436,74.68
9,50,5,85,0.81379,0.96958,46.26
9,50,5,86,0.81475,0.96382,47.69
9,50,5,87,0.81579,0.95985,38.2
9,50,5,88,0.81589,0.96093,64.51
9,50,5,89,0.81536,0.95553,68.08
9,50,5,90,0.81525,0.95032,97.58
9,50,5,91,0.81503,0.94631,57.14
9,50,5,92,0.81475,0.94828,95.64
9,50,5,93,0.81476,0.95572,56.43
9,50,5,94,0.81508,0.96764,58.04
9,50,5,95,0.81974,0.96959,38.77
9,50,5,96,0.82077,0.96193,38.97
9,50,5,97,0.82158,0.95643,68.3
9,50,5,98,0.82272,0.95679,54.4
9,50,5,99,0.82323,0.96189,84.05
9,50,5,100,0.82312,0.96878,54.22
9,50,5,101,0.81632,0.98956,89.62
9,50,5,102,0.80278,0.98229,70.84
9,50,5,103,0.80044,0.9723,68.0
9,50,5,104,0.79755,0.95584,53.52
9,50,5,105,0.7944,0.93449,66.66
9,50,5,106,0.79254,0.91721,89.12
9,50,5,107,0.79156,0.89982,57.35
9,50,5,108,0.79123,0.8752,50.76
9,50,5,109,0.79126,0.8602,48.33
9,50,5,110,0.79171,0.84664,45.83
9,50,5,111,0.79222,0.83709,48.64
9,50,5,112,0.7931,0.83105,42.57
9,50,5,113,0.7942,0.83083,48.34
9,50,5,114,0.79519,0.83099,49.6
9,50,5,115,0.79698,0.82968,46.99
9,50,5,116,0.79797,0.82958,86.51
9,50,5,117,0.79969,0.83279,65.38
9,50,5,118,0.8011,0.83501,85.78
9,50,5,119,0.80276,0.83866,71.29
9,50,5,120,0.80434,0.8443,45.71
9,50,5,121,0.80639,0.84879,56.75
9,50,5,122,0.80855,0.85588,51.84
9,50,5,123,0.81039,0.86446,58.99
9,50,5,124,0.81166,0.87508,43.01
9,50,5,125,0.81242,0.88168,65.86
9,50,5,126,0.81331,0.88696,77.87
9,50,5,127,0.81435,0.89071,72.5
9,50,5,128,0.81631,0.89002,55.19
9,50,5,129,0.81741,0.88497,42.27
9,50,5,130,0.81703,0.88085,96.14
9,50,5,131,0.81695,0.8789,75.9
9,50,5,132,0.81714,0.88051,89.66
9,50,5,133,0.81741,0.88315,81.7
9,50,5,134,0.81798,0.89091,80.9
9,50,5,135,0.81792,0.89815,54.71
9,50,5,136,0.81729,0.90252,53.18
9,50,5,137,0.81645,0.91127,68.05
9,50,5,138,0.81625,0.92138,54.35
9,50,5,139,0.81634,0.92662,86.56
9,50,5,140,0.81654,0.93036,51.76
9,50,5,141,0.81698,0.9353,83.68
9,50,5,142,0.81682,0.9352,82.5
9,50,5,143,0.81596,0.93052,45.54
9,50,5,144,0.81504,0.92378,59.86
9,50,5,145,0.81329,0.9165,39.33
9,50,5,146,0.81209,0.91638,49.47
